,amount,categoryName,currCost,productName,salePrice,serialNum,unit
3,41.00,食用油,150.00,鲁花5S压榨一级花生油5L,159.90,6916168616554,桶
4,1.00,食用油,72.00,鲁花特级初榨橄榄油750ml,96.00,6916168617322,瓶
5,"1,001.00",食用油,98.00,鲁花低芥酸菜籽油5L,108.90,6938749816122,桶
6,9.00,食用油,65.00,鲁花高油酸花生油750ml,75.00,6971114920017,瓶
7,"3,041.00",调料,10.00,鲁花芝麻香油180ML,13.90,6934230050129,瓶
8,789.00,调料,7.20,鲁花料酒500ml,8.50,6931299062605,瓶
9,"2,841.00",调料,11.50,自然鲜酱香酱油500ml,14.90,6931299062681,瓶
11,141.00,调料,11.50,自然鲜红烧酱油500ml,13.80,6958104100321,瓶
13,341.00,调料,11.00,鲁花炒菜香酱油500ml,12.50,6958104100796,瓶
15,"2,012.00",调料,11.00,鲁花生鲜蚝油518ml,14.90,6958104101021,瓶
17,6.00,调料,12.00,鲁花黑豆味极鲜500ml,16.80,6958104101861,瓶
21,110.00,调料,6.00,鲁花9度白醋500ml,7.50,6934126261899,瓶
22,237.00,调料,11.00,鲁花黑糯米醋500ml,16.90,6934126262346,瓶
23,649.00,调料,7.00,鲁花糯米香醋500ml,9.80,6934126262933,瓶
24,"2,058.00",调料,25.00,鲁花小磨香油260ml,32.90,6971114920178,瓶
25,1.00,副食,39.00,鲁花麦芯小麦粉5kg,49.90,6973141120088,袋
35,69.00,大米,62.00,鲁花生态粳米5kg,79.90,6971938360006,袋
36,24.00,大米,65.00,鲁花长粒香米5kg,79.90,6971938360044,袋
37,7.00,大米,112.00,鲁花五常大米5kg,139.90,6971938360075,袋
38,4.00,大米,62.00,鲁花松嫩源香大米,73.90,6971938360150,袋
388,685.00,面粉,31.00,小康之家5kg,37.00,6932816000599,袋
390,693.00,面粉,52.00,老牛麦芯粉10kg,64.00,6932816000742,袋
616,22.00,零食,26.52,获爱怡混装华夫饼干400g,32.80,4002652000717,包
617,35.00,零食,26.52,诺帕丽汉斯星期五曲奇饼干400g,32.80,4002652000748,包
626,5.00,零食,8.80,茱蒂丝花生三明治135g,11.50,9556121001859,袋
630,11.00,零食,34.00,圣贵兰经典黑咖啡100g,48.00,8002650002177,袋
632,3.00,零食,11.00,芬特乐橙汁1L,16.50,5290074002221,瓶
633,6.00,零食,55.00,克特多片装黑巧克力240g,78.00,7622200002290,盒
640,23.00,零食,9.50,茱蒂丝巧克力蛋卷100g,12.00,9556121003884,袋
642,10.00,零食,9.50,茱蒂丝草莓蛋卷100g,12.00,9556121003976,袋
643,20.00,零食,40.00,泽合原味白咖啡600g,54.00,9556854006008,袋
644,4.00,零食,40.00,泽合香浓白咖啡600g,54.00,9556854006039,袋
645,28.00,零食,22.00,克特多70%可可黑巧克力100g,30.80,7622400006753,盒
646,12.00,零食,10.00,aji-酵母咸盐苏打饼简易装472.5g,13.50,4713507008337,盒
647,5.00,零食,10.00,aji-五谷纤麦苏打饼简易装472.5g,13.50,4713507008344,盒
650,11.00,零食,12.80,可意奇原味苏打饼干250g,19.80,8008620009320,盒
651,8.00,零食,12.80,可意奇全麦苏打饼干250g,19.80,8008620009337,袋
653,9.00,零食,39.50,茱蒂丝什锦饼干650g,52.00,9556121009688,袋
655,113.00,零食,13.50,瑞士三角白巧克力100g,17.50,7614500010310,盒
658,37.00,零食,13.50,瑞士三角黑巧克力100g,17.50,7614500010617,盒
660,24.00,零食,11.00,酵母手撕面包原味338g,14.60,4894375010995,袋
661,27.00,零食,11.00,酵母手撕面包蛋奶味338g,14.60,4894375011008,袋
664,9.00,零食,8.30,果子町-苏打饼干芝麻味360g,10.50,4713507011528,包
665,7.00,零食,8.30,果子町-苏打饼干奶盐味360g,10.50,4713507011535,包
669,16.00,零食,21.00,巧美榛仁巧克力酱250g,33.60,5410291012753,袋
670,31.00,零食,21.00,巧美黑巧克力酱250g,33.60,5410291012760,袋
672,8.00,零食,23.00,克特多真味纯可可黑巧克力100g,32.20,7622400013935,盒
675,9.00,零食,8.30,果子町-苏打饼干香葱味360g,10.50,4713507019128,包
676,9.00,零食,8.30,果子町-苏打饼干黑芝麻味360g,10.50,4713507019135,包
681,1.00,零食,14.50,瑞特滋牛奶巧克力100g,22.00,4000417021007,盒
682,8.00,零食,14.50,瑞特滋葡萄干榛子巧克力100g,22.00,4000417022004,盒
683,5.00,零食,14.50,茱蒂丝柠檬夹心饼170g,18.00,9556121022496,袋
684,12.00,零食,13.50,aji榴莲流心酥220g,18.80,4894375022530,袋
685,12.00,零食,13.50,aji蛋黄流心酥220g,18.80,4894375022547,袋
686,11.00,零食,10.00,燕麦苏打饼干,13.50,4713507023538,袋
688,20.00,零食,8.80,茱蒂丝起士三明治135g,11.50,9556121024025,袋
691,4.00,零食,33.00,茱蒂丝奶油苏打饼500g,43.50,9556121027149,袋
692,4.00,零食,39.00,茱蒂丝三明治花生酱饼干540g,52.00,9556121027156,袋
693,6.00,零食,39.00,茱蒂丝三明治乳酪饼干504g,52.00,9556121027163,袋
694,24.00,零食,6.24,张君雅鸡汁拉面110g,8.80,4710199037010,袋
695,19.00,零食,12.00,谷优燕麦饼干玉米265g,16.00,8410376039375,袋
700,5.00,零食,15.50,谷优谷物饼干酸奶夹心220g,21.00,8410376044775,袋
704,17.00,零食,13.00,谷优无糖曲奇150g,17.50,8410376052893,袋
707,3.00,零食,25.20,阿华田芝麻豆浆粉403g,34.00,7612100063835,袋
708,8.00,零食,13.00,可意奇全麦松脆饼原味250g,18.00,8008620080244,盒
710,17.00,零食,6.24,张君雅五香海苔丸子80g,8.80,4710199080566,袋
711,22.00,零食,6.24,张君雅酱烧虾拉面饼65g,8.80,4710199080597,袋
712,20.00,零食,6.24,张君雅鸡汁点心面100g,8.80,4710199085509,袋
713,6.00,零食,6.24,张君雅日式串烧丸子95g,8.80,4710199085707,袋
714,24.00,零食,6.24,张君雅巧克力甜甜圈45g,8.80,4710199086506,袋
715,17.00,零食,6.24,张君雅辣鸡点心面78g,8.80,4710199087701,袋
716,2.00,零食,9.50,EGO灌心饼干巧克力180g,13.00,029173092957,袋
717,2.00,零食,9.50,EGO灌心饼干草莓180g,13.00,029173092964,袋
719,9.00,零食,9.50,EGO益果智力动物饼干100g,13.00,029173093145,盒
720,3.00,零食,8.00,EGO小鱼图形饼干奶酪140g,11.50,029173093329,盒
721,2.00,零食,8.00,EGO小鱼图形饼干烧鸡140g,11.50,029173093336,盒
722,2.00,零食,8.00,EGO小鱼图形饼干海苔140g,11.50,029173093343,盒
723,6.00,零食,9.50,EGO灌心饼干哈密瓜180g,13.00,029173094241,袋
727,21.00,零食,40.00,G7袋装咖啡800g,51.00,8935024149669,袋
730,9.00,零食,6.00,番薯青年地瓜干100g,7.80,6954003200612,袋
733,18.00,零食,12.50,番薯青年倒蒸地瓜干280g,17.20,6954003201107,袋
734,1.00,零食,4.50,番薯青年水晶红薯仔150g,6.50,6954003201299,
735,21.00,零食,4.50,番薯青年水晶紫薯仔150g,6.50,6954003201305,袋
736,19.00,零食,8.00,番薯青年倒蒸地瓜干150g,11.60,6954003201312,袋
737,32.00,零食,26.00,克特多黑巧克力150g,36.50,5410081201848,盒
738,3.00,零食,55.00,克特多片装牛奶巧克力240g,78.00,5410081206201,盒
740,2.00,零食,11.00,菲思图原味薯片160g,17.80,9556023220921,盒
741,1.00,零食,11.00,菲思图酸奶洋葱味薯片160g,17.80,9556023220938,盒
742,15.00,零食,11.00,菲思图烧烤味薯片160g,17.80,9556023220945,盒
743,8.00,零食,11.00,菲思图乳酪味薯片160g,17.80,9556023220952,盒
744,19.00,零食,11.00,菲思图香辣味薯片160g,17.80,9556023220969,盒
745,2.00,零食,11.00,菲思图番茄味薯片160g,17.80,9556023220976,盒
753,5.00,零食,18.00,金语鳕鱼肠原味300g,24.00,9588552322296,盒
754,8.00,零食,18.00,金语鳕鱼肠芝士300g,24.00,9588552322302,盒
755,12.00,零食,18.00,金语虾肉鱼肠300g,24.00,9588552322494,盒
756,12.00,零食,11.00,维趣多糖花饼干225g,17.80,8032755323723,袋
757,11.00,零食,11.00,维趣多全麦饼干225g,17.80,8032755323730,袋
758,6.00,零食,13.00,维趣多燕麦饼干225g,20.80,8032755323761,袋
759,1.00,零食,13.00,维趣多葡萄干燕麦饼干225g,20.80,8032755323778,袋
766,33.00,零食,10.92,ZEK-玉米鳕鱼肠105g,14.90,8809420330641,袋
768,10.00,零食,39.00,ZEK蜂蜜柚子茶1kg,51.00,8809420330696,瓶
769,16.00,零食,27.00,ZEK蜂蜜柚子茶580g,35.00,8809420330740,瓶
770,36.00,零食,10.00,香蕉片原味100g,14.00,4806531360028,袋
774,58.00,零食,10.92,ZEK芝士鳕鱼肠105g袋装,14.90,8804007413540,袋
776,-1.00,零食,9.50,令和北海道海盐小圆饼138g,13.50,4713233433298,袋
778,9.00,零食,5.20,御之味特浓牛乳大饼,7.50,4712832449037,盒
779,11.00,零食,7.00,牛奶棒棒饼干170g,9.30,4712832449983,盒
781,14.00,零食,7.80,杰克威化饼干巧克力100g,11.50,9556023453480,袋
786,16.00,零食,26.50,阿华田速溶豆浆粉420g,34.00,7612100500033,袋
792,7.00,零食,18.72,福多香兰味蛋糕432kg,25.00,9556023552138,包
794,11.00,零食,7.80,杰克牛奶威化饼干100g,11.50,9556023564599,
795,6.00,零食,17.00,阿孔特威化饼干202g,23.00,4600648566720,袋
796,17.00,零食,8.50,御之味起士饼干300g,12.00,4716076571455,袋
797,14.00,零食,8.50,御之味栗蓉饼干300g,12.00,4716076571462,袋
798,5.00,零食,8.50,御之味乳酸菌饼干300g,12.00,4716076571479,袋
799,8.00,零食,10.50,御之味燕麦饼干水果300g,15.00,4716076571486,盒
800,11.00,零食,10.50,御之味燕麦饼坚果300g,15.00,4716076571493,盒
801,12.00,零食,10.50,御之味燕麦饼干抹茶300g,15.00,4716076571509,盒
802,2.00,零食,8.00,日式小圆饼南乳味150g,11.50,4716076571691,袋
804,3.00,零食,8.00,御之味日式黑糖饼干150g,11.50,4716076571714,袋
805,2.00,零食,8.00,御之味海盐饼干粗粮206g,11.50,4716076571738,袋
806,6.00,零食,8.00,御之味海盐饼干黄油206g,11.50,4716076571745,袋
808,11.00,零食,8.00,御之味海盐饼干香葱206g,11.50,4716076571769,袋
813,23.00,零食,10.50,百果山蓝莓李果200g,14.50,4718287594209,袋
814,10.00,零食,10.50,百果山黑糖杨梅200g,14.50,4718287594247,袋
816,6.00,零食,10.50,百果山话梅皇120g,14.50,4718287594308,袋
817,12.00,零食,10.50,百果山盐津陈皮160g,14.50,4718287594520,袋
819,12.00,零食,12.00,百果山芒果干120g,16.50,4718287594568,袋
821,48.00,零食,10.50,百朵怡意面2号直面500g,13.70,8006222600013,袋
822,41.00,零食,10.50,百朵怡意面3号直面500g,13.70,8006222600037,袋
827,26.00,零食,12.50,珍维滋可可奥咸牛轧420g,17.00,4897044643081,袋
828,7.00,零食,14.00,多良见铜锣烧红豆240g,19.50,4897044644293,盒
829,10.00,零食,11.40,多良见蛋之果400g,16.00,4897044644392,袋
830,18.00,零食,11.40,多良见水泡饼400g,16.00,4897044644613,袋
831,2.00,零食,14.00,多良见铜锣烧香芋240g,19.50,4897044644705,盒
838,17.00,零食,15.50,瑞特滋扁桃仁牛奶巧克力100g,22.00,4000417703002,盒
839,9.00,零食,7.80,杰克威化饼干花生100g,11.50,9556023788735,袋
843,2.00,零食,12.30,芭提娅草莓果酱180g,15.60,8854761800339,瓶
849,7.00,零食,5.80,今治轻烘焙速溶咖啡粉杯装22g,7.90,6959629805395,杯
852,4.00,零食,16.00,今治轻烘焙速溶咖啡粉36g,22.66,6959629805463,盒
854,3.00,零食,16.00,今治深烘焙速溶咖啡粉36g,22.66,6959629805487,盒
855,10.00,零食,16.00,今治轻烘焙咖啡粉三合一120g,22.60,6959629805524,袋
856,17.00,零食,16.00,今治中烘焙咖啡粉三合一120g,22.60,6959629805531,袋
857,11.00,零食,16.00,今治深烘焙咖啡粉三合一120g,22.60,6959629805548,袋
860,4.00,零食,8.00,贤惠娘子葡萄梅子陈皮味60g,12.00,4712883834264,袋
873,75.00,零食,14.00,贤惠娘子虎皮凤爪160g麻辣,18.60,4712883837876,袋
882,9.00,零食,24.00,手撕牛肉干XO酱100g,34.50,4712883839818,袋
883,11.00,零食,24.00,手撕牛肉干五香100g,34.50,4712883839825,袋
884,14.00,零食,24.00,手撕牛肉干沙爹100g,34.50,4712883839832,袋
885,2.00,零食,24.00,手撕牛肉干香辣100g,34.50,4712883839849,袋
889,3.00,零食,18.72,福多提拉米苏蛋糕432g,25.00,9556023875985,盒
890,7.00,零食,22.00,柠檬嘉应子380g,32.00,4897025880689,盒
891,3.00,零食,22.00,港式陈皮梅380g,32.00,4897025880696,盒
892,29.00,零食,32.00,牛肉粒香辣200g,44.00,4897025882539,盒
893,18.00,零食,32.00,牛肉粒原味200g,44.00,4897025882546,盒
895,25.00,零食,32.00,牛肉粒沙爹200g,44.00,4897025882591,盒
899,2.00,零食,22.00,古法柠檬梅380g,32.00,4897025883499,盒
905,20.00,零食,13.50,萱萱麻辣牛肉95g,18.90,4897025889453,袋
906,14.00,零食,13.50,萱萱烧烤牛肉95g,18.90,4897025889460,袋
911,69.00,零食,17.00,瑞特滋尼加拉瓜浓醇黑巧克力100g,27.00,4000417932006,盒
912,55.00,零食,17.00,瑞特滋加纳浓醇黑巧克力100g,27.00,4000417938008,盒
913,10.00,零食,16.80,胶圆堂黑芝麻丸126g,23.60,6974459960076,盒
915,39.00,零食,9.50,胶圆堂阿胶黑芝麻丸108g,13.90,6974459960120,袋
916,1.00,零食,9.50,胶圆堂黑芝麻丸108g,13.90,6974459960137,盒
919,1.00,饮料,13.80,芭提娅柑橘果汁1L,19.50,8854761000111,盒
920,48.00,饮料,6.00,含气圣培露,8.30,8002270000225,瓶
921,12.00,饮料,59.00,意式浓缩咖啡粉250g,89.00,8002650000296,袋
923,24.00,饮料,75.00,特醇香浓型咖啡豆500g,119.00,8002650000807,袋
924,11.00,饮料,43.00,特醇香浓咖啡粉250g,65.00,8002650000906,袋
926,11.00,饮料,11.00,芬特乐苹果汁1L,16.50,5290074002245,瓶
927,3.00,饮料,11.00,芬特乐葡萄汁1L,16.50,5290074002450,瓶
932,8.00,饮料,55.00,金罐咖啡粉250g,79.00,8002650008087,袋
933,36.00,饮料,6.50,法国天然矿泉水330ml,8.80,3179730010041,瓶
934,131.00,饮料,13.80,芭提娅红葡萄果汁1L,19.50,8854761010110,盒
935,128.00,饮料,6.50,法国矿泉水青柠330ml,8.80,3179730010560,瓶
936,-4.00,饮料,6.50,法国矿泉水柠檬330ml,8.80,3179730010591,瓶
939,54.00,饮料,6.00,意大利普娜矿泉水250ml,8.30,8002270018459,瓶
941,62.00,饮料,5.20,依云天然矿泉水,6.90,3068320055008,瓶
942,45.00,饮料,13.80,芭提娅柚子汁1L,19.50,8854761060115,盒
943,52.00,饮料,13.80,芭提娅桃芒果汁1L,19.50,8854761070114,盒
945,-24.00,饮料,5.20,依云天然矿泉水500ml,6.90,3068320099651,瓶
947,24.00,饮料,10.00,G7美式萃取黑咖啡30g,14.00,8935024140147,袋
948,20.00,饮料,10.00,G7三合一咖啡160g,14.00,8935024141342,袋
949,22.00,饮料,10.00,G7榛子咖啡108g,14.00,8935024141847,袋
950,1.00,饮料,10.00,G7摩卡咖啡108g,14.00,8935024141854,袋
951,104.00,饮料,13.80,芭提娅荔枝1L,19.50,8854761150113,盒
952,141.00,饮料,13.80,芭提娅芒果1L,19.50,8854761170111,盒
958,26.00,饮料,4.30,屈臣氏苏打水330ml,4.80,6920180209601,瓶
959,15.00,饮料,15.00,果满乐椰子水1L,24.00,8850161230264,瓶
960,85.00,饮料,13.80,芭提娅橙汁1L,19.50,8854761240111,盒
964,6.00,饮料,33.00,都乐芒果复合果汁496ml,45.00,8809069306489,盒
966,94.00,饮料,13.80,芭提娅蓝莓汁1L,19.50,8854761330119,盒
967,1.00,饮料,18.00,虎标苦荞茶196g,25.00,4897031350008,袋
968,13.00,饮料,36.00,虎标黑苦荞茶196g,50.00,4897031350015,袋
969,2.00,饮料,13.80,芭提娅石榴汁1L,19.50,8854761350117,盒
972,40.00,饮料,4.30,泰国含汽泰象325ml,5.80,8851994612012,瓶
977,12.00,饮料,39.00,ZEK蜂蜜百香果柚子茶1kg,52.00,8807920893475,瓶
979,27.00,饮料,17.00,瑞特滋秘鲁浓醇黑巧克力100g,27.00,4000417933003,盒
980,1.00,饮料,33.00,都乐桃子果汁496ml,45.00,8809654955146,盒
988,16.00,副食,19.00,威拿速溶麦片500g,28.00,8934683007235,袋
1000,11.00,副食,44.00,卡乐比水果麦片500g,58.00,4901330742386,袋
1001,12.00,副食,44.00,卡乐比低糖麦片450g,58.00,4901330743826,袋
1010,336.00,副食,25.50,浣春风关庙拉面1200g,33.00,4712968860089,袋
1011,348.00,副食,25.50,浣春风关庙宽面1200g,33.00,4712968860096,袋
1012,230.00,副食,25.50,浣春风刀削面900g,33.00,4712968860102,袋
1015,3.00,乳制品,41.00,甘蒂牧场部分脱脂牛奶提装,53.00,4100290002756,提
1016,10.00,乳制品,13.00,安佳全脂牛奶1L,16.00,9415262003972,盒
1018,15.00,乳制品,10.70,甘蒂牧场脱脂牛奶1L,13.60,4100290007072,盒
1019,66.00,乳制品,10.70,甘蒂牧场部分脱脂牛奶1L,13.60,4100290007089,盒
1020,18.00,乳制品,12.00,甘蒂牧场全脂牛奶1L,15.60,4100290007096,盒
1023,42.00,乳制品,5.00,甘蒂牧场巧克力牛奶200ml,6.90,5711953044366,盒
1024,6.00,乳制品,5.00,甘蒂牧场草莓牛奶200ml,6.90,5711953044380,盒
1027,17.00,乳制品,78.00,美力源全脂羊奶粉400g,109.00,6955801112596,袋
1028,1.00,乳制品,20.00,澳牧儿童牛奶200ml*3,27.00,9315090201062,盒
1029,2.00,乳制品,105.00,澳牧儿童牛奶200ml*15,135.00,9315090201109,盒
1030,7.00,乳制品,95.00,澳牧儿童牛奶200ml*12,126.00,9315090201758,盒
1031,5.00,乳制品,95.00,澳牧全脂纯奶250ml*10,126.00,9315090210507,盒
1032,1.00,乳制品,12.00,德亚全脂牛奶1L,15.60,4260290260010,盒
1033,12.00,乳制品,12.00,德亚低脂牛奶1L,15.60,4260290260027,盒
1034,9.00,乳制品,12.00,德亚脱脂牛奶1L,15.60,4260290260034,盒
1035,8.00,乳制品,48.00,德亚全脂牛奶提装,60.00,4260290260041,提
1036,9.00,乳制品,48.00,德亚低脂牛奶200ml*12,60.00,4260290262267,提
1037,16.00,乳制品,55.00,德亚酸奶200ml*10,71.00,4260290262274,提
1038,5.00,乳制品,48.00,德亚脱脂牛奶提装,60.00,4260290263042,提
1045,8.00,乳制品,55.00,德亚有机低脂奶提装,69.00,4260290264636,提
1046,6.00,乳制品,56.50,德亚有机全脂高钙奶提装,79.00,4260290265190,提
1047,5.00,乳制品,56.50,德亚有机脱脂高钙奶提装,79.00,4260290265206,提
1052,27.00,乳制品,10.50,德运脱脂牛奶1l,13.60,9300639400013,盒
1057,19.00,乳制品,65.00,德运调制乳粉1kg,86.00,9300639602967,袋
1058,6.00,乳制品,95.00,澳牧风味酸奶200ml*10,126.00,4100910903203,盒
1059,24.00,乳制品,65.00,德运脱脂乳粉1kg,86.00,9300639999005,袋
1072,16.00,腊肉类,49.00,贾永信酱香鸡600g,61.00,6916323180104,袋
1073,16.00,腊肉类,53.50,贾永信辣子鸡700g,64.00,6916323180111,袋
1074,13.00,腊肉类,53.50,贾永信孜然鸡700g,64.00,6916323180128,袋
1075,16.00,腊肉类,11.50,五仁油茶400g,15.00,6916323200222,袋
1076,7.00,腊肉类,36.00,贾永信五连包泡馍825g,48.00,6916323200413,袋
1077,7.00,腊肉类,47.00,五香烧鸡600g,57.00,6916323200611,袋
1078,18.00,腊肉类,47.00,葫芦鸡600g,57.00,6916323200628,袋
1079,44.00,腊肉类,42.00,腱子肉（腊牛肉）200g,52.00,6916323200635,袋
1080,67.00,腊肉类,42.00,腱子肉（酱牛肉）200g,52.00,6916323200659,袋
1081,1.00,腊肉类,76.00,腊牛肉400g,93.00,6916323935018,盒
1082,6.00,腊肉类,94.00,腊羊肉400g,118.00,6916323935025,盒
1083,42.00,腊肉类,38.50,腊牛肉200g,47.00,6916323936039,袋
1084,22.00,腊肉类,45.00,腊羊肉200g,56.00,6916323937043,袋
1085,26.00,腊肉类,75.00,十香酱牛肉400g,93.00,6916323942313,盒
1086,8.00,腊肉类,38.50,十香酱牛肉200g,47.00,6916323943525,袋
1089,20.00,腊肉类,11.50,牛骨髓油茶,15.00,6916323963226,袋
1488,13.00,蛋糕,11.00,泡芙,14.00,1008862021070005,盒
1490,18.00,蛋糕,13.00,肉松手撕300g,16.50,1008862021070008,袋
1492,7.00,蛋糕,9.80,司康饼干100g,14.00,1008862021070012,盒
1495,9.00,蛋糕,12.50,厚切三明治160g,16.80,1008862021070018,盒
1501,18.00,蛋糕,13.50,全麦吐司350g,16.00,1008861919350056,袋
1504,5.00,蛋糕,15.00,蔓越莓饼干150g,18.00,1008861919350087,袋
1517,3.00,蛋糕,15.00,花生酥,17.80,1008861919350261,盒
1519,19.00,蛋糕,15.00,超绵白吐司无蛋350g,17.80,1008861919350322,袋
1522,8.00,蛋糕,16.90,南国椰蓉450g,19.90,1008861919350360,袋
1523,3.00,蛋糕,15.00,原味曲奇120g,17.80,1008861919350377,袋
1524,1.00,蛋糕,15.00,黑钻110g,17.80,1008861919350384,袋
1528,16.00,蛋糕,10.00,金枪鱼三明治110g,12.00,1008861919350438,袋
1529,8.00,蛋糕,12.50,白汉堡200g,14.90,1008861919350452,袋
1530,16.00,蛋糕,10.00,法式熏鸡三明治110g,12.00,1008861919350469,袋
1533,5.00,蛋糕,13.50,日式冷切饼干120g,16.30,1008861919350613,袋
1534,7.00,蛋糕,12.00,寿司卷150g,14.70,1008861919350614,袋
1536,15.00,蛋糕,12.00,肉松小贝140g,14.70,1008861919350616,袋
1560,10.00,蛋糕,20.50,黑森林180g,26.00,1008861919351329,袋
1562,8.00,蛋糕,25.00,榴莲千层200g,32.00,1008861919351350,袋
1569,11.00,蛋糕,12.00,椰香芒果卷200g,18.00,1008861919352081,盒
1570,9.00,蛋糕,13.80,美式燕麦核桃90g,18.00,1008861919352104,袋
1571,16.00,蛋糕,12.50,牛奶喜多块200g,16.00,1008861919352135,袋
1572,24.00,蛋糕,11.50,南瓜牛角180g,14.50,1008861919352159,袋
1577,7.00,蛋糕,11.60,奶香片120g,13.80,1008861919353057,袋
1578,14.00,蛋糕,16.50,日式低糖红豆土司450g,19.90,1008861919353064,袋
1583,9.00,蛋糕,19.50,提拉米苏230g,24.00,1008861919353231,袋
1584,4.00,蛋糕,13.90,草莓盛宴190g,16.80,1008861919353248,袋
1589,12.00,蛋糕,8.00,肉松沙拉90g,9.80,1008861919353323,袋
1591,3.00,蛋糕,14.00,椰子球110g,16.80,1008861919353347,袋
1593,13.00,蛋糕,14.00,早安日光220g,16.80,1008861919353361,袋
1633,13.00,蛋糕,12.50,阳光提子餐包5个装,16.50,1008861919370120,袋
1644,2.00,蛋糕,12.30,黄油布利330g,16.00,6924877502488,盒
1651,3.00,蛋糕,7.50,醇臻全麦面包400g,9.50,6924877506202,盒
1736,32.00,鸡蛋,22.80,20枚B2盒装白壳鸡蛋,27.00,6933276212058,盒
1737,-3.00,鸡蛋,21.00,20枚B2盒装褐壳鸡蛋,25.00,6933276212119,盒
1764,83.00,鸡蛋,16.00,正大15枚玉米黄营养蛋,19.50,6954113701504,盒
1792,1.00,零食,26.50,西麦特浓牛奶营养麦片700g,33.50,6905014000081,袋
1793,9.00,零食,12.50,宏途山药片海苔180g,16.50,6957666000667,袋
1795,2.00,零食,12.50,宏途山药片蜜汁烤翅180g,16.50,6957666000681,袋
1797,34.00,零食,25.00,西麦燕麦片1kg,28.00,6905014000890,桶
1798,24.00,零食,7.50,莫小仙酸辣粉138g,9.50,6958770001403,盒
1803,16.00,零食,64.50,丹麦皇冠曲奇454g罐装,78.90,8886001012295,盒
1804,2.00,零食,24.50,如约夹笋豆脯香辣270g,30.00,6974856040081,袋
1805,5.00,零食,24.50,如约夹笋豆脯卤香270g,30.00,6974856040098,袋
1806,42.00,零食,14.00,拉面说番茄豚骨面158g,17.90,6970631040109,盒
1807,26.00,零食,14.00,拉面说金汤肥牛拉面158g,17.90,6970631040123,袋
1808,13.00,零食,14.00,拉面说豚骨叉烧面158g,17.90,6970631040130,袋
1809,9.00,零食,10.80,台湾米饼蛋黄320g,13.90,4897076061167,袋
1810,7.00,零食,10.80,台湾米饼芝士320g,13.90,4897076061181,袋
1811,1.00,零食,11.00,维度米果蛋黄味228g,13.80,4897076062379,袋
1812,6.00,零食,11.00,维度米果蔬菜味228g,13.80,4897076062393,袋
1813,4.00,零食,11.00,维度米果芝士味228g,13.80,4897076062850,袋
1818,23.00,零食,21.50,喜桂子油栗仁原味158g,27.80,6973768111179,袋
1820,29.00,零食,21.50,喜桂子油栗仁蜂蜜158g,27.80,6973768117188,袋
1822,13.00,零食,46.00,永璞轻享冻干咖啡粉12颗,49.00,6971062128855,盒
1823,8.00,零食,5.30,老奶奶花生米142g,6.50,6922621132783,包
1824,138.00,零食,10.00,天幕城神氢泉360ml,12.90,6971992140019,瓶
1827,1.00,零食,19.00,莱家威化卡布奇诺110g,24.00,8000380140565,袋
1828,12.00,零食,15.50,百年传奇野山椒凤爪120g,19.80,6972500148121,袋
1830,26.00,零食,7.50,莎布蕾曲奇芒果蔓越莓70g,10.00,6972914150314,袋
1831,4.00,零食,7.50,莎布蕾曲奇蛋奶椰蓉70g,10.00,6972914150321,袋
1833,1.00,零食,7.50,莎布蕾曲奇抹茶70g,10.00,6972914150352,盒
1834,19.00,零食,6.80,莎布蕾薄脆饼干番茄113g,8.80,6972914150758,袋
1835,22.00,零食,6.80,莎布蕾薄脆饼干海苔113g,8.80,6972914150765,袋
1836,15.00,零食,6.80,莎布蕾薄脆饼干黑椒113g,8.80,6972914150772,盒
1837,11.00,零食,6.80,莎布蕾薄脆饼干柚子113g,8.80,6972914150789,盒
1839,30.00,零食,12.00,马马妈孜香牛板筋65g,15.50,6975287200037,袋
1840,3.00,零食,12.00,马马妈麻辣牛板筋65g,15.50,6975287200044,袋
1844,10.00,零食,11.00,马马妈佛罗伦丹坚果松饼256g,14.90,6975287200266,袋
1845,36.00,零食,9.00,马马妈酸辣海带魔芋爽120g,12.00,6975287200358,袋
1846,45.00,零食,9.00,马马妈香辣海带魔芋爽120g,12.00,6975287200365,袋
1849,3.00,零食,8.50,马马妈煎饼墨鱼虾味75g,11.50,6975287200488,袋
1850,2.00,零食,14.50,马马妈芝麻无糖饼干368g,18.50,6975287200730,袋
1851,1.00,零食,14.50,马马妈香葱无糖饼干368g,18.50,6975287200747,袋
1854,2.00,零食,46.00,山姆农场蜂蜜杏仁250g,58.50,8809022200885,袋
1855,1.00,零食,7.50,福财记吊炉花生158g,9.90,6926507201327,袋
1856,8.00,零食,37.50,福财记奶油葡萄干660g,48.00,6926507201594,袋
1858,-4.00,零食,62.00,福财记碧根果400g,78.00,6926507201884,袋
1860,16.00,零食,57.00,福财记巴旦木450g,71.00,6926507201945,袋
1861,-1.00,零食,61.00,福财记大榛子430g,74.00,6926507202003,袋
1862,19.00,零食,28.00,福财每日坚果168g,35.00,6926507202300,袋
1863,42.00,零食,22.00,福财记手剥大瓜子218g,27.50,6926507202379,袋
1864,11.00,零食,47.00,福财记手剥大瓜子900g,58.00,6926507202423,袋
1866,37.00,零食,23.00,福财核桃仁130g,29.00,6926507202591,袋
1868,276.00,零食,4.50,福财记每日坚果25g,5.40,6926507202836,袋
1869,20.00,零食,33.00,福财记每日坚果174g,42.00,6926507203116,袋
1874,41.00,零食,47.00,福财记手剥大花生800g,58.80,6926507204991,袋
1881,11.00,零食,17.50,福财记五香蒸西瓜子380g,22.00,6926507299881,袋
1882,11.00,零食,6.50,手工花椒锅巴麻辣158g,8.30,6971426300477,袋
1883,27.00,零食,6.50,手工花椒锅巴爆辣158g,8.30,6971426300491,袋
1884,5.00,零食,6.00,潮巴爷小米锅巴孜然160g,7.80,6922665300780,袋
1885,4.00,零食,6.00,潮巴爷小米锅巴麻辣160g,7.80,6922665300797,袋
1886,43.00,零食,22.50,金语海苔肉松130g,29.00,9588552302854,盒
1887,29.00,零食,22.50,金语金枪鱼肉松130g,29.00,9588552302861,盒
1890,15.00,零食,10.50,宏香记原切肉干五香味58g,14.50,6936001302925,袋
1894,29.00,零食,10.50,皇冠曲奇巧克力腰果90g,12.80,8996001303740,盒
1896,17.00,零食,93.00,丹麦皇冠曲奇750g,115.00,8996001303832,盒
1899,31.00,零食,19.00,金语麦丽素168g,24.90,9588552305312,袋
1901,74.00,零食,16.00,金语松塔165g,20.00,9588552305725,盒
1905,74.00,零食,13.00,久久鸭脖微辣110g,16.20,6952675311315,袋
1906,240.00,零食,19.00,金语夏威夷果140g,24.50,9588552312259,袋
1907,85.00,零食,19.00,金语碧根果130g,24.50,9588552312266,袋
1908,1.00,零食,19.00,金语加州开心果115g,24.50,9588552312273,袋
1909,8.00,零食,19.00,金语腰果86g,24.50,9588552312280,袋
1912,169.00,零食,21.00,金语沙琪玛南瓜子588g,27.50,9588552313980,袋
1913,3.00,零食,12.00,金语咸蛋无蔗糖苏打饼380g,15.90,9588552314123,袋
1915,14.00,零食,8.50,金语奥尔良脆脆香80g,11.50,9588552315670,袋
1919,64.00,零食,22.00,金语小圆饼原味300g,28.20,9588552319661,袋
1920,59.00,零食,13.00,久久鸭脖辣110g,16.20,6952675319915,袋
1921,97.00,零食,64.00,越南带皮腰果450g,79.00,6970480320292,盒
1922,195.00,零食,22.00,金语小圆饼干焦糖300g,28.20,9588552320360,袋
1923,118.00,零食,26.00,久久丫鸭舌70g,31.80,6952675321123,袋
1926,17.00,零食,12.00,金语葱香味蟹片,16.00,9588552322814,袋
1927,19.00,零食,12.00,金语龙虾片柠檬80g,16.00,9588552322821,袋
1929,10.00,零食,14.50,金语蛋仔烧咸蛋黄258g,18.00,9588552329103,袋
1930,8.00,零食,14.50,金语蛋仔烧原味258g,18.00,9588552329110,袋
1931,25.00,零食,19.00,久久丫香辣鸭肫136g,23.50,6952675329921,袋
1932,36.00,零食,12.80,久久丫甜辣鸭翅142g,16.50,6952675329938,袋
1933,1.00,零食,12.00,金语益生菌吸吸冻（白桃芒果）480g,16.50,9588552332707,盒
1934,1.00,零食,12.00,金语益生菌吸吸冻(秋梨枇杷）480g,16.50,9588552332912,盒
1936,-1.00,零食,27.00,金语面包干黄油味300g,35.00,9588552333889,袋
1938,1.00,零食,10.50,金语手工凤凰卷海苔味156g,14.50,9588552333902,盒
1941,171.00,零食,11.00,金语涂层坚果酸奶块榴莲味45g,15.00,9588552334244,盒
1942,165.00,零食,11.00,金语酸奶涂层酸奶块草莓味45g,15.00,9588552334251,盒
1943,169.00,零食,11.00,金语涂层坚果酸奶块蓝莓味45g,15.00,9588552334268,盒
1944,10.00,零食,15.21,金语低糖黑米饼干356g,19.50,9588552334954,袋
1945,11.00,零食,15.21,金语低糖绿豆饼干356g,19.50,9588552334961,袋
1950,1.00,零食,11.31,金语山楂圈200g,14.50,9588552337450,袋
1951,5.00,零食,14.04,金语方块酥海苔188g,18.00,9588552337535,袋
1952,1.00,零食,14.04,金语方块酥咸蛋黄188g,18.00,9588552337542,袋
1953,1.00,零食,10.50,久久丫甜辣豆干186g,13.20,6952675337735,袋
1954,11.00,零食,14.63,金语龟苓膏果冻560g,19.00,9588552338389,盒
1955,1.00,零食,14.63,金语烧仙草果冻560g,19.00,9588552338396,盒
1956,8.00,零食,20.00,金语什锦蛋卷243g,25.00,9588552338983,盒
1959,17.00,零食,16.00,黄瓜籽份原味无糖220g,19.90,6975035340046,袋
1960,13.00,零食,16.00,黄瓜籽粉加钙无糖220g,19.90,6975035340053,袋
1962,36.00,零食,14.00,久久丫奥尔良小鸡腿108g,18.00,6952675340735,袋
1963,56.00,零食,12.80,久久丫鸡翅尖118g,16.50,6952675340810,袋
1964,49.00,零食,28.00,虎标冻干柠檬70g,36.50,4897031352385,盒
1965,41.00,零食,29.00,虎标皇菊40g,36.50,4897031352422,盒
1966,11.00,零食,28.00,虎标玫瑰花100g,36.50,4897031352446,盒
1968,76.00,零食,29.00,虎标胎菊70g,36.50,4897031352477,盒
1970,16.00,零食,22.00,虎标红豆薏米芡实茶,28.00,4897031353597,盒
1971,31.00,零食,22.00,虎标冬瓜荷叶茶,28.00,4897031353603,盒
1972,18.00,零食,22.00,虎标胖大海菊花茶,28.00,4897031353610,盒
1974,37.00,零食,15.00,爱时乐夹心棒巧克力150g,19.90,8996001356326,盒
1975,3.00,零食,15.00,爱时乐夹心棒草莓150g,19.90,8996001356500,盒
1977,2.00,零食,13.60,逸生昌小麻花椒盐418g,17.00,4710484398970,袋
1978,7.00,零食,13.60,逸生昌小麻花芝麻418g,17.00,4710484398994,袋
1979,35.00,零食,56.00,中敖手撕牛肉200g,69.90,6948042400027,袋
1980,91.00,零食,67.00,中敖风干牛肉250g,84.00,6948042400034,袋
1989,1.00,零食,3.50,卫龙魔芋香辣50g,4.50,6935284415650,袋
1993,16.00,零食,9.00,宏亚泰式原味椰浆蛋卷140g,12.00,4897045427772,袋
1994,6.00,零食,9.00,宏亚泰式榴莲椰浆蛋卷140g,12.00,4897045427802,袋
1995,5.00,零食,11.00,马马妈布丁草莓味320g,14.50,4897045430383,盒
1996,5.00,零食,11.00,马马妈布丁香草味320g,14.50,4897045430390,盒
1998,26.00,零食,110.00,牛奶榛子巧克力威化600g,138.00,4014400470055,袋
2004,32.00,零食,39.50,力诚鳕鱼肠原味350g,49.00,6941174497026,袋
2005,29.00,零食,39.50,力诚鳕鱼肠芝士350g,49.00,6941174497033,袋
2006,19.00,零食,8.80,力诚蟹柳原味92g,10.80,6941174497149,袋
2007,9.00,零食,8.80,力诚蟹柳辣味92g,10.80,6941174497156,袋
2008,23.00,零食,12.00,力诚三文鱼肠原味150g,15.50,6941174499617,袋
2013,4.00,零食,14.50,克恩滋原味木薯片150g,17.80,653314503493,袋
2015,38.00,零食,10.00,马马妈酸辣海带结200g,13.50,6957258513933,袋
2016,67.00,零食,10.00,马马妈香辣海带结200g,13.50,6957258513940,袋
2017,28.00,零食,9.00,马马妈香辣莲藕118g,12.00,6957258516156,袋
2018,2.00,零食,11.00,马马妈泡椒魔芋爽140g,14.50,6957258516224,袋
2019,20.00,零食,11.00,马马妈香辣魔芋爽140g,14.50,6957258516231,袋
2020,4.00,零食,11.00,马马妈海藻沙拉120g,14.50,6957258516460,袋
2022,13.00,零食,10.00,马马妈香辣柠檬鱼70g,13.50,6957258517108,袋
2023,7.00,零食,10.00,马马妈香辣秋刀鱼70g,13.50,6957258517115,袋
2027,13.00,零食,10.00,成央记老椰汁336ml,12.50,6972698570100,盒
2028,6.00,零食,8.00,成央记石榴汁380ml,9.90,6972698570216,盒
2029,1.00,零食,24.00,伊品奶酥片原味228g,29.80,6956432610079,袋
2030,3.00,零食,24.00,伊品奶酥片牛初乳228g,29.80,6956432610086,袋
2033,1.00,零食,9.50,特浓鲜奶薄饼300g,12.00,9555118659523,袋
2034,15.00,零食,9.50,特鲜蔬菜薄饼300g,12.00,9555118659530,袋
2035,74.00,零食,7.00,栗栗家板栗仁50g,8.90,6975475660254,袋
2036,16.00,零食,12.00,阿尔发全麦饼干360g,15.50,6913405660530,袋
2037,37.00,零食,15.00,老爷爷铁板鱿鱼香辣88g,19.50,6975048660810,袋
2038,37.00,零食,15.00,老爷爷铁板鱿鱼烧烤88g,19.50,6975048660827,袋
2041,3.00,零食,18.00,阿尔发杂粮饼干590g,22.80,6913405662817,袋
2042,1.00,零食,19.00,阿尔法原味蛋奶面包368g,24.50,6913405663494,袋
2043,1.00,零食,19.00,阿尔法无糖粗粮蛋奶面包368g,24.50,6913405663500,袋
2044,17.00,零食,20.00,阿尔法木糖醇桃酥黎麦420g,25.80,6913405663517,袋
2045,7.00,零食,20.00,阿尔法木糖醇桃酥黑芝麻420g,25.00,6913405663524,袋
2046,2.00,零食,16.00,阿尔法木糖醇杂粮脆饼玉米200g,19.90,6913405663562,袋
2047,7.00,零食,16.00,阿尔法木糖醇杂粮脆饼苦荞200g,19.90,6913405663579,袋
2048,20.00,零食,23.00,阿尔发零卡糖250g,29.90,6913405663777,袋
2049,-1.00,零食,27.00,阿尔发粗粮曲奇958g,33.80,6913405670317,袋
2056,7.00,零食,25.00,可比可苏门答腊火山咖啡20条装,33.00,6953042701524,盒
2057,26.00,零食,25.00,可比可巴厘岛火山咖啡20条装,33.00,6953042701531,袋
2058,25.00,零食,25.00,可比可巴厘岛佛洛雷斯咖啡20条装,33.00,6953042701548,盒
2066,4.00,零食,12.00,阿尔发苏打饼干458g,15.60,6913405760681,袋
2069,12.00,零食,22.00,百年传奇无骨鸭掌爆辣100g,28.20,6939730775640,袋
2071,8.00,零食,22.00,百年传奇无骨凤爪滕椒100g,28.20,6939730799882,袋
2072,17.00,零食,22.00,百年传奇无骨凤爪鲜辣100g,28.20,6939730799967,袋
2085,1.00,零食,17.00,维维豆奶加钙500g,22.00,6904432813037,袋
2088,15.00,零食,118.40,西缜优选牛肉干300g,148.00,6924947828883,袋
2089,10.00,零食,69.00,西缜迷你牛肉干180g,86.50,6924947838899,袋
2091,5.00,零食,14.62,逸生昌锅巴肉松蟹黄208g,18.50,4897119860511,袋
2092,13.00,零食,14.50,膳源泽倒蒸甘薯条180g,18.50,6971657870343,袋
2094,26.00,零食,14.50,膳源泽纯西梅80g,18.50,6971657870893,袋
2095,12.00,零食,18.00,赛味馆福果日本豆+鱼皮花生280g,23.80,4897038890965,盒
2096,7.00,零食,18.00,赛味馆福果海苔+酱香花生280g,23.80,4897038890972,盒
2098,17.00,零食,14.00,赛味馆海苔卷肉松100g,17.80,4897038892310,袋
2099,1.00,零食,14.00,赛味馆海苔卷咸蛋黄100g,17.80,4897038892327,袋
2100,10.00,零食,12.00,赛味馆海苔天妇罗墨西哥辣味45g,15.00,4897038892365,袋
2101,4.00,零食,12.00,赛味馆海苔天妇罗咸蛋黄45g,15.00,4897038892372,袋
2105,29.00,零食,15.50,赛味馆果冻白桃280g,19.50,4897038894598,袋
2106,3.00,零食,15.50,赛味馆果冻葡萄味280g,19.50,4897038894604,袋
2108,-1.00,零食,15.50,赛味馆芝士奶棒酸奶45g,19.50,4897038894888,袋
2112,11.00,零食,22.00,蹦乐乐坚果酥原味66g,27.90,4897038895465,袋
2113,24.00,零食,22.00,蹦乐乐坚果酥海苔66g,27.90,4897038895472,袋
2114,6.00,零食,8.00,蹦乐乐葡萄梅子陈皮味35g,9.90,4897038895724,袋
2115,18.00,零食,8.00,蹦乐乐葡萄梅子原味35g,9.90,4897038895731,袋
2116,32.00,零食,19.50,蹦乐乐腰果白桃43g,24.50,4897038895762,袋
2117,26.00,零食,19.50,蹦乐乐腰果咸蛋黄43g,24.50,4897038895779,袋
2118,26.00,零食,26.00,蹦乐乐夏威夷果仁芥末60g,32.80,4897038895908,袋
2119,10.00,零食,26.00,蹦乐乐夏威夷果仁咸蛋黄60g,32.80,4897038895915,袋
2120,4.00,零食,7.00,脆升升薯片蜂蜜黄油60g,9.00,6937439913981,袋
2121,7.00,零食,9.86,脆升升益生菌薯条100g,12.80,6937439914476,袋
2122,1.00,零食,7.00,脆升升杯装番茄薯条50g,9.00,6937439914575,盒
2123,9.00,零食,10.00,脆升升原味薯条100g,12.80,6937439914988,袋
2124,13.00,零食,10.00,脆升升番茄薯条100g,12.80,6937439915084,袋
2126,23.00,零食,10.00,脆升升黑胡椒薯条100g,12.80,6937439915121,袋
2127,6.00,零食,10.00,脆升升烧烤味薯条100g,12.80,6937439915145,袋
2129,15.00,零食,9.86,脆升升海盐柠檬薯条100g,12.80,6937439915299,袋
2130,5.00,零食,9.86,脆升升川椒薯条100g,12.80,6937439916555,袋
2131,2.00,零食,7.00,脆升升杯装原味薯条50g,9.00,6937439920019,盒
2133,62.00,零食,41.00,牛奶榛子巧克力威化250g,49.90,4014400924268,袋
2134,37.00,零食,24.00,南方黑芝麻糊AD钙480g,30.00,6901333980196,袋
2137,55.00,副食,26.50,西麦红枣高钙麦片700g,33.50,6905014000401,桶
2139,83.00,副食,26.50,西麦核桃高钙燕麦片700g,33.50,6905014000548,袋
2142,32.00,副食,14.50,西麦燕麦片700g,18.50,6905014000876,袋
2143,45.00,副食,13.50,笋尖牛肉饭275g,16.50,6958770001816,盒
2146,14.00,副食,11.00,莫小仙自热火锅毛血旺340g,13.90,6958770001878,盒
2149,24.00,副食,17.00,自热火锅麻辣蔬菜250g,21.60,6958770001922,盒
2150,77.00,副食,26.00,自热火锅麻辣嫩牛390g,31.80,6958770001939,盒
2151,66.00,副食,26.00,自热火锅番茄牛腩350g,31.80,6958770001946,盒
2152,143.00,副食,11.00,莫小仙自热火锅麻辣烫260g,13.90,6958770002028,盒
2155,11.00,副食,25.00,西麦燕麦片1.5kg,28.00,6905014081288,袋
2156,45.00,副食,23.00,南方黑芝麻糊600g,26.80,6901333110524,袋
2157,69.00,副食,26.50,西麦无糖燕麦片700g,33.50,6905014186839,袋
2158,9.00,副食,23.00,南方无糖黑芝麻糊480g.,26.80,6901333212112,袋
2160,25.00,副食,8.00,一乐拉面牛肉,10.80,4897095270021,袋
2161,13.00,副食,8.00,一乐拉面海鲜,10.80,4897095270052,袋
2162,1.00,副食,8.00,一乐拉面香辣牛肉,10.80,4897095270496,袋
2163,14.00,副食,35.00,西澳坚果燕麦脆450g,43.20,6905014301263,袋
2164,16.00,副食,35.00,西澳水果燕麦脆450g,43.20,6905014301270,盒
2165,18.00,副食,35.00,西澳莓果燕麦脆450g,43.20,6905014301287,袋
2166,22.00,副食,16.00,永和减糖豆浆350g,20.50,6931500340706,袋
2167,9.00,副食,16.00,永和甜豆浆350g,20.50,6931500340904,袋
2168,1.00,副食,16.00,永和无糖豆浆350g,20.50,6931500341000,袋
2169,1.00,副食,16.00,自然派虾片80g,19.80,6945309351917,袋
2174,-6.00,副食,44.00,阿尔发坚果麦片720g,55.00,6913405662831,袋
2175,21.00,副食,44.00,阿尔发果蔬麦片720g,55.00,6913405662855,袋
2176,61.00,副食,16.00,桂柳螺狮粉400g,19.80,6970228680121,袋
2178,13.00,副食,15.50,雅子咖喱牛肉微辣250g,19.00,6904555694278,袋
2179,67.00,副食,15.50,雅子咖喱牛肉中辣250g,19.00,6904555694285,袋
2180,81.00,副食,15.00,雅子咖喱鸡肉微辣250g,19.00,6904555694292,盒
2181,31.00,副食,15.00,雅子咖喱鸡肉中辣250g,19.00,6904555694308,盒
2182,5.00,副食,12.80,雅子番茄意面肉酱200g,16.00,6904555694315,袋
2183,34.00,副食,12.80,雅子牛肉意面酱200g,16.00,6904555694322,袋
2184,48.00,副食,10.00,雅子罗宋汤200g,12.00,6904555694339,袋
2185,30.00,副食,10.00,雅子玉米浓汤200g,12.00,6904555694346,袋
2186,8.00,副食,16.50,维维维他型豆奶粉460g,21.00,6904432800440,袋
2190,261.00,冻货,14.00,大用狮子头400g,17.50,6924750000995,袋
2200,584.00,冻货,14.00,大用金甲鸡柳400g,17.50,6973669041100,袋
2201,303.00,冻货,14.00,大用鸡米花400g,18.50,6973669043081,袋
2202,19.00,冻货,230.00,红爪大对虾450g,258.00,6974622050009,袋
2203,99.00,冻货,130.00,南海大对虾400g,148.00,6974622051075,袋
2205,370.00,冻货,87.00,黄金鲍500g,99.00,6974622051433,盒
2211,8.00,冻货,12.50,耗黄叉烧包300g,16.80,6973382093530,袋
2212,29.00,冻货,61.00,舟山去嘴去尾带鱼1kg,69.90,6970805096345,袋
2213,2.00,冻货,50.00,海之榕鲍鱼1,61.00,6971194100019,袋
2214,374.00,冻货,17.00,渔之萃蟹柳棒,21.80,6930287100107,袋
2216,93.00,冻货,32.00,味尔佳黄花鱼,39.00,6948431109968,袋
2217,13.00,冻货,14.50,海欣芝士宝120g,18.00,6920732113103,袋
2218,16.00,冻货,15.00,海欣蟹膏宝120g,18.00,6920732113165,袋
2219,10.00,冻货,15.00,海欣龙虾球120g,18.00,6920732113196,袋
2220,18.00,冻货,15.00,海欣撒尿牛肉丸120g,18.00,6920732115237,袋
2221,14.00,冻货,15.00,海欣蟹味棒130g,18.00,6920732115244,袋
2222,9.00,冻货,23.50,海欣优选火锅包385g,29.00,6920732131244,袋
2225,675.00,冻货,58.00,特大青虾仁500g,67.00,0101020211011,袋
2226,920.00,冻货,41.50,舟山带鱼1kg,48.00,0101020211012,袋
2227,766.00,冻货,26.00,特级大青虾500g,30.00,0101020211013,袋
2228,508.00,冻货,38.00,精选墨鱼仔500g,43.00,0101020211015,袋
2229,393.00,冻货,39.00,北极甜虾500g,44.90,0101020211016,袋
2230,521.00,冻货,51.00,特级鲳鱼500g,58.50,0101020211017,袋
2231,188.00,冻货,17.00,蜀海麻辣牛肉150g,22.00,6972605230059,袋
2232,183.00,冻货,18.50,蜀海筷子牛肉150g,25.00,6972605230073,袋
2233,18.00,冻货,13.00,蜀海麻辣鸡胗150g,17.50,6972605230189,袋
2234,120.00,冻货,17.00,蜀海嫩滑滑牛150g,22.00,6972605230370,袋
2235,20.00,冻货,32.00,皇上皇佳福腊肠300g,39.00,6972251252245,袋
2236,19.00,冻货,78.00,皇上皇五花腊肉500g,95.50,6972251252436,袋
2238,6.00,冻货,30.00,皇上皇湘味腊肉200g,36.90,6972251252733,袋
2239,1.00,冻货,35.00,皇上皇中华老字号400g,43.00,6972251252856,袋
2242,2.00,冻货,130.00,蓝雪三文鱼扒850g,148.00,6970525356118,袋
2243,5.00,冻货,135.00,蓝雪青虾仁1kg,158.00,6970525356309,袋
2245,12.00,冻货,120.00,蓝雪阿根廷红虾生凤尾500g,138.00,6970525359362,袋
2246,10.00,冻货,77.00,蓝雪阿根廷红虾500g,88.00,6970525359683,盒
2247,1.00,冻货,43.00,蓝雪巴沙鱼柳680g,49.80,6970525359997,袋
2248,155.00,冻货,42.80,深海日记三文鱼扒200g,49.90,6959540361321,袋
2249,127.00,冻货,52.00,深海日记大西洋三文鱼200g,59.90,6959540361406,袋
2251,239.00,冻货,26.00,深海日记国产翡翠白虾300g,29.90,6959540362274,袋
2252,7.00,冻货,18.50,深海日记速冻生蚝肉200g,21.90,6959540364063,袋
2254,1.00,冻货,103.00,深海日记南极银鳕鱼块150g,118.00,6959540368115,袋
2255,218.00,冻货,130.00,国产青虾1.4kg,160.00,6934624370680,盒
2257,2.00,冻货,17.00,深海日记鱿鱼花200g,19.90,6959540371030,袋
2258,119.00,冻货,16.80,深海日记脆口须200g,19.90,6959540371092,袋
2264,21.00,冻货,41.50,三去珍珠石斑鱼451g,49.90,6974259420367,袋
2265,1.00,冻货,60.00,正洋冻小龙虾尾450g,69.90,6970212432866,袋
2269,52.00,冻货,99.00,绿环真空大虾仁700g,129.00,6975471520019,袋
2276,135.00,冻货,35.00,恒都牛肉馅500g,45.60,6954808603281,袋
2279,254.00,冻货,27.00,潮香村西冷牛排130g,33.90,6947773606388,盒
2280,227.00,冻货,27.00,潮香村整切眼肉牛排130g,33.90,6947773606395,盒
2282,101.00,冻货,47.00,恒都谷饲牛腱子500g,58.80,6954808607234,袋
2288,392.00,冻货,33.00,恒都板腱牛肉片200g,42.60,6954808610302,袋
2289,330.00,冻货,33.00,恒都上脑牛肉片200g,42.60,6954808610319,袋
2290,60.00,冻货,24.00,恒都菲力牛排2片装,29.80,6954808611095,袋
2292,60.00,冻货,24.00,恒都秘制牛排2片装,29.80,6954808611118,袋
2293,60.00,冻货,17.50,恒都儿童牛排2片装,21.50,6954808611156,袋
2294,241.00,冻货,33.00,恒都涮烤牛肉片280g,42.60,6954808612139,袋
2295,61.00,冻货,33.00,恒都涮烤羊肉片280g,42.60,6954808612146,袋
2296,155.00,冻货,38.00,恒都原切牛腩块500g,47.50,6954808612351,袋
2300,65.00,冻货,17.50,恒都黑椒牛排2片装,21.50,6954808613334,袋
2302,12.00,冻货,30.50,叁宝秦川黄牛牛排肉筋大串10串,39.50,6975086650019,袋
2303,10.00,冻货,37.50,叁宝秦川黄牛鲜肉串25串,48.50,6975086650026,袋
2304,8.00,冻货,38.50,叁宝呼伦贝尔鲜羊肉串（小）15串,49.50,6975086650033,袋
2305,18.00,冻货,38.50,叁宝呼伦贝尔鲜羊肉串（大）10串,49.50,6975086650040,袋
2306,11.00,冻货,48.00,叁宝精品羊排肉串10串,62.00,6975086650057,袋
2307,18.00,冻货,37.00,叁宝秘制鸡脆骨10串,48.00,6975086650064,袋
2308,34.00,冻货,20.00,叁宝秘制鸡翅中香辣3串,26.50,6975086650071,袋
2309,14.00,冻货,21.50,叁宝秘制小郡肝15串,28.50,6975086650095,袋
2310,10.00,冻货,30.00,叁宝烤鱿鱼50串,39.50,6975086650293,袋
2311,8.00,冻货,12.00,叁宝玉米粒（小串）30串,15.80,6975086650309,袋
2312,19.00,冻货,7.00,叁宝烤鱼豆腐5串,9.50,6975086650316,袋
2313,13.00,冻货,13.50,叁宝面筋小串40串,18.20,6975086650323,袋
2314,7.00,冻货,32.00,尊乐牌烤肠260g袋,39.90,6970079710336,袋
2316,3.00,冻货,32.00,尊乐波兰肠260g袋,39.90,6970079710534,袋
2317,4.00,冻货,32.00,焦香蜜汁肠260g袋,39.90,6970079710763,袋
2318,728.00,冻货,44.00,柳伍麻辣小龙虾700g,53.00,6975235721362,盒
2320,495.00,冻货,23.00,伊明烤翅500g,28.50,6933190801000,袋
2324,8.00,冻货,30.00,白蕉海鲈鱼500g,37.00,6971893820010,袋
2326,3.00,冻货,99.00,真空大虾仁700g,129.00,6939904900380,袋
2327,440.00,冻货,33.00,草原宜品牛肉片380g,39.00,6943890900385,袋
2328,327.00,冻货,33.00,草原宜品羊肉片380g,39.00,6943890900392,袋
2329,39.00,冻货,54.00,万顺老母鸡1.45kg,69.50,6943890900408,袋
2330,8.00,冻货,42.00,万顺土鸡900g,54.00,6943890900415,袋
2331,8.00,冻货,38.00,万顺童子鸡700g,48.60,6943890900422,袋
2332,1.00,冻货,31.50,草小鸡鸡腿1kg,39.00,6943890900477,袋
2333,378.00,冻货,54.00,草小鸡鸡翅中700g,66.50,6943890900613,袋
2334,77.00,冻货,28.00,草小鸡鸡翅根700g,35.80,6943890900620,袋
2335,130.00,冻货,26.50,草小鸡鸡胸肉700g,34.60,6943890900637,袋
2337,25.00,冻货,120.00,珍品堂即食海参180g,147.50,6944318900734,盒
2338,27.00,冻货,35.00,苏榄眉鱼1,43.50,6974036910050,袋
2341,17.00,冻货,31.00,九生堂臻选黒毛肚150g,37.90,6970010922910,盒
2344,-2.00,冻货,25.50,九生堂油条虾滑脆8个,29.50,6970010924945,盒
2384,29.00,大米,106.00,中粮泰国茉莉香米5kg,129.00,8853969008035,袋
2385,15.00,大米,54.00,有机黑芝麻668g,78.20,6970866090177,盒
2388,11.00,大米,100.00,奇亚籽,128.80,6970866090580,盒
2389,10.00,大米,125.00,有机三色黎麦,158.80,6970866090597,盒
2391,14.00,大米,85.00,有机大米长粒香5kg,96.00,6937191310844,袋
2392,2.00,大米,37.00,福临门麦香粉5kg,45.00,6944910355765,袋
2393,23.00,大米,68.00,中粮柬埔寨香米5kg,82.00,6944910358360,袋
2394,18.00,大米,64.00,老哥俩米5kg,75.80,6947475900913,袋
2395,32.00,大米,68.00,老哥五常稻花香米5kg,81.00,6947475902405,袋
2396,4.00,大米,114.00,老哥俩有机稻花香米5kg,144.00,6947475903242,袋
2477,54.00,乳制品,62.00,纯澳纯浓燕麦奶礼盒250ml*12,78.00,6942022012149,提
2478,106.00,乳制品,38.00,纯澳早餐燕麦奶礼盒250ml*10,49.00,6942022012316,提
2495,44.00,乳制品,55.00,A2酪蛋白纯奶梦幻盖250ml*10,68.00,6970037311148,提
2496,20.00,乳制品,63.00,认养一头牛PET常温酸奶230g*10,78.00,6970037311247,提
2497,16.00,乳制品,63.00,认养一头牛PET白桃燕麦酸奶230g*10,78.00,6970037311421,提
2499,57.00,乳制品,40.00,认养一头牛3.6g纯牛奶250ml*12,49.90,6970037312640,提
2500,10.00,乳制品,39.00,认养一头牛纯牛奶200ml*12,49.00,6970037313272,提
2505,61.00,乳制品,11.50,百吉福芝士片100g,13.90,6922477400227,盒
2506,22.00,乳制品,12.50,百吉福成长草莓100g,15.80,6922477400333,盒
2507,25.00,乳制品,12.50,百吉福成长蓝莓100g,15.80,6922477400524,盒
2510,50.00,乳制品,19.00,百吉福芝士片低脂166g,23.90,6922477400685,盒
2512,18.00,乳制品,12.50,百吉福成长原味100g,15.80,6922477400777,盒
2518,29.00,乳制品,8.40,百吉福一杯芝士原味70g,10.80,6922477410523,盒
2519,22.00,乳制品,8.40,百吉福一杯芝士草莓70g,10.80,6922477410530,盒
2520,14.00,乳制品,8.40,百吉福一杯芝士白桃70g,10.80,6922477410547,盒
2521,3.00,乳制品,16.50,百吉福特浓奶酪原味100g,21.80,6922477411063,袋
2523,-1.00,乳制品,16.50,百吉福奶酪五果三蔬100g,21.80,6922477411117,袋
2524,4.00,乳制品,15.50,百吉福果心奶酪橙子100g,19.80,6922477411384,袋
2526,10.00,乳制品,14.00,百吉福棒棒原味100g,17.50,6922477411544,袋
2528,12.00,乳制品,14.00,百吉福棒棒酸奶果粒100g,17.50,6922477411568,袋
2529,12.00,乳制品,14.00,百吉福棒棒缤纷莓子味100g,17.50,6922477411575,袋
2530,2.00,乳制品,14.00,百吉福棒棒香草冰淇淋100g,17.50,6922477411599,袋
2538,5.00,乳制品,14.50,新希望鲜奶牛乳700ml,18.80,6941704425017,盒
2540,8.00,乳制品,55.00,伊利安慕希原味,65.00,6907992512761,提
2541,8.00,乳制品,53.00,金典高钙低脂奶,65.00,6907992513157,提
2542,45.00,乳制品,57.00,伊利安慕希黄桃燕麦,68.00,6907992513829,提
2543,32.00,乳制品,66.00,伊利安慕希PET原味,78.00,6907992514178,提
2545,2.00,乳制品,66.00,伊利安慕希芒果百香果,78.00,6907992514604,提
2548,15.00,乳制品,72.00,安慕希高端橙+凤梨,88.00,6907992515533,提
2549,14.00,乳制品,65.00,金典有机脱脂奶提装,78.00,6907992516691,盘
2552,10.00,乳制品,72.00,金典蛋白有机纯牛奶,88.00,6907992518077,提
2553,3.00,乳制品,70.00,伊利安慕希丹东草莓230ml*10,88.00,6907992518930,提
2554,3.00,乳制品,54.00,伊利安慕希菠萝酸奶205g*12,66.00,6907992518992,提
2559,-1.00,乳制品,13.00,君乐宝简醇酸奶0糖袋150g,15.50,6922577730378,袋
2566,3.00,乳制品,10.50,卡士鲜酪乳100g*3,13.50,6924810802248,盒
2567,8.00,乳制品,9.80,新希望草莓桑椹酸奶370g,12.80,6928494805250,盒
2568,10.00,乳制品,9.80,新希望黄桃芒果酸奶370g,12.80,6928494805267,盒
2575,7.00,乳制品,11.50,新希望低脂蓝莓树莓酸奶370g,14.80,6928494806448,盒
2576,9.00,乳制品,11.50,新希望低脂牛油果青柠酸奶370g,14.80,6928494806455,盒
2577,18.00,乳制品,10.70,卡士餐后一小时250g,13.80,6924810810007,盒
2578,1.00,乳制品,31.00,卡士双歧杆菌发酵乳750g,41.00,6924810810014,盒
2579,3.00,乳制品,19.00,卡士双倍蛋白发酵乳原味,24.00,6924810812216,盒
2580,2.00,乳制品,19.00,卡士双倍蛋白发酵乳奇亚籽,24.00,6924810812223,盒
2581,23.00,乳制品,6.50,达芬奇纯酸奶0蔗糖135g,8.50,6971550820001,盒
2582,8.00,乳制品,25.00,达芬奇家庭装原味1kg,32.80,6971550820087,盒
2583,8.00,乳制品,25.00,达芬奇家庭装西柚1kg,32.80,6971550820094,盒
2586,8.00,乳制品,8.00,达芬奇原味净酸奶100g*2,10.80,6971550820148,盒
2587,7.00,乳制品,9.00,达芬奇西柚净酸奶100g*2,11.80,6971550820155,盒
2594,11.00,乳制品,11.60,达芬奇优型草莓320g,14.80,6971550820643,盒
2595,11.00,乳制品,11.60,达芬奇优型黄桃320g,14.80,6971550820650,盒
2597,5.00,乳制品,7.50,达芬奇荔枝布丁酸奶180g,9.90,6971550820810,盒
2599,5.00,乳制品,11.50,卡士0添加110g*3,14.90,6924810821027,盒
2600,4.00,乳制品,28.70,卡士断糖无蔗糖酸奶,36.80,6924810822222,盒
2601,2.00,乳制品,26.70,卡士风味发酵乳1kg,33.80,6924810822376,盒
2602,3.00,乳制品,27.00,卡士无蔗糖益生菌酸奶969g,35.80,6924810822406,瓶
2603,20.00,乳制品,7.00,卡士第二餐原味发酵乳85g,8.80,6924810824608,盒
2608,182.00,乳制品,70.00,新疆有机奶,88.00,6935739919337,提
2614,46.00,副食,10.00,陈克明银丝挂面1kg,12.80,6922507800638,袋
2616,11.00,副食,10.00,陈克明细圆面1kg,12.80,6922507804087,袋
2620,33.00,副食,11.00,陈克明荞麦挂面1kg.,13.80,6922507805022,袋
2624,18.00,副食,8.00,陈克明鸡蛋龙须面800g,10.50,6922507821688,袋
2625,34.00,副食,8.00,陈克明鸡蛋风味面800g,10.50,6922507821695,袋
2626,29.00,副食,8.00,陈克明鸡蛋爽滑面800g,10.50,6922507821701,袋
2628,27.00,副食,6.00,陈克明蔬菜小面280g,7.50,6922507823903,袋
2629,30.00,副食,6.00,陈克明杂粮小面280g,7.50,6922507823910,袋
2646,24.00,食用油,63.00,品利初榨橄榄油750ml,83.90,8411342000115,瓶
2647,20.00,食用油,103.00,品利初榨橄榄油礼盒,135.00,8411342000177,瓶
2648,25.00,食用油,99.00,福临门小榨菜籽油5L,119.00,6941499119399,桶
2649,33.00,食用油,99.00,福临门葵花油5L,119.00,6941499122627,桶
3036,63.00,副食,13.00,米脂县黑小米490g,13.90,6971654248015,袋
3049,437.00,副食,17.00,米脂县手工土豆粉条350g,18.00,6971654248091,盒
3201,32.00,乳制品酸奶,3.80,华山牧优酪乳原味180g,4.50,6970339116120,盒
3202,67.00,乳制品酸奶,3.80,华山牧优酪乳混合180g,4.50,6970339116137,盒
3203,28.00,乳制品酸奶,2.80,华山牧优酪乳燕麦180g,4.50,6970339116144,盒
3204,29.00,乳制品酸奶,56.00,华山牧1W纯奶提装,65.00,6970339116151,提
3208,35.00,乳制品酸奶,3.00,华山老酸奶120g,4.00,6970339116373,盒
3212,5.00,乳制品酸奶,5.80,华山鲜牛奶250ml,6.90,6970339116588,盒
3219,51.00,乳制品酸奶,3.50,华山牧青稞酸奶180g,4.50,6970339117097,瓶
3224,92.00,乳制品酸奶,3.00,华山无糖酸奶160g,4.00,6970339117233,瓶
3226,11.00,乳制品酸奶,11.00,华山发酵乳黄桃90g,14.50,6970339117554,盒
3227,6.00,乳制品酸奶,5.80,华山牧原味酸奶250ml,7.50,6970339117639,瓶
3228,8.00,乳制品酸奶,5.80,华山牧海盐西柚250ml,7.50,6970339117646,瓶
3229,2.00,乳制品酸奶,5.80,华山牧清香白桃酸奶250g,7.50,6970339117653,瓶
3232,84.00,乳制品酸奶,3.70,华山牧优酪乳黄桃180g,4.40,6970339117844,盒
3240,18.00,乳制品酸奶,10.00,简爱滑滑树莓100g*3,12.50,6970618570001,盒
3243,8.00,乳制品酸奶,30.50,简爱百香果1.08kg,38.00,6970618570056,盒
3244,1.00,乳制品酸奶,7.50,简爱0添加糖135g,9.50,6970618570070,盒
3245,25.00,乳制品酸奶,7.50,简爱原味230g,9.50,6970618570162,盒
3246,25.00,乳制品酸奶,7.50,简爱百香果230g,9.50,6970618570179,盒
3249,3.00,乳制品酸奶,9.30,简爱滑滑原味100g*3,10.80,6970618570384,盒
3250,6.00,乳制品酸奶,22.00,简爱6.0g蛋白100g*3,30.00,6970618570414,盒
3251,24.00,乳制品酸奶,7.50,简爱2%吸吸酸奶100g,9.50,6970618570582,盒
3252,34.00,乳制品酸奶,7.50,简爱果蔬4%吸吸酸奶100g,9.50,6970618570599,盒
3256,11.00,乳制品酸奶,7.50,格格啵啵珠芒果+椰果150g,9.50,6932365575104,盒
3257,4.00,乳制品酸奶,7.50,格格啵啵珠草莓+树莓150g,9.50,6932365575111,盒
3258,15.00,乳制品酸奶,5.50,来思尔裸酸奶原味236g,6.50,6927797622304,盒
3261,13.00,乳制品酸奶,4.00,来思尔原味小酸奶180g,5.50,6927797623370,盒
3262,6.00,乳制品酸奶,4.00,来思尔焦糖小酸奶180g,5.50,6927797623530,盒
3271,15.00,乳制品酸奶,7.80,草莓流心芝士单杯,9.50,6973230890342,盒
3273,12.00,乳制品酸奶,15.50,小果泥酸奶草莓樱桃味,19.00,6973230891448,盒
3275,15.00,乳制品酸奶,15.50,小果泥酸奶香蕉牛油果味,19.00,6973230891547,盒
3284,7.00,乳制品纯奶,16.50,华山鲜牛奶950ml,19.50,6970339116557,盒
3286,4.00,乳制品纯奶,42.00,华山牧有机纯牛奶225ml*10,55.00,6970339117486,提
3287,70.00,乳制品纯奶,50.00,特仑苏纯牛奶,59.00,6923644266318,提
3288,24.00,乳制品纯奶,58.00,蒙牛特仑苏梦幻盖牛奶提装,68.00,6923644297251,提
3290,13.00,乳制品纯奶,55.00,蒙牛特仑苏有机纯奶提装,68.00,6923644299804,提
3450,65.00,食用油,93.50,长安花高原小粒菜籽油5L,109.50,6933664901038,桶
3452,17.00,大米,62.00,十月稻田生态稻香米5kg,79.90,6953721703580,袋
3481,8.00,副食,23.00,农心辣白菜辛拉面5连包,28.80,6920238012115,袋
3483,10.00,副食,23.00,农心辛拉面香菇牛肉5连包,28.80,6920238066019,袋
3484,9.00,副食,9.80,韩国苑岛干裙带菜100g,11.90,6954665300330,袋
3486,4.00,副食,17.00,益生菌鸡蛋10枚,20.00,6972399750009,盒
3487,1.00,副食,11.00,韩国辣白菜400g,14.00,6972399750016,瓶
3493,1.00,副食,38.00,三炫参鸡汤1kg,48.00,6951047862059,袋
4818,"19,713.00",杂品类（购物袋）,0.28,塑料袋,0.50,1,条
4819,"39,978.00",杂品类（购物袋）,0.44,无纺布购物袋,0.50,3,条
4835,15.00,饮料,4.30,脉动青柠味600ml,5.20,6902538004045,瓶
4836,27.00,饮料,4.30,脉动雪柚橘子600ml,5.20,6902538004052,瓶
4837,1.00,饮料,7.00,乐可原味椰子饮料290ml,9.90,8855044004628,瓶
4838,23.00,饮料,4.30,脉动水蜜桃600ml,5.20,6902538005141,瓶
4839,43.00,饮料,7.00,乐可芒果椰子饮料290ml,9.90,8855044006684,瓶
4843,44.00,饮料,4.30,脉动0糖香水柠檬600ml,5.20,6902538008425,瓶
4844,197.00,饮料,5.00,雀巢咖啡拿铁268ml,6.50,6917878030623,瓶
4845,480.00,饮料,5.00,雀巢咖啡摩卡268ml,6.50,6917878036847,瓶
4846,93.00,饮料,5.00,雀巢咖啡榛果268ml,6.50,6917878054766,瓶
4847,74.00,饮料,5.00,雀巢咖啡焦糖268ml,6.50,6917878054780,瓶
4848,101.00,饮料,4.80,日本达亦多大麦茶600ml,5.90,4904910060320,瓶
4849,49.00,饮料,4.80,日本达亦多红茶无糖600ml,5.90,4904910060344,瓶
4855,235.00,饮料,13.50,果子熟了炖梨汁1L,16.80,6973497200045,瓶
4856,275.00,饮料,13.50,果子熟了红枣炖山楂1L,16.80,6973497200052,瓶
4857,208.00,饮料,4.60,果子熟了茶憨憨冰桃茶500ml,6.00,6973497200199,瓶
4858,144.00,饮料,4.60,果子熟了茶憨憨葡萄茶500ml,6.00,6973497200205,瓶
4859,17.00,饮料,4.60,果子熟了茶憨憨凤梨茶500ml,6.00,6973497200212,瓶
4860,22.00,饮料,5.00,果子熟了柠檬茶香橙500ml,6.50,6973497200298,瓶
4862,162.00,饮料,5.00,果子熟了柠檬茶草莓500ml,6.50,6973497200311,瓶
4863,96.00,饮料,5.00,果子熟了柠檬茶凤梨500ml,6.50,6973497200328,瓶
4864,15.00,饮料,5.80,可口可乐纯粹美式300ml,7.00,6956416206328,瓶
4866,240.00,饮料,5.80,可口可乐金妃焦糖拿铁300ml,7.00,6956416206991,瓶
4868,555.00,饮料,7.30,可口可乐白桃乌龙乳茶400ml,8.80,6956416208124,瓶
4869,510.00,饮料,7.30,可口可乐葡萄茉莉乳茶400ml,8.80,6956416208148,瓶
4871,6.00,饮料,12.80,汇源橙汁1L,14.90,6923555210455,盒
4872,29.00,饮料,12.80,汇源苹果汁1L,14.90,6923555210462,盒
4873,19.00,饮料,12.80,汇源葡萄汁1L,14.90,6923555210479,盒
4874,42.00,饮料,12.80,汇源桃汁1L,14.90,6923555212749,盒
4875,68.00,饮料,4.80,谷物玉米汁330ml,5.80,6974878230101,瓶
4876,-12.00,饮料,4.80,可漾红豆薏仁水500ml,5.90,6972863230105,瓶
4877,59.00,饮料,4.70,可漾红豆水500ml,5.50,6972863230136,瓶
4878,1.00,饮料,4.70,可漾绿豆水500ml,5.70,6972863230259,瓶
4879,39.00,饮料,7.20,汉口二厂樱花蜜桃275ml,8.80,6971501250048,瓶
4883,13.00,饮料,7.20,汉口二厂凤梨275ml,8.80,6971501250505,瓶
4885,-1.00,饮料,7.20,二厂汽水荔枝275ml,8.80,6971501251649,瓶
4887,36.00,饮料,10.50,山楂树下果汁1.25L,13.50,6935498309028,瓶
4888,-10.00,饮料,14.80,山楂树下无糖1.25L,18.50,6935498309561,瓶
4889,123.00,饮料,6.50,奈雪蜜桃乌龙茶500ml,7.90,6971196385070,瓶
4890,3.00,饮料,6.50,奈雪青提乌龙500ml,7.90,6971196385162,瓶
4891,157.00,饮料,6.50,奈雪荔枝红茶500ml,7.90,6971196385179,瓶
4892,5.00,饮料,5.80,可口可乐美式低糖300ml,7.00,6954767401812,瓶
4893,82.00,饮料,5.80,可口可乐浓醇摩卡300ml .,7.00,6954767401874,瓶
4895,50.00,饮料,2.10,可口可乐330ml,2.50,6954767410388,瓶
4897,3.00,饮料,4.00,无糖碳酸可乐330ml,4.80,6954767422688,瓶
4899,354.00,饮料,2.10,雪碧330ml,2.50,6954767430386,瓶
4901,9.00,饮料,5.00,华洋1982果汁汽水桔子358ml,6.00,6973782440101,瓶
4902,5.00,饮料,5.00,华洋1982果汁汽水荔枝358ml,6.00,6973782440125,瓶
4904,19.00,饮料,5.00,华洋1982果汁汽水白桃358ml,6.00,6973782440347,瓶
4916,27.00,饮料,4.10,农夫水溶柠檬445ml,4.90,6921168500956,瓶
4917,26.00,饮料,4.10,农夫水溶西柚445ml,4.90,6921168500970,瓶
4919,63.00,饮料,1.30,农夫山泉550ml,1.70,6921168509256,瓶
4920,122.00,饮料,1.20,农夫山泉380ml,1.60,6921168511280,瓶
4921,63.00,饮料,4.00,东方树叶绿茶480ml,4.80,6921168558018,瓶
4922,"1,894.00",饮料,4.00,东方树叶红茶480ml,4.80,6921168558025,瓶
4923,59.00,饮料,4.00,东方树叶乌龙茶480ml,4.80,6921168558032,瓶
4924,46.00,饮料,4.00,东方树叶茉莉480ml,4.80,6921168558049,瓶
4925,26.00,饮料,7.50,农夫山泉4L水,8.80,6921168559176,瓶
4928,19.00,饮料,3.50,银鹭黑米粥280g,4.20,6926892566087,瓶
4929,1.00,饮料,3.50,银鹭薏仁红豆粥280g,4.20,6926892567084,瓶
4931,-71.00,饮料,2.20,冰锋330ml,2.40,6903004568511,瓶
4932,127.00,饮料,3.30,冰峰酸梅汤310ml,4.20,6903004568658,罐
4933,133.00,饮料,3.70,阿华田麦芽乳可可特浓250ml,4.50,6906791583613,瓶
4934,69.00,饮料,3.70,阿华田麦芽乳麦香椰汁250ml,4.50,6906791584191,瓶
4935,4.00,饮料,3.00,农夫山泉535ml,3.80,6921168593002,瓶
4936,-18.00,饮料,3.80,茶π西柚茉莉500ml,4.60,6921168593552,瓶
4938,-15.00,饮料,3.80,茶π柚子绿茶500ml,4.60,6921168593576,瓶
4941,10.00,饮料,6.60,农夫NFC橙汁300ml,7.20,6921168593804,瓶
4944,120.00,饮料,8.00,农夫山泉炭仌拿铁270ml,9.90,6921168594733,瓶
4946,165.00,饮料,3.00,农夫白桃苏打水410ml,3.69,6921168594993,瓶
4947,137.00,饮料,3.00,农夫柠檬苏打水410ml,3.69,6921168595006,瓶
4948,99.00,饮料,6.60,农夫NFC番石榴300ml,7.20,6921168595099,瓶
4949,36.00,饮料,2.30,农夫茶π柠檬红茶250ml,2.80,6921168595143,瓶
4950,-4.00,饮料,2.30,农夫茶π蜜桃乌龙茶250ml,2.80,6921168595167,瓶
4951,107.00,饮料,4.20,东方树叶普洱500ml,5.00,6921168596348,瓶
4954,104.00,饮料,6.80,农夫打奶茶乌龙300ml,8.50,6921168597116,瓶
4955,331.00,饮料,6.80,农夫打奶茶红茶300ml,8.50,6921168597123,瓶
4959,120.00,饮料,2.30,农夫汽茶黄皮茉莉250ml,2.80,6921168598038,瓶
4960,55.00,饮料,8.00,每日橄清玻璃瓶330ml,10.80,6974106600027,瓶
4961,42.00,饮料,7.00,乐可哈密瓜饮料290ml,9.90,8859546600098,瓶
4962,37.00,饮料,13.40,清谷芒果汁330ml,16.00,6936700600247,瓶
4963,94.00,饮料,13.40,清谷橙汁330ml,16.00,6936700600353,瓶
4964,115.00,饮料,13.40,清谷猕猴桃汁330ml,16.00,6936700600391,瓶
4965,74.00,饮料,13.40,清谷草莓汁330ml,16.00,6936700600599,瓶
4966,1.00,饮料,5.00,每日橄清PVC瓶245ml,7.40,6974106601680,瓶
4967,"1,584.00",饮料,6.00,三得利高浓度无糖乌龙茶350ml,7.50,6972549660035,瓶
4968,-1.00,饮料,3.40,三得利无糖乌龙茶500ml.,4.00,6972549660097,瓶
4969,-26.00,饮料,3.40,三得利低糖乌龙茶500ml.,4.00,6972549660134,瓶
4976,136.00,饮料,4.20,三得利茉莉清香微甜500ml,5.00,6972549660677,瓶
4977,149.00,饮料,4.20,三得利茉莉无糖原味500ml,5.00,6972549660905,瓶
4978,278.00,饮料,4.20,三得利橘皮乌龙茶无糖,5.00,6972549660929,瓶
4979,225.00,饮料,4.10,三得利橘意乌龙茶500ml,4.80,6972549661254,瓶
4980,99.00,饮料,5.60,黄大玉米须无糖茶500ml,6.90,6972537681233,瓶
4981,1.00,饮料,5.60,黄大九朵茉莉无糖黄芽茶500ml,6.90,6972537684784,瓶
4984,109.00,饮料,2.30,名仁苏打水375ml,3.00,6938309700526,瓶
4985,83.00,饮料,2.30,名仁苏打水6个柠檬375ml,3.00,6938309700533,瓶
4987,840.00,饮料,2.30,名仁玫瑰苏打375ml,3.00,6938309713403,瓶
4988,15.00,饮料,6.50,喜茶地中海桃金凤果汁茶450ml,7.90,6974348720002,瓶
4989,13.00,饮料,6.50,喜茶伊比西柚绿研果汁茶450ml,7.90,6974348720019,瓶
4991,44.00,饮料,6.50,喜茶双莓嫣红果汁茶450ml,7.90,6974348720132,瓶
4992,16.00,饮料,6.50,喜茶杨梅绿妍果汁茶450ml,7.90,6974348720392,瓶
4994,208.00,饮料,5.20,元気纤茶桑椹五黑茶500ml,6.30,6975176780510,瓶
4995,360.00,饮料,4.60,元気森林燃茶500ml,5.70,6975176782460,瓶
5000,55.00,饮料,3.50,大瑶橙汁500ml,4.50,6974800840286,瓶
5001,49.00,饮料,3.50,大瑶荔枝味500ml,4.50,6974800840330,瓶
5002,-2.00,饮料,12.30,椰树牌椰汁1L,14.90,6901347880390,盒
5003,16.00,饮料,12.30,椰树牌椰汁1升,14.90,6901347884343,盒
5004,1.00,饮料,2.50,康师傅红茶550ml,3.00,6944839905010,瓶
5005,7.00,饮料,2.50,康师傅绿茶550ml,3.00,6944839905164,瓶
5006,13.00,饮料,4.60,元気燃醇香乌龙茶500ml,5.70,6970399920118,瓶
5007,675.00,饮料,4.60,元気燃桃香乌龙茶500ml,5.70,6970399920132,瓶
5008,214.00,饮料,4.20,元気气泡水桃480ml,5.00,6970399920415,瓶
5009,266.00,饮料,4.20,元気气泡水橘480ml,5.00,6970399920439,瓶
5010,271.00,饮料,5.20,元気纤茶玉米须茶500ml,6.30,6970399921092,瓶
5019,1.00,饮料,5.00,电解质水西柚500ml,6.50,6970399922341,瓶
5020,208.00,饮料,5.00,电解质水荔枝海盐500ml,6.50,6970399922365,瓶
5021,81.00,饮料,5.00,电解质水青柠500ml,6.50,6970399922518,瓶
5022,144.00,饮料,4.20,元気森林夏黑葡萄480ml,5.00,6970399923096,瓶
5024,83.00,饮料,5.00,外星人电解质水白桃500ml,6.30,6970399927247,瓶
5025,31.00,饮料,2.10,百事可乐,2.50,6936571950052,罐
5026,300.00,饮料,3.90,康师傅蜂蜜柚子1L,4.70,6944839956852,瓶
5027,83.00,饮料,8.00,望山楂300ml,9.90,6971836970055,瓶
5028,211.00,饮料,8.00,望杏福300ml,9.90,6971836970086,瓶
5029,93.00,饮料,8.00,望桃花300ml,9.90,6971836970123,瓶
5030,266.00,饮料,8.00,白葡萄茉莉电解制水500ml,9.70,6974197980084,瓶
5032,312.00,饮料,3.90,康师傅茉莉蜜茶1L,4.70,6944839991983,瓶
5033,227.00,饮料,3.90,康师傅茉莉清茶1L,4.70,6944839992065,瓶
5034,1.00,饮料,2.50,康师傅茉莉蜜茶550ml,3.00,6944839993796,瓶
5036,89.00,副食,4.50,海福盛家常海鲜粥38g,5.90,6941541002068,盒
5037,53.00,副食,4.50,海福盛精炖牛肉粥38g,5.90,6941541002099,盒
5038,87.00,副食,4.50,海福盛排骨菌菇粥38g,5.90,6941541002129,盒
5043,37.00,副食,5.70,海福盛滕椒牛肉面70g,7.50,6941541002655,盒
5044,75.00,副食,4.50,海福盛皮蛋瘦肉粥37g,5.90,6941541005175,盒
5045,15.00,副食,5.70,海福盛牛肉面64g,7.50,6941541005236,盒
5046,14.00,副食,5.70,海福盛番茄鸡蛋面70g,7.50,6941541006349,盒
5047,52.00,副食,28.00,五芳斋绿豆糕伴手礼桂花,32.80,6941044008031,盒
5048,150.00,副食,12.00,五芳斋蔓越莓绿豆糕,14.00,6941044012649,盒
5051,-6.00,副食,7.00,雾岭山瓶装山楂片220g,10.00,6947954100780,罐
5052,-1.00,副食,7.00,雾岭山瓶装山楂条170g,10.00,6947954100797,瓶
5053,1.00,副食,10.00,海底捞酸辣牛肚粉136g,12.70,6971284201206,盒
5055,1.00,副食,10.00,海底捞番茄牛肉粉119g,12.70,6971284201244,盒
5060,6.00,副食,16.00,到饭点黑椒牛肉271g,20.80,6971885311816,盒
5061,19.00,副食,16.00,到饭点卤肉饭271g,20.80,6971885311830,盒
5062,13.00,副食,16.00,到饭点梅菜烧肉271g,20.80,6971885311892,盒
5063,45.00,副食,4.60,阿宽红油面皮酸辣105g,6.00,6926410320214,盒
5064,70.00,副食,4.60,阿宽酸辣粉130g,6.00,6926410321501,盒
5065,36.00,副食,4.60,阿宽重庆小面麻辣105g,6.00,6926410330954,盒
5066,22.00,副食,4.60,阿宽红油面皮麻辣105g,6.00,6926410337090,盒
5067,58.00,副食,4.60,阿宽红油面皮麻酱105g,6.00,6926410337250,盒
5069,225.00,副食,18.80,五芳斋真空栗子鲜肉粽,22.90,6907619663432,盒
5070,138.00,副食,15.00,五芳斋真空豆沙粽,18.90,6907619667669,盒
5073,117.00,副食,8.50,炉诱花椒锅巴220g,12.50,6972779770016,袋
5074,1.00,副食,8.50,炉诱黑芝麻锅巴220g,12.50,6972779770023,袋
5173,9.00,调料,9.00,李锦记薄盐生抽500ml,11.50,6922824000643,瓶
5175,4.00,调料,9.00,李锦记特级味极鲜500ml,11.50,6922824001329,瓶
5176,8.00,调料,7.80,李锦记凉拌汁207ml,9.90,4893888001360,瓶
5177,14.00,调料,2.20,王致和干黄酱180g,2.80,6907592001429,袋
5178,5.00,调料,6.00,李锦记金标生抽500ml,7.90,4893888001575,瓶
5181,38.00,调料,11.00,王守义十三香花椒55g,16.50,6906303002434,瓶
5182,-1.00,调料,6.50,王守义八角55g,8.50,6906303002441,袋
5184,37.00,调料,3.00,王守义炖肉24g,4.00,6906303004469,袋
5185,126.00,调料,3.80,王守义花椒粉20g,5.50,6906303004476,袋
5188,69.00,调料,4.50,王守义白胡椒粉25g,5.50,6906303004612,包
5189,89.00,调料,3.00,王守义卤料24g,4.00,6906303004643,袋
5193,1.00,调料,3.20,乌江脆口榨菜120g,4.10,6901754040936,袋
5196,7.00,调料,7.00,李锦记精选生抽500ml,9.90,6922824055018,瓶
5197,7.00,调料,6.00,李锦记锦珍生抽500ml,7.60,6922824055063,瓶
5200,13.00,调料,6.50,桥头大盘鸡调料150g,8.80,6936072100154,袋
5202,7.00,调料,14.00,小龙坎番茄火锅料250g,19.00,6971013100237,袋
5204,20.00,调料,5.80,桥头粉蒸肉料香辣220g,7.00,6936072100468,袋
5206,12.00,调料,24.00,桥头老火锅500g,34.90,6936072100871,袋
5208,21.00,调料,8.50,太太乐鸡精200g,9.50,6922130101485,袋
5209,4.00,调料,5.80,恒顺镇江香醋500ML,8.50,6902007115180,瓶
5210,11.00,调料,13.00,太太乐鲜鸡汁238g,16.50,6922130118483,瓶
5212,5.00,调料,14.00,小龙坎牛油火锅料198g,19.00,6970695160089,袋
5213,13.00,调料,4.70,麻辣川师小米辣200g,5.90,6924116170010,瓶
5214,7.00,调料,4.70,麻辣川师剁椒青200g,5.90,6924116170089,瓶
5215,2.00,调料,4.70,麻辣川师剁辣椒200g,5.90,6924116188879,瓶
5220,27.00,调料,8.90,甘竹牌香辣豆豉鱼184g,13.00,6902534238338,盒
5221,23.00,调料,9.00,甘竹牌豆豉鱼184g,13.00,6902534238499,盒
5224,74.00,调料,1.50,滋品源碱面150g,1.80,6942046300017,袋
5225,11.00,调料,1.40,滋品源小苏打200g,1.80,6942046300055,袋
5226,1.00,调料,3.20,川南袋装干豆豉200g,4.00,6915993301895,袋
5227,26.00,调料,1.00,川南麻辣萝卜丝53g,1.20,6915993302229,袋
5228,4.00,调料,1.00,川南学生榨菜53g,1.20,6915993303028,袋
5233,3.00,调料,8.50,李锦记财神蚝油255g,10.50,6918678310014,瓶
5235,28.00,调料,9.00,丘比沙拉酱(香甜）200g,12.00,6910160312377,瓶
5238,9.00,调料,12.50,小肥羊辣火锅235g,14.90,6935953399991,袋
5239,28.00,调料,4.50,海底捞火锅蘸料原味120g,6.50,6955381400601,盒
5240,34.00,调料,4.50,海底捞火锅蘸料香辣120g,6.50,6955381400700,盒
5243,10.00,调料,10.00,李锦记蒸鱼豉油410ml,12.50,6918678423035,瓶
5247,13.00,调料,4.50,北美林红豆馅400g,5.70,6935616500016,袋
5248,2.00,调料,18.00,冠生园蜂蜜500g,21.80,6930305500049,瓶
5249,16.00,调料,2.20,天香杂酱面酱180g,2.80,6944296500049,袋
5250,53.00,调料,3.50,好人家麻婆豆腐80g,4.70,6920143500509,袋
5252,19.00,调料,8.50,百梦多咖喱原味100g,11.80,6936749501109,盒
5253,19.00,调料,8.50,好时百梦多咖喱（微辣）,11.80,6936749501116,盒
5254,24.00,调料,5.30,家乐浓汤宝猪骨64g,6.30,6922848608870,盒
5255,31.00,调料,5.30,家乐浓汤宝老母鸡64g,6.30,6922848608894,盒
5256,4.00,调料,8.50,蜀兴郫县豆瓣酱1kg,10.80,6939044610002,袋
5258,2.00,调料,12.70,海底捞清油麻辣火锅底料220g,15.90,6942032700029,袋
5260,8.00,调料,11.50,海底捞番茄底料200g,13.00,6942032700050,袋
5262,16.00,调料,11.50,海底捞三鲜火锅底料200g,13.00,6942032700067,袋
5263,24.00,调料,12.70,海底捞麻辣香锅220g,15.90,6942032700098,袋
5264,15.00,调料,8.50,老干妈红油豆腐乳260g,11.00,6921804700184,瓶
5266,7.00,调料,8.50,老干妈豆豉油辣椒280g,10.50,6921804700757,瓶
5273,13.00,调料,11.00,象国芝麻沙拉汁260g,15.20,6972011730051,袋
5281,13.00,调料,4.00,家家餐红薯淀粉200g,5.90,6970470758319,袋
5285,36.00,调料,10.80,红九九400g,14.00,6933453800078,袋
5287,18.00,调料,1.30,营口大酱150g,1.50,6920633801048,袋
5288,6.00,调料,6.80,老才臣饺子醋500ml,9.50,6930628801304,瓶
5289,15.00,调料,5.80,欣和葱伴侣豆瓣酱300g,7.80,6921204802204,盒
5291,1.00,调料,5.50,淘大黄豆酱油550ml,6.80,6972559820108,瓶
5292,5.00,调料,4.50,瓜渚湖黄酒500ml,5.90,6920319827799,瓶
5294,38.00,调料,2.80,王守义十三香45g,3.90,6906303888885,盒
5295,42.00,调料,3.00,王守义饺子馅料45g,3.90,6906303888908,袋
5296,10.00,调料,6.50,喜神醪糟500g,8.50,6928454900087,瓶
5297,9.00,调料,9.00,好运多夹馍酱辣280g,11.60,6947769900766,瓶
5298,12.00,调料,8.00,紫林金牌老陈醋5年500ml,10.90,6922165900770,瓶
5299,9.00,调料,6.50,紫林金牌陈醋3年500ml,9.50,6922165900787,瓶
5301,7.00,调料,8.80,好运多香菇牛肉酱218g,10.80,6947769901008,瓶
5302,3.00,调料,11.20,六必居纯芝麻酱300g,13.50,6909689901483,瓶
5305,133.00,调料,1.50,安琪酵母15g,1.90,6917790975323,袋
5306,36.00,干货,16.28,打谷塬虫草花60g,22.00,6970373120350,袋
5307,39.00,干货,23.68,打谷塬薄皮核桃500g,32.00,6970373120695,袋
5308,27.00,干货,13.32,打谷塬赤小豆500g,18.00,6970373125041,袋
5309,32.00,干货,17.68,打谷塬菌汤包70g,26.00,6970373127564,袋
5332,30.00,鸡蛋,19.00,秦巴山五香变蛋6枚,23.80,6957335207168,盒
5335,33.00,鸡蛋,22.30,秦巴山包泥松花蛋9枚,25.80,6957335216016,盒
5336,3.00,鸡蛋,23.00,秦巴山土光头松花蛋9枚,26.80,6957335216023,盒
5337,4.00,鸡蛋,11.80,牧童红心咸鸭蛋6枚,14.30,6931303688579,盒
5338,7.00,鸡蛋,29.50,秦巴山土鸡蛋20枚,35.90,6943036808032,盒
5339,36.00,鸡蛋,12.10,秦巴山鹌鹑蛋24枚,14.80,6943036809015,盒
5341,8.00,鸡蛋,67.00,秦巴山土鸡蛋36枚,79.00,6943036812046,盒
5343,101.00,乳制品,8.00,咖啡大师燕麦奶250ml,9.90,6974613130055,盒
5344,10.00,乳制品,8.00,原味醇香燕麦奶250ml.,9.90,6974613130062,盒
5345,1.00,乳制品,8.00,原味低脂燕麦奶250ml,9.90,6974613130079,盒
5346,53.00,乳制品,8.00,巧克力味燕麦奶250ml,9.90,6974613130086,盒
5347,41.00,乳制品,24.50,咖啡大师燕麦奶1升,28.50,6974613130109,盒
5348,18.00,乳制品,46.00,原味醇香燕麦奶6连包,55.00,6974613130314,袋
5349,4.00,乳制品,46.00,低脂醇香燕麦奶6连包,55.00,6974613130345,袋
5350,-3.00,乳制品,46.00,巧克力燕麦奶6连包,55.00,6974613130376,袋
5351,12.00,乳制品,46.00,咖啡大师燕麦奶6连包,55.00,6974613130383,袋
5353,57.00,乳制品,53.00,蒙牛特仑苏低脂250ml*12,68.00,6923644232658,提
5356,21.00,乳制品,65.00,纯甄PET原味酸奶,78.00,6923644284947,提
5357,49.00,乳制品,65.00,特仑苏有机奶,78.00,6923644295844,提
5366,4.00,乳制品,7.30,银桥益生菌酸奶436g,8.20,6904007605050,盒
5368,3.00,乳制品,33.50,银桥康美包纯奶,38.00,6904007606569,提
5369,16.00,乳制品,38.00,银桥原点牧场纯奶,44.70,6904007606606,提
5372,4.00,乳制品,15.00,银桥4连杯百香果酸奶,18.00,6904007607870,盒
5373,1.00,乳制品,8.90,银桥牧场纯牛奶180g,11.10,6904007607900,袋
5374,1.00,乳制品,10.20,银桥裸酸奶160g,12.50,6904007607917,袋
5375,1.00,乳制品,10.20,银桥炭烧酸奶160g,12.50,6904007607924,袋
5378,1.00,乳制品,6.50,银桥轻实风味酸牛奶135g,7.90,6904007608563,杯
5385,7.00,零食,12.50,康师傅5连包红烧,13.80,6921774200639,袋
5389,1.00,零食,14.50,星巴克星冰乐咖啡281ml,17.60,6970870270015,瓶
5391,3.00,零食,14.50,星巴克星冰乐香草281ml,17.60,6970870270152,瓶
5392,6.00,零食,14.50,星巴克星冰乐焦糖281ml,17.60,6970870270213,瓶
5393,96.00,零食,11.90,星巴克黑咖啡270ml,14.90,6970870270534,瓶
5395,5.00,零食,8.00,星巴克经典浓郁228ml,9.90,6970870270657,瓶
5396,23.00,零食,8.00,星巴克经典美式228ml,9.90,6970870270664,瓶
5397,13.00,零食,8.00,星巴克焦香玛奇朵228ml,9.90,6970870270671,瓶
5398,49.00,零食,9.50,星巴克拿铁咖啡270ml,11.50,6970870270947,瓶
5399,7.00,零食,9.50,星巴克芝士奶香拿铁270ml,11.50,6970870270961,瓶
5400,19.00,零食,12.50,康师傅5连包香辣牛肉,13.80,6921774271547,袋
5401,67.00,零食,12.50,康师傅5连包香菇炖鸡,13.80,6921774271622,袋
5402,17.00,零食,12.50,康师傅5连包麻辣牛肉,13.80,6921774286305,袋
5403,32.00,零食,8.50,华丰三鲜5连包,9.30,6901715291247,袋
5404,41.00,零食,12.20,华丰油泼辣子5连包,14.00,6901715292527,袋
5405,3.00,零食,3.70,华丰油泼辣子碗装,4.30,6901715292541,盒
5406,23.00,零食,15.80,思朗纤麸黑芝麻饼570g,19.50,6923250611267,袋
5407,19.00,零食,15.80,思郎无糖消化饼570g,19.50,6923250611281,袋
5408,17.00,零食,14.00,康师傅苏打夹心奶油三联375g,16.30,6919892634108,袋
5409,30.00,零食,14.00,康师傅苏打三联香草375g,16.30,6919892634306,袋
5410,11.00,零食,14.00,康师傅果香蓝莓三联375g,16.30,6919892634603,袋
5413,3.00,零食,13.50,康师傅妙芙巧克力蛋糕192g,16.00,6920731700205,盒
5415,3.00,零食,13.50,康师傅妙芙香芋蛋糕192g,16.00,6920731703305,盒
5417,79.00,零食,30.00,精品冻干即溶咖啡粉,38.00,6931051900893,盒
5424,136.00,干货,10.00,野森林鹿茸菇50g,13.80,6974919370070,袋
5425,25.00,干货,4.00,野森林水晶粉丝150g,7.60,6974919370087,袋
5426,15.00,干货,16.00,野森林五色糙米1kg,21.30,6974919370254,袋
5427,7.00,干货,31.50,野森林三色藜麦米1kg,41.30,6974919370476,袋
5428,36.00,干货,6.00,手工空心苦荞挂面200g,7.80,6974919371367,袋
5429,40.00,干货,5.50,手工空心挂面200g,7.60,6974919371374,袋
5431,91.00,干货,13.00,阿一波紫菜海苔7枚装,17.60,6926213557985,袋
5432,115.00,干货,20.00,野森林百合188g,26.00,6928710600034,袋
5433,340.00,干货,45.00,野森林香菇300g,54.80,6928710600058,包
5434,55.00,干货,20.00,野森林黄花菜200g,24.80,6928710600065,袋
5435,193.00,干货,18.00,野森林银耳145g,23.00,6928710600072,袋
5436,3.00,干货,18.00,野森林枸杞子160g,23.80,6928710600089,包
5437,34.00,干货,26.00,野森林莲子180g,34.80,6928710600096,袋
5439,10.00,干货,7.50,野森林龙口粉丝400g,8.90,6928710600164,袋
5440,326.00,干货,20.00,绿之林新疆灰枣400g,25.00,6924773600165,袋
5442,12.00,干货,48.00,野森林腰果400g,60.00,6928710600195,袋
5445,28.00,干货,16.00,野森林桂圆450g,18.80,6928710600300,袋
5446,"2,656.00",干货,37.00,野森林木耳300g,49.50,6928710600362,包
5447,863.00,干货,22.00,野森林腐竹500g,28.50,6928710600485,包
5448,12.00,干货,15.00,野森林干坛紫菜60g,18.50,6928710600980,袋
5450,7.00,干货,6.00,野森林虾片208g,7.50,6928710601215,包
5451,22.00,干货,8.50,野森林厥根粉丝400g,13.00,6928710601222,包
5452,279.00,干货,52.00,野森林新疆大枣1000g,67.50,6928710601512,包
5454,170.00,干货,33.00,森林味道核桃680g,45.00,6928710601611,袋
5458,423.00,干货,56.00,野森林美国大杏仁500g,73.00,6928710601703,袋
5459,457.00,干货,54.00,野森林碧根果500g,73.00,6928710601741,袋
5460,199.00,干货,41.00,野森林巴达木500g,53.00,6928710601758,袋
5461,17.00,干货,65.00,野森林开口松子500g,79.90,6928710601765,袋
5462,7.00,干货,65.00,野森林开心果500g,79.90,6928710601772,袋
5465,636.00,干货,52.00,长白山秋木耳150g,64.80,6928710601925,袋
5469,6.00,干货,15.00,野森林有机紫菜45g,19.50,6928710602052,袋
5470,224.00,干货,50.00,米脂小米2.5kg,62.50,6928710602212,袋
5472,545.00,干货,45.00,森林味道木耳280g,57.90,6928710602304,袋
5473,36.00,干货,29.00,野森林茶树菇150g,39.00,6928710609075,袋
5474,23.00,干货,37.00,野森林竹荪50g,49.00,6928710609082,袋
5475,24.00,干货,7.00,野森林海带丝50g,9.90,6928710609174,袋
5476,93.00,干货,48.00,野森林黑枸杞188g,66.50,6928710609204,瓶
5477,159.00,干货,14.00,野森林玫瑰花100g,19.90,6928710609228,瓶
5478,130.00,干货,9.50,野森林干柠檬片50g,12.90,6928710609235,瓶
5479,27.00,干货,35.00,绿芝林秋木耳180g,45.00,6924773610010,袋
5480,191.00,干货,11.50,野森林黑芝麻罐装238g,15.70,6928710660052,袋
5481,1.00,干货,48.00,野森林罐装开心果350g,64.90,6928710660069,袋
5482,265.00,干货,38.00,野森林碧根果350g,51.00,6928710660076,袋
5483,297.00,干货,33.00,野森林罐装巴旦木350g,46.00,6928710660083,袋
5484,14.00,干货,62.00,野森林罐装松子450g,81.00,6928710660090,袋
5485,276.00,干货,58.00,野森林罐装杏仁450g,75.00,6928710660106,袋
5486,308.00,干货,21.00,野森林葡萄干450g,28.00,6928710660113,袋
5488,9.00,干货,33.00,野森林夏威夷果350g,46.00,6928710660144,袋
5496,3.00,干货,5.20,龙须龙口火锅伴侣200g,7.50,6942848800050,包
5498,2.00,调料,7.00,王致和大块腐乳340g,8.80,6907592000026,瓶
5499,8.00,调料,7.00,王致和玫瑰腐乳340g,8.80,6907592000033,瓶
5500,45.00,调料,7.00,王致和红辣腐乳340g,8.80,6907592000040,瓶
5501,20.00,调料,5.90,王致和精制料酒500ml,7.00,6907592001245,瓶
5502,38.00,调料,5.90,王致和葱姜料酒500ml,7.50,6907592001948,瓶
5503,7.00,调料,9.00,王致和纯芝麻酱225g,12.80,6907592002013,瓶
5505,74.00,调料,6.00,王致和白腐乳240g,7.90,6907592007056,瓶
5507,132.00,调料,1.30,海藻盐350G,1.80,6926198012233,袋
5508,641.00,调料,3.00,雪天低钠盐350g,5.00,6956064018670,袋
5509,2.00,调料,1.20,雪天加碘盐400g,2.00,6956064018861,袋
5510,35.00,调料,11.00,窝窝醪糟600g,13.90,6924115086107,瓶
5511,5.00,调料,8.00,海天红烧酱油500ml,10.50,6902265107057,瓶
5512,5.00,调料,13.50,梅林午餐肉340g,16.50,6902131110020,盒
5513,43.00,调料,8.50,海天蒸鱼豉油450ml,10.50,6902265111719,瓶
5514,3.00,调料,8.30,海天特级金标生抽500ml,11.00,6902265114321,瓶
5515,10.00,调料,8.50,海天特级一品鲜酱油500ml,11.00,6902265114345,瓶
5516,7.00,调料,9.80,海天特级草菇老抽500ml,14.20,6902265114369,瓶
5517,13.00,调料,8.00,海天特级味级鲜酱油500ml,9.90,6902265114888,瓶
5518,17.00,调料,5.50,海天香醋445ml,6.80,6902265115496,瓶
5519,11.00,调料,8.00,梅林八宝饭350G,12.00,6902131130011,盒
5520,8.00,调料,18.00,梅林精制午餐肉258g,23.20,6902131130882,盒
5521,6.00,调料,9.90,海天味极鲜750ml,11.50,6902265150015,瓶
5522,13.00,调料,6.40,海天鲜味生抽王500ml,8.50,6902265170501,瓶
5528,13.00,调料,19.00,苏伯西红柿蛋花汤80g,24.00,6932583203438,盒
5529,16.00,调料,19.00,苏伯紫菜蛋花汤80g,24.00,6932583206590,盒
5530,11.00,调料,8.40,海天草菇老抽 500ml,10.90,6902265210504,瓶
5531,12.00,调料,6.40,海天老抽王500ml,8.50,6902265240501,瓶
5533,8.00,调料,6.50,海天上等蚝油700ml,7.90,6902265360018,瓶
5534,14.00,调料,23.00,野森林菌汤料包100g,33.80,6974919370025,袋
5535,1.00,调料,4.50,野森林海带结80g,8.00,6974919370124,袋
5536,11.00,调料,3.00,野森林香叶40g,5.50,6974919371343,盒
5537,13.00,调料,7.50,海天海鲜酱,12.00,6902265440291,瓶
5538,8.00,调料,5.50,海天黄豆酱230g,6.50,6902265470236,瓶
5539,267.00,调料,15.50,野森林洋槐蜂蜜500g,19.90,6971947498080,瓶
5543,9.00,调料,4.50,海天番茄沙司250g,5.90,6902265540250,瓶
5544,169.00,调料,6.00,阿一波橄榄菜185g,7.70,6926213559019,瓶
5545,39.00,调料,12.00,麻辣先生手工牛油火锅料200g,18.90,6971851560026,袋
5549,8.00,调料,16.00,麻辣先生菜小方火锅料240g,25.90,6971851560439,袋
5550,411.00,调料,9.00,阿一波虾皮50g,13.00,6926213560831,袋
5551,12.00,调料,12.00,海天金标蚝油625g,15.50,6902265590712,瓶
5560,25.00,调料,5.70,野森林黑豆皮120g,8.00,6928710605138,袋
5561,25.00,调料,5.70,野森林火锅豆皮150g,8.00,6928710605176,袋
5562,218.00,调料,10.50,野森林高良姜150g,15.00,6928710609518,盒
5563,46.00,调料,10.50,野森林白芷200g,15.00,6928710609525,盒
5564,124.00,调料,43.00,野森林肉蔻300g,63.00,6928710609532,盒
5565,162.00,调料,26.00,野森林白寇90g,38.00,6928710609549,盒
5566,17.00,调料,8.50,野森林小茴香200g,13.00,6928710609556,盒
5567,74.00,调料,18.00,野森林丁香200g,26.00,6928710609563,盒
5568,359.00,调料,27.00,野森林花椒150g,39.00,6928710609570,盒
5570,88.00,调料,22.00,野森林八角100g,32.00,6928710609594,盒
5571,2.00,调料,19.00,野森林草果200g,28.00,6928710609600,盒
5572,1.00,调料,6.00,野森林辣椒段150g,8.50,6928710609761,袋
5573,8.00,调料,11.50,野森林辣椒面300g,15.70,6928710609778,袋
5574,-1.00,调料,4.60,海天白米醋500ml,6.40,6902265610014,瓶
5575,2.00,调料,10.50,亨氏黑胡椒酱200g,12.50,6921956645586,瓶
5576,13.00,调料,10.50,亨氏烧烤酱200g,12.50,6921956645593,瓶
5583,18.00,调料,35.00,千禾有机酱油500ml,50.40,6928312900181,瓶
5584,6.00,调料,12.00,千禾头道原香180天,17.50,6928312900204,瓶
5585,4.00,调料,24.00,千禾180天头道酱油1.28L,37.40,6928312900525,瓶
5587,5.00,调料,13.50,风球黑胡椒汁250g,16.00,6920267904146,瓶
5588,6.00,调料,18.00,风球辣鲜露472g,22.00,6920267904344,瓶
5589,12.00,调料,11.50,风球黑椒牛排酱250g,16.00,6920267907420,瓶
5594,13.00,调料,12.00,风球鲍汁蚝油390g,14.00,6920267909844,瓶
5595,5.00,调料,9.00,千禾窖醋2年1.8升,11.70,6928312911668,瓶
5596,12.00,调料,8.50,千禾特级草菇老抽500ml,10.20,6928312918001,瓶
5597,21.00,调料,7.80,赖汤圆心340g,10.80,6907661938847,包
5598,10.00,调料,7.80,赖汤圆粉610g,10.80,6907661938854,袋
5599,13.00,调料,11.50,千禾糯米香醋1L,19.20,6928312961090,瓶
5600,4.00,调料,10.00,仲景香菇酱原味210g,13.50,6942806981951,瓶
5601,24.00,调料,10.50,仲景香辣香菇酱215g,13.50,6942806981999,瓶
5602,12.00,调料,10.50,仲景香菇酱麻辣210g,13.50,6942806982064,瓶
5603,18.00,调料,14.00,仲景麻辣油258ml,18.00,6942806982972,瓶
5604,7.00,调料,12.90,仲景花椒油258ml,17.00,6942806982989,瓶
5605,23.00,调料,10.50,仲景辣椒油258ml,14.50,6942806983047,瓶
5607,12.00,调料,11.90,仲景牛肉酱鲜辣210g,15.00,6942806983511,瓶
5608,22.00,调料,11.90,仲景牛肉酱五香210g,15.00,6942806983528,瓶
5610,18.00,调料,16.50,千禾有机酱油210ml,21.00,6928312984228,瓶
5613,450.00,杂粮,9.00,野森林糙米1000g,10.80,6928710601017,袋
5614,177.00,杂粮,8.00,野森林冰糖500g精选,10.30,6928710600317,袋
5615,39.00,杂粮,11.00,野森林白糖1000g,13.50,6928710600331,袋
5616,29.00,杂粮,12.50,野森林江米1000g,16.30,6928710600546,包
5617,804.00,杂粮,18.00,野森林小米1000g,22.50,6928710600553,包
5618,640.00,杂粮,20.00,野森林红小豆1000g,25.90,6928710600560,包
5619,7.00,杂粮,17.50,野森林绿豆1000g,22.80,6928710600577,包
5620,21.00,杂粮,12.50,野森林黄豆1000g,16.30,6928710600584,包
5621,510.00,杂粮,11.00,野森林燕麦片1000g,14.70,6928710600591,包
5622,37.00,杂粮,20.00,野森林花生米1000g,26.00,6928710600614,包
5623,"1,055.00",杂粮,18.00,野森林黑米1000g,23.50,6928710600621,包
5624,14.00,杂粮,7.00,野森林玉米粥1000g,10.00,6928710600713,包
5625,133.00,杂粮,6.90,野森林红糖精选500g,8.50,6928710600805,包
5626,9.00,杂粮,12.00,野森林黄冰糖500g,15.80,6928710601147,袋
5627,47.00,杂粮,6.20,野森林黑豆500g,7.50,6928710601284,包
5628,37.00,杂粮,11.50,野森林五谷粥500g,15.00,6928710601352,包
5630,9.00,杂粮,5.50,精选园江米500g,8.00,6928710601406,包
5631,165.00,杂粮,16.00,野森林薏米500g,20.00,6928710601437,包
5632,9.00,杂粮,10.00,野森林菊花冰糖500G,13.50,6928710601734,包
5639,101.00,杂粮,26.00,野森林每日粗粮700g,34.80,6928710602151,袋
5640,75.00,杂粮,30.00,野森林藜麦650g,39.90,6928710609211,瓶
5641,37.00,杂粮,10.00,野森林罐装白芝麻238g,13.50,6928710660045,袋
5642,32.00,杂粮,9.00,野森林白糖罐装700g,12.50,6928710660175,袋
5643,72.00,杂粮,9.00,野森林冰糖罐装600g,13.50,6928710660182,袋
5649,219.00,杂粮,18.00,野森林薏米600g,24.00,6928710660496,袋
5654,2.00,冻货,15.00,鲜美来巴沙鱼248g,18.90,6950327000884,袋
5656,13.00,冻货,20.50,鲜美来火锅八爪鱼200g,25.80,6950327001041,袋
5657,6.00,冻货,19.50,鲜美来火锅鱿鱼须200g,23.90,6950327001058,袋
5661,12.00,冻货,75.00,虾仁650g,95.00,6971881050054,袋
5662,2.00,冻货,90.00,精选生虾1300g,118.00,6971881050238,袋
5664,3.00,冻货,18.00,好邦鸡脯肉1000g,23.00,6947689112102,袋
5665,14.00,冻货,50.00,好邦单冻翅中1000g,59.00,6947689112454,袋
5677,3.00,冻货,30.00,湾仔码头猪肉白菜水饺720g,37.90,4891913367238,袋
5679,9.00,冻货,32.00,湾仔码头韭黄水饺400g,39.90,4891913367344,袋
5681,-4.00,冻货,17.00,整切眼肉牛排150g,21.00,6945482421773,盒
5693,1.00,冻货,13.00,安井鱼籽包240g,15.80,6971738655326,袋
5694,-1.00,冻货,18.00,安井撒尿牛丸240g,21.50,6971738655333,袋
5696,1.00,冻货,13.00,安井鱼豆腐240g,15.80,6971738655371,袋
5697,3.00,冻货,13.00,安井包心鱼丸240g,15.80,6971738655388,袋
5698,16.00,冻货,13.00,安井蟹味宝240g,15.80,6971738655395,袋
5699,3.00,冻货,21.00,安井潮汕牛丸200g,24.50,6971738655401,袋
5701,4.00,冻货,19.00,安井鱼籽福袋150g,21.80,6971738656095,袋
5702,6.00,冻货,10.00,思念无糖黑芝麻汤圆400g,12.80,6921665700194,袋
5707,11.00,冻货,9.00,思念原味手抓饼450g,11.80,6921665714429,袋
5708,5.00,冻货,9.00,思念葱香手抓饼450g,11.80,6921665714436,袋
5710,14.00,冻货,10.00,思念大黄米黑芝麻汤圆454g,12.80,6921665732577,袋
5712,3.00,冻货,27.00,湾仔码头虾皇小云吞400g,33.90,4891913750351,袋
5713,12.00,冻货,48.00,众厨乐臭鲑鱼350g,59.80,6971081780034,袋
5716,20.00,冻货,52.00,美尔滋原切上脑肥牛肉片500g,61.50,6958196800338,袋
5718,1.00,冻货,21.00,草原美尔滋脆骨羊肉卷200g,26.80,6958196800390,盒
5720,7.00,冻货,34.00,美尔滋350g羔羊肉盒装1,40.00,6958196800499,盒
5724,1.00,冻货,17.00,盐酥鸡米花800g,21.00,6970567810067,袋
5725,5.00,冻货,63.00,好邦烤翅中1500g,78.00,6970567819022,袋
5726,17.00,冻货,70.00,北极甜虾750g,90.00,6943890900333,袋
5728,5.00,冻货,75.00,黑虎虾10头/包,98.00,6957890900335,袋
5730,7.00,冻货,150.00,屿品堂海参,185.00,6973820980132,袋
5731,55.00,零食,21.50,三胖蛋瓜子罐装218g,33.00,6925723000028,罐
5732,31.00,零食,12.00,三胖蛋原味瓜子白袋180g,16.00,6925723000080,袋
5735,15.00,零食,9.00,小猪佩奇草莓饼干160g,10.90,6924546000802,袋
5736,10.00,零食,9.00,小猪佩奇柠檬饼干160g,10.90,6924546000819,袋
5737,2.00,零食,9.00,小猪佩奇巧克力160g,10.90,6924546000826,盒
5739,4.00,零食,105.00,雀巢醇品速溶咖啡500g,140.00,6903473015103,罐
5740,11.00,零食,17.00,波力海苔原味24g,24.50,6918598028105,袋
5742,26.00,零食,6.40,百醇巧克力味48g,7.90,6901845040685,盒
5743,64.00,零食,6.40,百醇牛奶味,7.90,6901845040692,盒
5744,39.00,零食,6.40,百醇提拉米苏味48g,7.90,6901845040951,盒
5745,20.00,零食,6.40,百醇抹茶慕斯味,7.90,6901845040968,盒
5746,16.00,零食,6.40,百醇红酒巧克力味,7.90,6901845041248,盒
5747,43.00,零食,6.40,百醇榛仁巧克力味48g,7.90,6901845041712,盒
5751,351.00,零食,8.30,费列罗3粒装巧克力,9.80,80050278,支
5753,2.00,零食,140.00,费列罗巧克力32粒,169.00,8000500067567,盒
5755,18.00,零食,21.50,旺旺仙贝520g,25.50,6909995101676,袋
5756,3.00,零食,9.80,溜溜梅清梅160g,12.90,6923976110136,袋
5757,14.00,零食,21.50,旺旺雪饼520g,25.50,6909995110326,袋
5759,32.00,零食,9.80,溜溜梅乌梅160g,12.90,6923976112161,袋
5762,11.00,零食,5.20,太阳锅巴孜然130g,6.70,6901306180707,袋
5763,2.00,零食,5.20,太阳锅巴麻辣130g,6.70,6901306180714,袋
5764,1.00,零食,105.00,费列罗巧克力24粒,139.00,8000500180723,盒
5765,22.00,零食,5.20,太阳锅巴五香130g,6.70,6901306180738,袋
5766,14.00,零食,9.80,溜溜梅雪梅160g,12.90,6923976181266,袋
5767,145.00,零食,3.70,露露杏仁露,4.50,6901808188881,罐
5768,6.00,零食,30.40,海底捞麻辣嫩牛火锅405g,39.90,6971284200001,盒
5769,10.00,零食,30.40,海底捞番茄牛腩火锅365g,39.90,6971284200049,盒
5770,19.00,零食,30.40,海底捞脆爽牛肚火锅435g,39.90,6971284200063,盒
5771,26.00,零食,27.50,海底捞香辣素食火锅400g,34.90,6971284200087,盒
5772,29.00,零食,13.00,脆香米牛奶120g,16.90,6914973200685,袋
5774,21.00,零食,30.50,德芙士力架碗装460g,37.00,6914973206106,盒
5779,26.00,零食,30.00,沃隆坚果175gA白,40.00,6959479300422,袋
5780,18.00,零食,30.00,沃隆坚果B黄175g,40.00,6959479300439,盒
5781,7.00,零食,42.00,德芙心语98g,46.00,6914973300828,条
5783,2.00,零食,3.20,王老吉凉茶310ml,4.00,6956367338680,罐
5784,7.00,零食,10.20,百吉猫麻300g,12.70,6923668390075,袋
5785,27.00,零食,10.20,百吉猫锅巴孜然300g,12.70,6923668390181,袋
5786,15.00,零食,13.50,德福祥伍仁油茶400g,16.90,6931802400047,袋
5787,3.00,零食,13.50,德福祥八宝咸油茶400g,16.90,6931802400078,袋
5788,38.00,零食,18.50,德福祥牛骨髓油茶680g,27.90,6931802400085,袋
5790,15.00,零食,14.90,牛浪汉牛肉粒80g,18.00,6923228400381,袋
5792,61.00,零食,18.00,牛浪汉泡椒牛肉160g,23.00,6923228400817,袋
5793,63.00,零食,5.00,众望麻花咸味200g,6.50,6922895401226,袋
5795,50.00,零食,6.30,黄飞鸿花生110g,7.50,6925843404249,包
5799,38.00,零食,11.00,纳宝帝奶酪威化饼干200g,14.50,8993175537391,袋
5800,10.00,零食,13.00,M豆-花生牛奶巧克力豆100g,16.90,6914973601567,条
5802,15.00,零食,9.50,百草味黄桃干100g,12.90,6948939602381,袋
5804,46.00,零食,8.50,百草味板栗仁80g,11.80,6948939602572,袋
5807,19.00,零食,31.00,德芙香浓黑巧碗装,36.50,6914973604230,盒
5808,24.00,零食,31.00,德芙香白巧碗装,36.50,6914973604278,盒
5810,5.00,零食,21.00,智力奶香金典麦片480g,26.00,6925785605773,袋
5812,12.00,零食,31.00,智力桂花莲子藕粉420g,35.80,6925785605797,袋
5815,9.00,零食,31.00,智力红豆薏米燕麦520g,38.90,6925785605902,袋
5818,21.00,零食,30.00,智力水果坚果麦脆300g,39.90,6925785606404,袋
5819,2.00,零食,40.00,智力酸奶麦脆316g,52.90,6925785606442,袋
5820,45.00,零食,9.80,百草味蔓越莓干100g,12.90,6948939608208,袋
5826,1.00,零食,75.00,恒康开口松子420g罐装,95.00,6920771613763,罐
5828,18.00,零食,68.00,恒康巴达木420g罐装,85.00,6920771613787,罐
5833,23.00,零食,6.50,法丽滋香草柠檬曲奇115g,8.50,6947929617169,瓶
5834,30.00,零食,6.50,法丽滋黑巧克力曲奇115g,8.50,6947929617176,袋
5835,8.00,零食,6.50,法丽滋抹茶慕斯曲奇115g,8.50,6947929617183,盒
5836,21.00,零食,10.30,恒康山核桃味瓜子250g,13.00,6920771617785,袋
5837,15.00,零食,10.30,恒康焦糖味瓜子250g袋装,13.00,6920771617792,袋
5840,26.00,零食,7.50,金鸽多味葵花籽260g,9.50,6922133651086,袋
5841,30.00,零食,10.00,益达草莓40粒装,12.50,6923450656150,瓶
5842,17.00,零食,10.00,益达薄荷口味40粒装,12.50,6923450656181,盒
5843,40.00,零食,10.00,益达香橙40粒装,12.50,6923450656860,瓶
5844,58.00,零食,10.00,益达西瓜味40粒装.,12.50,6923450657638,瓶
5845,48.00,零食,10.00,益达蓝莓40粒装,12.50,6923450657935,瓶
5846,1.00,零食,7.70,5弹酸劲草莓18粒,9.90,6923450662106,瓶
5850,27.00,零食,14.00,王小卤虎皮凤爪卤香105g,17.90,6972636670213,袋
5851,54.00,零食,14.00,王小卤凤爪香辣105g,17.90,6972636670237,袋
5852,53.00,零食,14.00,王小卤凤爪椒麻105g,17.90,6972636670244,袋
5853,14.00,零食,10.00,可居吊炉花生（蒜茸味）308g,12.80,6927682700018,袋
5854,31.00,零食,2.40,舒碱苏打水,3.00,6970783730019,瓶
5855,47.00,零食,2.40,舒碱茉莉花苏打水,3.00,6970783730132,瓶
5857,35.00,零食,3.50,统一阿萨姆奶茶500ml,4.30,6925303730574,瓶
5860,8.00,零食,16.50,好丽友提拉米苏,21.50,6920907801347,盒
5861,31.00,零食,3.70,好多鱼烧烤味34g,4.50,6920907808179,盒
5862,26.00,零食,3.70,好多鱼鸡翅味34g,4.50,6920907808278,盒
5864,12.00,零食,5.00,呀土豆薯条番茄味70g,5.90,6920907808537,袋
5865,11.00,零食,5.00,呀土豆薯条里脊牛排70g,5.90,6920907808575,袋
5866,21.00,零食,5.00,呀土豆薯条烤鸡70g,5.90,6920907808612,袋
5867,1.00,零食,80.00,绿盛牛肉粒200g16盒,105.00,6907149808969,盒
5868,8.00,零食,7.00,好丽友薯愿原味104g,8.50,6920907809862,罐
5869,28.00,零食,7.00,好丽友薯愿红酒牛排味104g,8.50,6920907809886,罐
5870,8.00,零食,7.00,好丽友薯愿番茄104g,8.50,6920907809909,桶
5872,98.00,零食,4.00,好丽友能量棒40g,5.30,6920907816044,袋
5873,-1.00,零食,5.50,好丽友蛋白坚果棒50g,6.90,6920907816075,袋
5874,1.00,零食,10.70,恰恰香瓜子260g,13.90,6924187821644,袋
5875,13.00,零食,11.20,洽洽原香瓜子285g,15.90,6924187821989,袋
5877,38.00,零食,9.20,洽洽香瓜子奶油味285g,12.50,6924187824959,袋
5881,15.00,零食,10.00,不二家果味棒棒糖女孩125g,13.80,6937451831256,袋
5885,30.00,零食,6.80,洽洽焦糖瓜子108g,8.90,6924187851160,袋
5886,8.00,零食,4.60,洽洽每日坚果26g,6.20,6924187858084,袋
5887,12.00,零食,33.00,洽洽每日坚果182g,44.50,6924187858725,袋
5889,38.00,零食,12.90,螺霸王螺蛳粉原味330g,17.00,6970209860221,袋
5890,56.00,零食,12.90,螺霸王螺蛳粉麻辣,17.00,6970209860467,袋
5892,15.00,零食,28.00,洽洽坚果燕麦片家庭装350g,36.00,6924187875333,盒
5893,14.00,零食,32.00,洽洽坚果酸奶水果燕麦片350g,42.90,6924187876576,盒
5894,35.00,零食,9.00,芝麻官胡豆280g,11.50,6920609900362,袋
5895,20.00,零食,20.00,奥利奥原味饼干418g,25.00,6901668937032,盒
5897,4.00,零食,4.50,雪海梅乡山楂饼150g,6.50,6920130970926,袋
5898,25.00,零食,9.50,雪海梅乡葡萄干165g,13.80,6920130971107,袋
5899,20.00,零食,9.50,雪海梅乡草莓干66g,13.80,6920130971879,袋
5900,27.00,零食,9.50,雪海梅乡黄桃干66g,13.80,6920130971886,袋
5902,8.00,蛋糕,13.20,奶油毛毛虫250g,15.00,6371251234,袋
5903,3.00,蛋糕,13.20,脏脏包250g,15.00,6371251235,袋
5904,11.00,蛋糕,10.56,小章鱼60g,12.00,6371251236,袋
5905,13.00,蛋糕,11.26,乳酸布里欧120g,12.80,6371251237,袋
5906,1.00,蛋糕,13.90,脏脏焦120g,15.80,6371251238,袋
5907,13.00,蛋糕,11.26,香橙五指山150g,12.80,6371251239,袋
5909,5.00,蛋糕,13.20,芝士海苔肉松120g,15.00,6371251241,袋
5910,15.00,蛋糕,11.26,丹麦可颂100g,12.80,6371251242,袋
5912,2.00,蛋糕,7.04,甜甜圈60g,8.00,6371251244,袋
5913,19.00,蛋糕,21.12,蛋挞60g*4,24.00,6371251245,袋
5914,7.00,蛋糕,16.54,椰蓉红豆200g,18.80,6371251246,袋
5915,3.00,蛋糕,13.90,草莓魔法棒120g,15.80,6371251247,袋
5916,12.00,蛋糕,12.14,丹麦干果条130g,13.80,6371251248,袋
5917,9.00,蛋糕,8.80,肉松包60g,10.00,6371251249,袋
5919,8.00,蛋糕,8.80,奶香片150g,10.00,6371251251,袋
5920,8.00,蛋糕,28.16,蛋黄酥64g*4,32.00,6371251252,袋
5921,5.00,蛋糕,17.60,榴莲酥42g*4,20.00,6371251253,袋
5924,5.00,蛋糕,15.84,桃你喜欢160g,18.00,6371251257,袋
5925,3.00,蛋糕,15.84,雪媚娘230g,18.00,6371251258,袋
5927,2.00,蛋糕,15.84,水果盒子220g,18.00,6371251260,袋
5928,3.00,蛋糕,15.84,安琪彩虹慕斯135g,18.00,6371251261,袋
5929,2.00,蛋糕,31.68,京禾八点寿司284g,36.00,6371251269,盒
5930,3.00,蛋糕,25.52,一人食寿司231g,29.00,6371251270,盒
5931,4.00,蛋糕,34.32,缤纷组合寿司272g,39.00,6371251271,盒
5932,1.00,蛋糕,28.16,帝王蟹柳寿司302g,32.00,6371251272,盒
5933,9.00,蛋糕,22.88,看家鳗鱼寿司204g,26.00,6371251273,盒
5934,2.00,蛋糕,10.56,传统寿司卷寿司234g,12.00,6371251274,盒
5936,7.00,蛋糕,8.62,杂粮吐司270g,9.80,6948942511069,袋
5937,8.00,蛋糕,8.62,玉米吐司270g,9.80,6948942511618,袋
5938,16.00,蛋糕,10.38,低糖吐司350g,11.80,6948942512691,袋
5939,2.00,副食,6.00,雨润香甜润口肠30g*10,8.50,6911569008595,袋
5940,1.00,副食,16.50,雨润特级王中王60g*10,21.50,6911569009943,袋
5941,1.00,副食,11.00,雨润鱼你共享15g*12,14.90,6911569011229,袋
5942,14.00,副食,23.90,雨润黑猪皇王中王50g*10,29.60,6911569012684,袋
5943,-1.00,副食,16.00,雨润黑猪皇香肠38g*10,22.00,6911569013117,袋
5944,16.00,副食,10.70,雨润鸡肉香肠50g*10,13.20,6911569014145,袋
5945,-1.00,副食,9.50,雨润松花蛋肠300g,13.10,6911569100268,袋
5946,21.00,副食,17.50,雨润火腿排120g,21.40,6911569107274,袋
5947,20.00,副食,19.00,雨润腊肠260g,26.90,6911569113497,袋
5948,53.00,副食,19.00,雨润无淀粉火腿380g,28.90,6911569114456,袋
5952,17.00,副食,12.00,雨润台式香肠300g,16.90,6911569126398,袋
5953,12.00,副食,12.00,雨润火锅午餐肉340g,16.90,6911569126411,袋
5955,2.00,副食,10.50,雨润老北京蒜肠辣320g,13.50,6911569132313,袋
5959,1.00,副食,7.50,雨润低脂鸡胸肉切片110g,9.90,6911569140158,袋
5960,18.00,副食,13.80,雨润烤肉香辣味240g,17.60,6911569143364,袋
5961,9.00,副食,18.00,雨润无淀粉腱子肉火腿280g,22.50,6911569145061,袋
5962,44.00,副食,20.00,雨润牛肉火腿180g,26.00,6911569200289,袋
5963,54.00,副食,3.80,雨润鸡蛋干150g,5.00,6924640202225,袋
5964,12.00,副食,18.00,雨润熏烤火腿450g,23.50,6911569202573,袋
5967,15.00,副食,16.50,雨润精制培根200g,21.50,6911569506848,袋
5969,53.00,零食,5.40,石磨小镇贡菜香辣味85g,6.90,6956405213610,袋
5970,29.00,零食,14.80,来伊份日式梅饼80g,19.00,6933211412246,袋
5971,18.00,零食,9.30,来伊份益生菌芒果条48g,12.00,6933211432459,袋
5972,19.00,蛋糕,34.80,流心小芒150g,43.80,2302129018543,盒
5973,12.00,蛋糕,28.00,黑糖红枣吐司5片装,35.80,2010314031598,袋
5974,29.00,蛋糕,34.80,整个开心125g,43.80,2302123079794,盒
5975,23.00,蛋糕,34.80,招牌榴莲110g,43.80,2302126180537,盒
5976,3.00,蛋糕,33.60,榛子巧克力吐司5片装,42.80,2010305181708,袋
5977,6.00,蛋糕,20.10,全麦果仁吐司5片装,25.80,2010317194674,袋
5979,5.00,蛋糕,17.80,原味吐司5片装,22.80,2010319242255,袋
5980,38.00,蛋糕,34.80,G0g0 Iemon(柠檬)150g,43.80,2302124568167,盒
5981,18.00,蛋糕,32.40,生椰拿铁135g,40.80,2302128712597,盒
5982,1.00,蛋糕,15.60,榛子巧克力曲奇120g,19.80,2301229871234,盒
5983,1.00,蛋糕,33.60,奇亚籽蓝莓果仁吐司5片装,42.80,2010311951431,袋
5984,5.00,蛋糕,34.80,至臻125g,43.80,2302122953946,盒
5985,31.00,蛋糕,34.80,卡百利135g,43.80,2302127954082,盒
5986,28.00,蛋糕,32.40,紫薯芋泥170g,40.80,2302122979120,盒
5987,14.00,蛋糕,19.60,柠檬玛德琳130g,24.80,2302122979121,盒
5988,20.00,蛋糕,14.00,原味曲奇110g(一客),17.80,2302122979222,盒
