,categoryName,grossProfit,grossProfitRate,saleAmount,saleIncome,serialNum,supplierName,totalCost
3,调料,18.00,20.00%,12,90.00,6934126261899,山东鲁花集团商贸有限公司西安分公司,72.00
4,调料,12.00,20.00%,4,60.00,6958104100321,山东鲁花集团商贸有限公司西安分公司,48.00
5,调料,27.20,22.82%,8,119.20,6931299062681,山东鲁花集团商贸有限公司西安分公司,92.00
6,调料,5.40,20.45%,3,26.40,6934126261844,山东鲁花集团商贸有限公司西安分公司,21.00
7,调料,9.00,17.65%,6,51.00,6931299062605,山东鲁花集团商贸有限公司西安分公司,42.00
8,调料,5.60,28.57%,2,19.60,6934126262933,山东鲁花集团商贸有限公司西安分公司,14.00
9,调料,2.00,29.41%,1,6.80,6958104101007,山东鲁花集团商贸有限公司西安分公司,4.80
10,调料,8.70,19.46%,3,44.70,6958104101021,山东鲁花集团商贸有限公司西安分公司,36.00
11,调料,94.80,24.01%,12,394.80,6971114920178,山东鲁花集团商贸有限公司西安分公司,300.00
12,调料,4.60,20.35%,2,22.60,6973141130179,山东鲁花集团商贸有限公司西安分公司,18.00
13,调料,31.20,28.06%,8,111.20,6934230050129,山东鲁花集团商贸有限公司西安分公司,80.00
15,副食类,228.00,19.39%,24,1176.00,6973141120088,山东鲁花集团商贸有限公司西安分公司,948.00
17,食用橄榄油,10.00,13.33%,1,75.00,6971114920017,山东鲁花集团商贸有限公司西安分公司,65.00
18,食用橄榄油,43.60,10.91%,4,399.60,6916168620773,山东鲁花集团商贸有限公司西安分公司,356.00
20,食用油,528.00,4.03%,88,13112.00,6916168616554,山东鲁花集团商贸有限公司西安分公司,12584.00
22,食用油菜籽,309.60,12.91%,24,2397.60,6938749816122,山东鲁花集团商贸有限公司西安分公司,2088.00
25,乳制品纯奶类,18.00,15.38%,6,117.00,6970339116557,陕西小大贸易有限公司,99.00
26,乳制品纯奶类,117.00,20.00%,9,585.00,6923644232658,陕西小大贸易有限公司,468.00
27,乳制品纯奶类,70.00,14.71%,7,476.00,6923644297251,陕西小大贸易有限公司,406.00
28,乳制品纯奶类,26.00,19.12%,2,136.00,6923644299804,陕西小大贸易有限公司,110.00
29,乳制品纯奶类,162.00,15.25%,18,1062.00,6923644266318,陕西小大贸易有限公司,900.00
30,乳制品纯奶类,31.00,20.39%,2,152.00,6923644295844,陕西小大贸易有限公司,121.00
40,乳制品酸奶类,14.00,24.14%,4,58.00,6970339117554,陕西小大贸易有限公司,44.00
41,乳制品酸奶类,17.50,24.14%,5,72.50,6970339117523,陕西小大贸易有限公司,55.00
42,乳制品酸奶类,44.00,25.00%,44,176.00,6970339116373,陕西小大贸易有限公司,132.00
43,乳制品酸奶类,81.00,13.85%,9,585.00,6970339116151,陕西小大贸易有限公司,504.00
44,乳制品酸奶类,1.70,22.67%,1,7.50,6970339117646,陕西小大贸易有限公司,5.80
45,乳制品酸奶类,4.80,18.60%,2,25.80,6970339117998,陕西小大贸易有限公司,21.00
46,乳制品酸奶类,4.00,19.05%,2,21.00,6970339116915,陕西小大贸易有限公司,17.00
47,乳制品酸奶类,16.00,22.22%,16,72.00,6970339117097,陕西小大贸易有限公司,56.00
48,乳制品酸奶类,16.80,15.91%,24,105.60,6970339117844,陕西小大贸易有限公司,88.80
49,乳制品酸奶类,2.80,15.56%,4,18.00,6970339116137,陕西小大贸易有限公司,15.20
50,乳制品酸奶类,10.80,19.42%,4,55.60,6970339118186,陕西小大贸易有限公司,44.80
51,乳制品酸奶类,54.40,37.78%,32,144.00,6970339116144,陕西小大贸易有限公司,89.60
52,乳制品酸奶类,33.60,15.56%,48,216.00,6970339116120,陕西小大贸易有限公司,182.40
53,乳制品酸奶类,30.00,25.00%,30,120.00,6970339117233,陕西小大贸易有限公司,90.00
54,乳制品酸奶类,19.80,15.94%,18,124.20,6970339116588,陕西小大贸易有限公司,104.40
55,乳制品酸奶类,48.00,23.08%,8,208.00,6970339117677,陕西小大贸易有限公司,160.00
56,乳制品酸奶类,40.00,21.05%,20,190.00,6970618570070,陕西小大贸易有限公司,150.00
57,乳制品酸奶类,40.00,26.67%,5,150.00,6970618570414,陕西小大贸易有限公司,110.00
58,乳制品酸奶类,7.50,19.74%,1,38.00,6970618570056,陕西小大贸易有限公司,30.50
59,乳制品酸奶类,6.90,19.49%,3,35.40,6970618570209,陕西小大贸易有限公司,28.50
60,乳制品酸奶类,40.00,21.05%,20,190.00,6970618570599,陕西小大贸易有限公司,150.00
61,乳制品酸奶类,7.50,20.00%,3,37.50,6970618570001,陕西小大贸易有限公司,30.00
62,乳制品酸奶类,7.50,13.89%,5,54.00,6970618570384,陕西小大贸易有限公司,46.50
63,乳制品酸奶类,36.00,27.27%,24,132.00,6927797622700,陕西小大贸易有限公司,96.00
64,乳制品酸奶类,72.00,27.27%,48,264.00,6927797623530,陕西小大贸易有限公司,192.00
65,乳制品酸奶类,2.00,15.38%,2,13.00,6927797622304,陕西小大贸易有限公司,11.00
66,乳制品酸奶类,45.00,27.27%,30,165.00,6927797622724,陕西小大贸易有限公司,120.00
67,乳制品酸奶类,63.00,27.27%,42,231.00,6927797623370,陕西小大贸易有限公司,168.00
78,调料类,3.40,22.08%,2,15.40,6926213559019,陕西野森林现代农业有限公司,12.00
79,调料类,4.00,30.77%,1,13.00,6926213560831,陕西野森林现代农业有限公司,9.00
80,调料类,1.80,20.45%,1,8.80,6926213558272,陕西野森林现代农业有限公司,7.00
81,调料类,14.40,28.13%,8,51.20,6902265610014,陕西野森林现代农业有限公司,36.80
82,调料类,9.00,37.50%,2,24.00,6902265440291,陕西野森林现代农业有限公司,15.00
83,调料类,5.00,23.81%,2,21.00,6902265107057,陕西野森林现代农业有限公司,16.00
84,调料类,5.00,15.38%,5,32.50,6902265470236,陕西野森林现代农业有限公司,27.50
85,调料类,12.60,17.72%,9,71.10,6902265360018,陕西野森林现代农业有限公司,58.50
86,调料类,4.40,30.99%,1,14.20,6902265114369,陕西野森林现代农业有限公司,9.80
87,调料类,5.40,24.55%,2,22.00,6902265114321,陕西野森林现代农业有限公司,16.60
88,调料类,7.60,19.19%,4,39.60,6902265114888,陕西野森林现代农业有限公司,32.00
89,调料类,9.60,13.91%,6,69.00,6902265150015,陕西野森林现代农业有限公司,59.40
90,调料类,16.80,24.71%,8,68.00,6902265170501,陕西野森林现代农业有限公司,51.20
91,调料类,3.90,19.12%,3,20.40,6902265115496,陕西野森林现代农业有限公司,16.50
92,调料类,22.50,27.78%,45,81.00,6926198012233,陕西野森林现代农业有限公司,58.50
93,调料类,2.00,16.00%,1,12.50,6921956645586,陕西野森林现代农业有限公司,10.50
94,调料类,31.50,39.13%,7,80.50,6972786771389,陕西野森林现代农业有限公司,49.00
95,调料类,10.00,21.74%,4,46.00,6972786771242,陕西野森林现代农业有限公司,36.00
96,调料类,24.50,36.57%,5,67.00,6972786775387,陕西野森林现代农业有限公司,42.50
97,调料类,18.00,28.13%,2,64.00,6972786773505,陕西野森林现代农业有限公司,46.00
98,调料类,6.50,26.00%,1,25.00,6972786771433,陕西野森林现代农业有限公司,18.50
99,调料类,7.00,26.92%,1,26.00,6972786772775,陕西野森林现代农业有限公司,19.00
100,调料类,4.50,17.65%,3,25.50,6925316299556,陕西野森林现代农业有限公司,21.00
101,调料类,20.70,36.51%,3,56.70,6971851560026,陕西野森林现代农业有限公司,36.00
102,调料类,20.00,33.33%,5,60.00,6902131130011,陕西野森林现代农业有限公司,40.00
103,调料类,57.20,22.41%,11,255.20,6902131130882,陕西野森林现代农业有限公司,198.00
104,调料类,27.00,18.18%,9,148.50,6902131110020,陕西野森林现代农业有限公司,121.50
105,调料类,18.90,23.08%,7,81.90,6928312911668,陕西野森林现代农业有限公司,63.00
114,调料类,107.20,35.83%,8,299.20,6928312900525,陕西野森林现代农业有限公司,192.00
115,调料类,15.40,40.10%,2,38.40,6928312961090,陕西野森林现代农业有限公司,23.00
116,调料类,1.70,16.67%,1,10.20,6928312918001,陕西野森林现代农业有限公司,8.50
117,调料类,30.80,40.10%,4,76.80,6928312900709,陕西野森林现代农业有限公司,46.00
118,调料类,4.50,21.43%,1,21.00,6928312984228,陕西野森林现代农业有限公司,16.50
119,调料类,27.50,31.43%,5,87.50,6928312900204,陕西野森林现代农业有限公司,60.00
120,调料类,30.40,29.69%,8,102.40,6907592002013,陕西野森林现代农业有限公司,72.00
121,调料类,12.80,21.33%,8,60.00,6907592001948,陕西野森林现代农业有限公司,47.20
122,调料类,1.80,20.45%,1,8.80,6907592000026,陕西野森林现代农业有限公司,7.00
123,调料类,3.30,15.71%,3,21.00,6907592001245,陕西野森林现代农业有限公司,17.70
124,调料类,1.90,24.05%,1,7.90,6907592007025,陕西野森林现代农业有限公司,6.00
125,调料类,5.80,20.86%,2,27.80,6924115086107,陕西野森林现代农业有限公司,22.00
126,调料类,12.00,31.58%,1,38.00,6928710609549,陕西野森林现代农业有限公司,26.00
127,调料类,36.00,32.14%,4,112.00,6928710609600,陕西野森林现代农业有限公司,76.00
128,调料类,70.00,31.25%,7,224.00,6928710609594,陕西野森林现代农业有限公司,154.00
129,调料类,18.00,34.62%,4,52.00,6928710609587,陕西野森林现代农业有限公司,34.00
130,调料类,12.00,30.77%,1,39.00,6928710609570,陕西野森林现代农业有限公司,27.00
131,调料类,3.50,43.75%,1,8.00,6974919370124,陕西野森林现代农业有限公司,4.50
132,调料类,4.60,28.75%,2,16.00,6928710605176,陕西野森林现代农业有限公司,11.40
133,调料类,140.40,31.95%,13,439.40,6974919370025,陕西野森林现代农业有限公司,299.00
134,调料类,7.50,29.41%,3,25.50,6928710609761,陕西野森林现代农业有限公司,18.00
135,调料类,16.80,26.75%,4,62.80,6928710609778,陕西野森林现代农业有限公司,46.00
136,调料类,20.00,31.75%,1,63.00,6928710609532,陕西野森林现代农业有限公司,43.00
137,调料类,9.00,34.62%,2,26.00,6928710609556,陕西野森林现代农业有限公司,17.00
138,调料类,3.10,20.67%,1,15.00,6942806983511,陕西野森林现代农业有限公司,11.90
139,调料类,12.30,24.12%,3,51.00,6942806983429,陕西野森林现代农业有限公司,38.70
140,调料类,3.00,22.22%,1,13.50,6942806981999,陕西野森林现代农业有限公司,10.50
142,干货类,4.60,26.14%,1,17.60,6926213557985,陕西野森林现代农业有限公司,13.00
151,干货类,40.00,20.00%,8,200.00,6924773600257,陕西野森林现代农业有限公司,160.00
152,干货类,12.50,20.00%,1,62.50,6928710602212,陕西野森林现代农业有限公司,50.00
153,干货类,12.00,26.67%,1,45.00,6928710601611,陕西野森林现代农业有限公司,33.00
154,干货类,38.70,22.28%,3,173.70,6928710602304,陕西野森林现代农业有限公司,135.00
155,干货类,2.10,27.63%,1,7.60,6974919371374,陕西野森林现代农业有限公司,5.50
156,干货类,7.20,23.08%,4,31.20,6974919371367,陕西野森林现代农业有限公司,24.00
157,干货类,42.00,23.08%,7,182.00,6928710600034,陕西野森林现代农业有限公司,140.00
158,干货类,20.00,25.64%,2,78.00,6928710609075,陕西野森林现代农业有限公司,58.00
159,干货类,9.80,15.73%,7,62.30,6928710600164,陕西野森林现代农业有限公司,52.50
160,干货类,71.50,22.81%,11,313.50,6928710600485,陕西野森林现代农业有限公司,242.00
161,干货类,3.50,18.92%,1,18.50,6928710600980,陕西野森林现代农业有限公司,15.00
162,干货类,40.60,24.37%,7,166.60,6928710600089,陕西野森林现代农业有限公司,126.00
163,干货类,16.90,26.04%,1,64.90,6928710660069,陕西野森林现代农业有限公司,48.00
164,干货类,12.60,26.75%,3,47.10,6928710660052,陕西野森林现代农业有限公司,34.50
165,干货类,39.00,22.41%,6,174.00,6974919371923,陕西野森林现代农业有限公司,135.00
166,干货类,24.00,19.35%,5,124.00,6928710600065,陕西野森林现代农业有限公司,100.00
167,干货类,74.50,18.65%,5,399.50,6928710601765,陕西野森林现代农业有限公司,325.00
168,干货类,14.90,18.65%,1,79.90,6928710601772,陕西野森林现代农业有限公司,65.00
169,干货类,70.40,25.29%,8,278.40,6928710600096,陕西野森林现代农业有限公司,208.00
170,干货类,4.00,23.53%,2,17.00,6974919372210,陕西野森林现代农业有限公司,13.00
171,干货类,11.80,29.65%,2,39.80,6928710609228,陕西野森林现代农业有限公司,28.00
172,干货类,75.00,25.25%,6,297.00,6928710600362,陕西野森林现代农业有限公司,222.00
173,干货类,9.80,23.73%,1,41.30,6974919370476,陕西野森林现代农业有限公司,31.50
174,干货类,10.80,47.37%,3,22.80,6974919370087,陕西野森林现代农业有限公司,12.00
175,干货类,10.60,24.88%,2,42.60,6974919370254,陕西野森林现代农业有限公司,32.00
176,干货类,7.50,20.00%,5,37.50,6928710601215,陕西野森林现代农业有限公司,30.00
177,干货类,9.80,17.88%,1,54.80,6928710600058,陕西野森林现代农业有限公司,45.00
178,干货类,62.00,22.96%,4,270.00,6928710601512,陕西野森林现代农业有限公司,208.00
179,干货类,4.50,23.08%,1,19.50,6928710601178,陕西野森林现代农业有限公司,15.00
188,干货类,20.00,21.74%,4,92.00,6928710600072,陕西野森林现代农业有限公司,72.00
190,杂粮类,20.00,18.52%,8,108.00,6928710600331,陕西野森林现代农业有限公司,88.00
191,杂粮类,3.50,28.00%,1,12.50,6928710660175,陕西野森林现代农业有限公司,9.00
192,杂粮类,1.30,17.33%,1,7.50,6928710601284,陕西野森林现代农业有限公司,6.20
193,杂粮类,22.00,23.40%,4,94.00,6928710600621,陕西野森林现代农业有限公司,72.00
194,杂粮类,35.40,22.78%,6,155.40,6928710600560,陕西野森林现代农业有限公司,120.00
195,杂粮类,96.00,23.08%,16,416.00,6928710600614,陕西野森林现代农业有限公司,320.00
196,杂粮类,11.40,24.05%,3,47.40,6928710601147,陕西野森林现代农业有限公司,36.00
197,杂粮类,7.60,23.31%,2,32.60,6928710600584,陕西野森林现代农业有限公司,25.00
198,杂粮类,26.50,23.25%,5,114.00,6928710600577,陕西野森林现代农业有限公司,87.50
199,杂粮类,76.50,20.00%,17,382.50,6928710600553,陕西野森林现代农业有限公司,306.00
200,杂粮类,5.00,31.25%,2,16.00,6928710601406,陕西野森林现代农业有限公司,11.00
203,调料类,18.40,21.05%,46,87.40,6917790975323,陕西臻泽农业发展有限公司,69.00
204,调料类,4.80,21.05%,4,22.80,6935616500016,陕西臻泽农业发展有限公司,18.00
205,调料类,3.00,22.22%,3,13.50,6915993301895,陕西臻泽农业发展有限公司,10.50
206,调料类,7.20,20.00%,24,36.00,6915993303363,陕西臻泽农业发展有限公司,28.80
207,调料类,3.30,20.00%,11,16.50,6915993302229,陕西臻泽农业发展有限公司,13.20
208,调料类,5.70,20.00%,19,28.50,6915993303028,陕西臻泽农业发展有限公司,22.80
209,调料类,10.80,24.66%,3,43.80,6915993304650,陕西臻泽农业发展有限公司,33.00
210,调料类,3.20,27.12%,2,11.80,6925714800569,陕西臻泽农业发展有限公司,8.60
211,调料类,1.40,21.88%,1,6.40,6911567886096,陕西臻泽农业发展有限公司,5.00
212,调料类,4.10,31.54%,1,13.00,6902534238338,陕西臻泽农业发展有限公司,8.90
213,调料类,2.80,20.29%,2,13.80,6920319827799,陕西臻泽农业发展有限公司,11.00
214,调料类,11.40,17.43%,3,65.40,6930305500049,陕西臻泽农业发展有限公司,54.00
215,调料类,12.00,11.54%,8,104.00,6942032700050,陕西臻泽农业发展有限公司,92.00
216,调料类,12.00,30.77%,6,39.00,6955381400700,陕西臻泽农业发展有限公司,27.00
225,调料类,10.00,30.77%,5,32.50,6955381400601,陕西臻泽农业发展有限公司,22.50
226,调料类,16.00,20.13%,5,79.50,6942032700098,陕西臻泽农业发展有限公司,63.50
227,调料类,38.40,20.13%,12,190.80,6942032700029,陕西臻泽农业发展有限公司,152.40
228,调料类,10.50,11.54%,7,91.00,6942032700067,陕西臻泽农业发展有限公司,80.50
229,调料类,13.20,25.53%,11,51.70,6920143500509,陕西臻泽农业发展有限公司,38.50
230,调料类,9.90,27.97%,3,35.40,6936749501116,陕西臻泽农业发展有限公司,25.50
231,调料类,29.70,27.97%,9,106.20,6936749501109,陕西臻泽农业发展有限公司,76.50
232,调料类,18.20,22.41%,7,81.20,6947769900766,陕西臻泽农业发展有限公司,63.00
233,调料类,10.00,18.52%,5,54.00,6947769901008,陕西臻泽农业发展有限公司,44.00
234,调料类,24.00,23.53%,6,102.00,6933453800078,陕西臻泽农业发展有限公司,78.00
235,调料类,13.30,32.20%,7,41.30,6970470758319,陕西臻泽农业发展有限公司,28.00
236,调料类,1.00,15.87%,1,6.30,6922848608870,陕西臻泽农业发展有限公司,5.30
237,调料类,7.50,21.74%,3,34.50,6921804700757,陕西臻泽农业发展有限公司,27.00
238,调料类,7.50,22.73%,3,33.00,6921804700184,陕西臻泽农业发展有限公司,25.50
239,调料类,30.00,21.74%,12,138.00,6922824000643,陕西臻泽农业发展有限公司,108.00
240,调料类,4.00,19.05%,2,21.00,6918678310014,陕西臻泽农业发展有限公司,17.00
241,调料类,6.00,23.53%,3,25.50,4893888001575,陕西臻泽农业发展有限公司,19.50
242,调料类,17.60,21.05%,11,83.60,6922824055063,陕西臻泽农业发展有限公司,66.00
243,调料类,5.00,20.00%,2,25.00,6922824075016,陕西臻泽农业发展有限公司,20.00
244,调料类,5.00,25.00%,2,20.00,6922824055018,陕西臻泽农业发展有限公司,15.00
245,调料类,5.00,21.74%,2,23.00,6922824001329,陕西臻泽农业发展有限公司,18.00
246,调料类,7.00,24.14%,2,29.00,6918678423035,陕西臻泽农业发展有限公司,22.00
247,调料类,8.00,28.57%,4,28.00,6901377002502,陕西臻泽农业发展有限公司,20.00
248,调料类,20.70,17.04%,9,121.50,6909689901483,陕西臻泽农业发展有限公司,100.80
249,调料类,2.40,20.34%,2,11.80,6924116188879,陕西臻泽农业发展有限公司,9.40
250,调料类,2.40,20.34%,2,11.80,6924116170010,陕西臻泽农业发展有限公司,9.40
251,调料类,2.30,26.14%,1,8.80,6936072100154,陕西臻泽农业发展有限公司,6.50
252,调料类,3.60,17.14%,3,21.00,6936072100468,陕西臻泽农业发展有限公司,17.40
253,调料类,10.90,31.23%,1,34.90,6936072100871,陕西臻泽农业发展有限公司,24.00
262,调料类,2.00,21.05%,1,9.50,6936072100369,陕西臻泽农业发展有限公司,7.50
263,调料类,2.00,16.00%,1,12.50,6939044610002,陕西臻泽农业发展有限公司,10.50
264,调料类,52.50,31.82%,5,165.00,6922877745508,陕西臻泽农业发展有限公司,112.50
265,调料类,35.70,16.19%,21,220.50,6922130101485,陕西臻泽农业发展有限公司,184.80
266,调料类,21.00,21.21%,6,99.00,6922130118483,陕西臻泽农业发展有限公司,78.00
267,调料类,3.90,19.12%,3,20.40,6972559820108,陕西臻泽农业发展有限公司,16.50
268,调料类,2.40,21.43%,4,11.20,6944296500049,陕西臻泽农业发展有限公司,8.80
269,调料类,2.00,23.53%,1,8.50,6906303002441,陕西臻泽农业发展有限公司,6.50
270,调料类,30.00,23.08%,20,130.00,6906303004612,陕西臻泽农业发展有限公司,100.00
271,调料类,4.80,26.67%,4,18.00,6906303004469,陕西臻泽农业发展有限公司,13.20
272,调料类,18.70,30.91%,11,60.50,6906303004476,陕西臻泽农业发展有限公司,41.80
273,调料类,3.30,24.44%,3,13.50,6906303888908,陕西臻泽农业发展有限公司,10.20
274,调料类,3.40,30.91%,2,11.00,6906303004605,陕西臻泽农业发展有限公司,7.60
275,调料类,1.00,25.00%,1,4.00,6906303004643,陕西臻泽农业发展有限公司,3.00
276,调料类,30.80,24.44%,28,126.00,6906303888885,陕西臻泽农业发展有限公司,95.20
277,调料类,11.00,33.33%,2,33.00,6906303002434,陕西臻泽农业发展有限公司,22.00
278,调料类,0.60,21.43%,1,2.80,6907592001429,陕西臻泽农业发展有限公司,2.20
279,调料类,14.00,22.22%,14,63.00,6901754040936,陕西臻泽农业发展有限公司,49.00
280,调料类,8.00,22.73%,16,35.20,6901754150505,陕西臻泽农业发展有限公司,27.20
281,调料类,14.00,23.53%,7,59.50,6928454900087,陕西臻泽农业发展有限公司,45.50
282,调料类,8.40,21.88%,3,38.40,6972011732017,陕西臻泽农业发展有限公司,30.00
283,调料类,12.00,16.11%,5,74.50,6935953399991,陕西臻泽农业发展有限公司,62.50
284,调料类,8.10,18.62%,3,43.50,6935953399984,陕西臻泽农业发展有限公司,35.40
285,调料类,0.60,13.33%,3,4.50,6920633801048,陕西臻泽农业发展有限公司,3.90
286,调料类,0.40,20.00%,1,2.00,6942046300017,陕西臻泽农业发展有限公司,1.60
287,调料类,3.60,20.00%,9,18.00,6942046300055,陕西臻泽农业发展有限公司,14.40
288,调料类,2.90,26.61%,1,10.90,6922165900770,陕西臻泽农业发展有限公司,8.00
299,鸡蛋,71.40,15.56%,17,459.00,6933276212058,西安傲涵贸易有限公司,387.60
300,鸡蛋,188.00,16.00%,47,1175.00,6933276212119,西安傲涵贸易有限公司,987.00
303,乳制品类,15.60,19.60%,2,79.60,6975915740027,西安草滩金牛餐饮管理有限公司,64.00
304,乳制品类,13.20,19.76%,4,66.80,6975915740010,西安草滩金牛餐饮管理有限公司,53.60
305,乳制品类,12.00,20.00%,6,60.00,6975915740058,西安草滩金牛餐饮管理有限公司,48.00
306,乳制品类,16.50,20.00%,33,82.50,6975915740065,西安草滩金牛餐饮管理有限公司,66.00
307,乳制品类,10.00,20.00%,5,50.00,6975915740034,西安草滩金牛餐饮管理有限公司,40.00
308,乳制品类,22.00,20.00%,11,110.00,6975915740041,西安草滩金牛餐饮管理有限公司,88.00
311,鸡蛋,16.20,18.24%,6,88.80,6943036809015,西安超乐惠商贸有限公司,72.60
312,鸡蛋,30.40,14.18%,8,214.40,6957335216023,西安超乐惠商贸有限公司,184.00
313,鸡蛋,28.00,15.50%,7,180.60,6957335213015,西安超乐惠商贸有限公司,152.60
314,鸡蛋,128.00,17.83%,20,718.00,6943036808032,西安超乐惠商贸有限公司,590.00
315,鸡蛋,12.00,15.19%,1,79.00,6943036812046,西安超乐惠商贸有限公司,67.00
316,鸡蛋,17.20,18.86%,2,91.20,6957335215026,西安超乐惠商贸有限公司,74.00
318,零食类,6.40,8.60%,8,74.40,6901715291247,西安超乐惠商贸有限公司,68.00
319,零食类,5.40,12.86%,3,42.00,6901715292527,西安超乐惠商贸有限公司,36.60
320,零食类,57.00,17.59%,3,324.00,6954434300851,西安超乐惠商贸有限公司,267.00
321,零食类,16.00,21.05%,2,76.00,6931051900893,西安超乐惠商贸有限公司,60.00
322,零食类,5.20,9.42%,4,55.20,6921774200639,西安超乐惠商贸有限公司,50.00
323,零食类,2.60,9.42%,2,27.60,6921774286305,西安超乐惠商贸有限公司,25.00
324,零食类,2.60,9.42%,2,27.60,6921774271561,西安超乐惠商贸有限公司,25.00
325,零食类,5.20,9.42%,4,55.20,6921774271622,西安超乐惠商贸有限公司,50.00
326,零食类,7.80,9.42%,6,82.80,6921774271547,西安超乐惠商贸有限公司,75.00
327,零食类,4.60,14.11%,2,32.60,6919892634603,西安超乐惠商贸有限公司,28.00
336,零食类,0.80,9.09%,2,8.80,6921774214070,西安超乐惠商贸有限公司,8.00
337,零食类,7.50,15.63%,3,48.00,6920731700106,西安超乐惠商贸有限公司,40.50
338,零食类,2.30,14.11%,1,16.30,6919892634108,西安超乐惠商贸有限公司,14.00
339,零食类,1.60,9.09%,4,17.60,6921774242714,西安超乐惠商贸有限公司,16.00
340,零食类,0.80,9.09%,2,8.80,6921774241540,西安超乐惠商贸有限公司,8.00
341,零食类,3.70,18.97%,1,19.50,6923250611281,西安超乐惠商贸有限公司,15.80
342,零食类,7.40,18.97%,2,39.00,6923250611267,西安超乐惠商贸有限公司,31.60
343,零食类,7.40,18.97%,2,39.00,6923250642193,西安超乐惠商贸有限公司,31.60
344,零食类,5.30,18.60%,1,28.50,3800014288381,西安超乐惠商贸有限公司,23.20
345,零食类,11.40,19.19%,6,59.40,6970870270671,西安超乐惠商贸有限公司,48.00
346,零食类,1.90,19.19%,1,9.90,6970870270664,西安超乐惠商贸有限公司,8.00
347,零食类,3.00,20.13%,1,14.90,6970870272231,西安超乐惠商贸有限公司,11.90
348,零食类,3.10,17.61%,1,17.60,6970870270152,西安超乐惠商贸有限公司,14.50
350,乳制品类,1.90,19.19%,1,9.90,6974613130086,西安超乐惠商贸有限公司,8.00
351,乳制品类,1.90,19.19%,1,9.90,6974613130079,西安超乐惠商贸有限公司,8.00
352,乳制品类,18.00,16.36%,2,110.00,6974613130345,西安超乐惠商贸有限公司,92.00
355,零食,50.00,37.04%,5,135.00,4000417932006,西安菲达食品商贸有限公司,85.00
356,零食,6.00,22.22%,2,27.00,8003477500013,西安菲达食品商贸有限公司,21.00
358,饮料,14.00,28.00%,1,50.00,4897031350015,西安菲达食品商贸有限公司,36.00
359,饮料,20.00,37.04%,2,54.00,4000417933003,西安菲达食品商贸有限公司,34.00
362,冻货类,84.00,18.92%,12,444.00,6971893820010,西安丰泰永泽商贸有限公司,360.00
363,冻货类,7.50,19.23%,1,39.00,6943890900477,西安丰泰永泽商贸有限公司,31.50
364,冻货类,14.00,20.00%,4,70.00,6973669041100,西安丰泰永泽商贸有限公司,56.00
373,冻货类,30.00,18.75%,1,160.00,6974739650178,西安丰泰永泽商贸有限公司,130.00
374,冻货类,28.80,22.54%,3,127.80,6954808610302,西安丰泰永泽商贸有限公司,99.00
375,冻货类,9.60,22.54%,1,42.60,6954808610319,西安丰泰永泽商贸有限公司,33.00
376,冻货类,9.60,22.54%,1,42.60,6954808612139,西安丰泰永泽商贸有限公司,33.00
377,冻货类,28.50,20.00%,3,142.50,6954808612351,西安丰泰永泽商贸有限公司,114.00
378,冻货类,56.00,10.85%,2,516.00,6974622050009,西安丰泰永泽商贸有限公司,460.00
379,冻货类,49.00,17.95%,7,273.00,6972251252245,西安丰泰永泽商贸有限公司,224.00
380,冻货类,48.00,12.12%,4,396.00,6974622051433,西安丰泰永泽商贸有限公司,348.00
381,冻货类,7.60,20.21%,2,37.60,6949884200547,西安丰泰永泽商贸有限公司,30.00
382,冻货类,13.20,14.72%,3,89.70,6970010925010,西安丰泰永泽商贸有限公司,76.50
383,冻货类,72.00,13.04%,4,552.00,6970525359362,西安丰泰永泽商贸有限公司,480.00
384,冻货类,34.00,13.65%,5,249.00,6970525359997,西安丰泰永泽商贸有限公司,215.00
385,冻货类,46.00,14.56%,2,316.00,6970525356309,西安丰泰永泽商贸有限公司,270.00
386,冻货类,39.20,14.04%,4,279.20,6970525358211,西安丰泰永泽商贸有限公司,240.00
387,冻货类,18.00,16.98%,2,106.00,6975235721362,西安丰泰永泽商贸有限公司,88.00
388,冻货类,330.00,23.26%,11,1419.00,6975471520019,西安丰泰永泽商贸有限公司,1089.00
389,冻货类,10.00,20.00%,2,50.00,6971680630297,西安丰泰永泽商贸有限公司,40.00
390,冻货类,35.00,23.73%,5,147.50,6970599913842,西安丰泰永泽商贸有限公司,112.50
391,冻货类,21.30,14.23%,3,149.70,6959540361321,西安丰泰永泽商贸有限公司,128.40
392,冻货类,42.50,19.54%,5,217.50,6975849950004,西安丰泰永泽商贸有限公司,175.00
393,冻货类,15.50,22.30%,1,69.50,6943890900408,西安丰泰永泽商贸有限公司,54.00
394,冻货类,77.00,17.95%,11,429.00,6948431109968,西安丰泰永泽商贸有限公司,352.00
395,冻货类,4.00,21.05%,1,19.00,6940747415115,西安丰泰永泽商贸有限公司,15.00
396,冻货类,13.50,20.00%,3,67.50,6940747414910,西安丰泰永泽商贸有限公司,54.00
397,冻货类,56.00,17.95%,8,312.00,6940747410912,西安丰泰永泽商贸有限公司,256.00
398,冻货类,42.00,17.95%,6,234.00,6940747410813,西安丰泰永泽商贸有限公司,192.00
399,冻货类,39.00,13.54%,6,288.00,0101020211012,西安丰泰永泽商贸有限公司,249.00
401,副食类,19.00,19.19%,5,99.00,6970228680121,西安丰泰永泽商贸有限公司,80.00
410,副食类,11.40,14.18%,3,80.40,6901333110524,西安丰泰永泽商贸有限公司,69.00
411,副食类,8.20,18.98%,1,43.20,6905014301263,西安丰泰永泽商贸有限公司,35.00
412,副食类,41.00,18.98%,5,216.00,6905014301287,西安丰泰永泽商贸有限公司,175.00
413,副食类,32.80,18.98%,4,172.80,6905014301270,西安丰泰永泽商贸有限公司,140.00
414,副食类,9.00,10.71%,3,84.00,6905014081288,西安丰泰永泽商贸有限公司,75.00
415,副食类,24.00,21.62%,6,111.00,6905014000876,西安丰泰永泽商贸有限公司,87.00
416,副食类,8.00,21.05%,2,38.00,6904555694292,西安丰泰永泽商贸有限公司,30.00
417,副食类,4.50,21.95%,1,20.50,6931500340706,西安丰泰永泽商贸有限公司,16.00
418,副食类,22.50,21.95%,5,102.50,6931500340904,西安丰泰永泽商贸有限公司,80.00
419,副食类,9.00,21.95%,2,41.00,6931500341000,西安丰泰永泽商贸有限公司,32.00
420,副食类,7.60,19.19%,2,39.60,6945309351917,西安丰泰永泽商贸有限公司,32.00
422,零食类,6.80,20.12%,1,33.80,6913405670317,西安丰泰永泽商贸有限公司,27.00
423,零食类,3.50,22.58%,1,15.50,6913405660530,西安丰泰永泽商贸有限公司,12.00
424,零食类,3.60,23.08%,1,15.60,6913405760681,西安丰泰永泽商贸有限公司,12.00
425,零食类,20.00,20.00%,4,100.00,6913405663524,西安丰泰永泽商贸有限公司,80.00
426,零食类,5.80,22.48%,1,25.80,6913405663517,西安丰泰永泽商贸有限公司,20.00
427,零食类,9.80,24.62%,2,39.80,8996001356500,西安丰泰永泽商贸有限公司,30.00
428,零食类,17.20,21.72%,4,79.20,6976488300267,西安丰泰永泽商贸有限公司,62.00
429,零食类,6.20,21.99%,1,28.20,6939730799967,西安丰泰永泽商贸有限公司,22.00
430,零食类,8.10,25.71%,3,31.50,6972933566080,西安丰泰永泽商贸有限公司,23.40
431,零食类,27.00,26.09%,9,103.50,6972933562761,西安丰泰永泽商贸有限公司,76.50
432,零食类,3.30,26.40%,1,12.50,6972933565557,西安丰泰永泽商贸有限公司,9.20
433,零食类,3.30,26.40%,1,12.50,6972933565540,西安丰泰永泽商贸有限公司,9.20
434,零食类,20.00,22.22%,10,90.00,6972933562051,西安丰泰永泽商贸有限公司,70.00
435,零食类,11.20,25.93%,4,43.20,6972933562884,西安丰泰永泽商贸有限公司,32.00
436,零食类,15.00,26.32%,3,57.00,6972933566226,西安丰泰永泽商贸有限公司,42.00
437,零食类,2.80,25.93%,1,10.80,6972933562891,西安丰泰永泽商贸有限公司,8.00
438,零食类,22.50,23.08%,5,97.50,6972933561467,西安丰泰永泽商贸有限公司,75.00
447,零食类,14.40,27.69%,4,52.00,6972933566035,西安丰泰永泽商贸有限公司,37.60
448,零食类,11.00,28.21%,2,39.00,6972933563706,西安丰泰永泽商贸有限公司,28.00
449,零食类,27.00,23.68%,6,114.00,4897038896271,西安丰泰永泽商贸有限公司,87.00
450,零食类,9.00,23.68%,2,38.00,4897038896288,西安丰泰永泽商贸有限公司,29.00
451,零食类,13.50,23.68%,3,57.00,4897038896264,西安丰泰永泽商贸有限公司,43.50
452,零食类,7.50,26.32%,3,28.50,4897038895816,西安丰泰永泽商贸有限公司,21.00
453,零食类,12.50,26.32%,5,47.50,4897038895809,西安丰泰永泽商贸有限公司,35.00
454,零食类,10.80,23.08%,6,46.80,6972535520893,西安丰泰永泽商贸有限公司,36.00
455,零食类,12.60,23.08%,7,54.60,6972535520886,西安丰泰永泽商贸有限公司,42.00
456,零食类,7.60,19.19%,4,39.60,6972698570216,西安丰泰永泽商贸有限公司,32.00
457,零食类,30.80,21.88%,11,140.80,6937439915251,西安丰泰永泽商贸有限公司,110.00
458,零食类,11.20,21.88%,4,51.20,6937439914988,西安丰泰永泽商贸有限公司,40.00
459,零食类,3.00,22.22%,1,13.50,6974176260541,西安丰泰永泽商贸有限公司,10.50
460,零食类,20.00,22.22%,5,90.00,6974176260367,西安丰泰永泽商贸有限公司,70.00
461,零食类,3.00,22.22%,1,13.50,6974176260176,西安丰泰永泽商贸有限公司,10.50
462,零食类,11.10,25.52%,3,43.50,6974176260183,西安丰泰永泽商贸有限公司,32.40
463,零食类,9.00,25.00%,3,36.00,6971791203618,西安丰泰永泽商贸有限公司,27.00
464,零食类,5.00,27.78%,2,18.00,6971791203571,西安丰泰永泽商贸有限公司,13.00
465,零食类,2.50,27.78%,1,9.00,6971791203595,西安丰泰永泽商贸有限公司,6.50
466,零食类,5.00,27.78%,2,18.00,6971791203588,西安丰泰永泽商贸有限公司,13.00
467,零食类,18.00,20.69%,3,87.00,6926507202591,西安丰泰永泽商贸有限公司,69.00
468,零食类,48.00,20.51%,3,234.00,6926507201884,西安丰泰永泽商贸有限公司,186.00
469,零食类,6.90,23.08%,1,29.90,6926507204182,西安丰泰永泽商贸有限公司,23.00
470,零食类,12.60,16.67%,14,75.60,6926507202836,西安丰泰永泽商贸有限公司,63.00
471,零食类,10.50,21.88%,1,48.00,6926507201594,西安丰泰永泽商贸有限公司,37.50
472,零食类,4.93,20.98%,1,23.50,6926507201143,西安丰泰永泽商贸有限公司,18.57
473,零食类,7.20,23.08%,2,31.20,6926507202430,西安丰泰永泽商贸有限公司,24.00
474,零食类,5.50,20.00%,1,27.50,6926507202379,西安丰泰永泽商贸有限公司,22.00
475,零食类,11.80,20.07%,1,58.80,6926507204991,西安丰泰永泽商贸有限公司,47.00
484,零食类,6.90,23.08%,1,29.90,6926507204342,西安丰泰永泽商贸有限公司,23.00
485,零食类,28.00,20.00%,4,140.00,6926507202300,西安丰泰永泽商贸有限公司,112.00
486,零食类,24.00,21.43%,4,112.00,4897031353603,西安丰泰永泽商贸有限公司,88.00
487,零食类,6.00,21.43%,1,28.00,4897031353597,西安丰泰永泽商贸有限公司,22.00
488,零食类,7.50,20.55%,1,36.50,4897031352422,西安丰泰永泽商贸有限公司,29.00
489,零食类,5.50,22.45%,1,24.50,9588552312266,西安丰泰永泽商贸有限公司,19.00
490,零食类,3.19,22.00%,1,14.50,9588552337474,西安丰泰永泽商贸有限公司,11.31
491,零食类,42.00,23.26%,7,180.60,9588552304506,西安丰泰永泽商贸有限公司,138.60
492,零食类,4.29,22.00%,1,19.50,9588552334954,西安丰泰永泽商贸有限公司,15.21
493,零食类,4.29,22.00%,1,19.50,9588552334978,西安丰泰永泽商贸有限公司,15.21
494,零食类,6.50,22.41%,1,29.00,9588552302854,西安丰泰永泽商贸有限公司,22.50
495,零食类,7.92,22.00%,2,36.00,9588552337528,西安丰泰永泽商贸有限公司,28.08
496,零食类,31.68,22.00%,8,144.00,9588552335135,西安丰泰永泽商贸有限公司,112.32
497,零食类,11.88,22.00%,3,54.00,9588552335128,西安丰泰永泽商贸有限公司,42.12
498,零食类,25.50,21.52%,3,118.50,9588552337498,西安丰泰永泽商贸有限公司,93.00
499,零食类,20.00,25.00%,5,80.00,9588552322821,西安丰泰永泽商贸有限公司,60.00
500,零食类,17.70,23.69%,3,74.70,9588552305312,西安丰泰永泽商贸有限公司,57.00
501,零食类,3.90,24.53%,1,15.90,9588552314338,西安丰泰永泽商贸有限公司,12.00
502,零食类,22.33,22.00%,7,101.50,9588552337450,西安丰泰永泽商贸有限公司,79.17
503,零食类,4.00,27.59%,1,14.50,9588552333902,西安丰泰永泽商贸有限公司,10.50
504,零食类,4.00,20.00%,1,20.00,9588552305725,西安丰泰永泽商贸有限公司,16.00
505,零食类,4.00,26.67%,1,15.00,9588552334251,西安丰泰永泽商贸有限公司,11.00
506,零食类,4.00,26.67%,1,15.00,9588552334268,西安丰泰永泽商贸有限公司,11.00
507,零食类,8.00,26.67%,2,30.00,9588552334244,西安丰泰永泽商贸有限公司,22.00
508,零食类,17.50,25.93%,5,67.50,9588552322692,西安丰泰永泽商贸有限公司,50.00
509,零食类,28.00,25.93%,8,108.00,9588552322708,西安丰泰永泽商贸有限公司,80.00
510,零食类,5.50,22.45%,1,24.50,9588552312259,西安丰泰永泽商贸有限公司,19.00
511,零食类,3.90,24.53%,1,15.90,9588552314123,西安丰泰永泽商贸有限公司,12.00
512,零食类,27.00,27.27%,6,99.00,9588552332912,西安丰泰永泽商贸有限公司,72.00
521,零食类,30.00,20.00%,10,150.00,6952675390211,西安丰泰永泽商贸有限公司,120.00
522,零食类,16.00,22.22%,4,72.00,6952675340735,西安丰泰永泽商贸有限公司,56.00
523,零食类,8.10,20.45%,3,39.60,6952675337735,西安丰泰永泽商贸有限公司,31.50
524,零食类,40.70,22.42%,11,181.50,6952675329938,西安丰泰永泽商贸有限公司,140.80
525,零食类,58.50,19.15%,13,305.50,6952675329921,西安丰泰永泽商贸有限公司,247.00
526,零食类,87.00,18.24%,15,477.00,6952675321123,西安丰泰永泽商贸有限公司,390.00
527,零食类,25.60,19.75%,8,129.60,6952675319915,西安丰泰永泽商贸有限公司,104.00
528,零食类,3.00,22.22%,1,13.50,6971827490623,西安丰泰永泽商贸有限公司,10.50
529,零食类,1.70,22.67%,1,7.50,4897082059974,西安丰泰永泽商贸有限公司,5.80
530,零食类,3.40,22.67%,2,15.00,4897082059998,西安丰泰永泽商贸有限公司,11.60
531,零食类,5.77,20.98%,1,27.50,4014400400007,西安丰泰永泽商贸有限公司,21.73
532,零食类,6.60,18.54%,2,35.60,653314503486,西安丰泰永泽商贸有限公司,29.00
533,零食类,16.50,18.54%,5,89.00,653314503493,西安丰泰永泽商贸有限公司,72.50
534,零食类,11.70,21.79%,3,53.70,6970631040109,西安丰泰永泽商贸有限公司,42.00
535,零食类,7.80,21.79%,2,35.80,6970631040123,西安丰泰永泽商贸有限公司,28.00
536,零食类,11.70,21.79%,3,53.70,6970631040130,西安丰泰永泽商贸有限公司,42.00
537,零食类,3.60,18.46%,3,19.50,6922621132783,西安丰泰永泽商贸有限公司,15.90
538,零食类,7.00,23.33%,2,30.00,6972508380417,西安丰泰永泽商贸有限公司,23.00
539,零食类,9.00,23.08%,2,39.00,6975048660810,西安丰泰永泽商贸有限公司,30.00
540,零食类,44.00,18.64%,8,236.00,6975048660834,西安丰泰永泽商贸有限公司,192.00
541,零食类,12.00,23.53%,3,51.00,6973968810094,西安丰泰永泽商贸有限公司,39.00
542,零食类,8.00,23.53%,2,34.00,6973968810988,西安丰泰永泽商贸有限公司,26.00
543,零食类,22.50,22.06%,3,102.00,6973968810063,西安丰泰永泽商贸有限公司,79.50
544,零食类,10.50,22.58%,3,46.50,6941174499631,西安丰泰永泽商贸有限公司,36.00
545,零食类,2.00,18.52%,1,10.80,6941174497156,西安丰泰永泽商贸有限公司,8.80
546,零食类,2.00,18.52%,1,10.80,6941174497149,西安丰泰永泽商贸有限公司,8.80
547,零食类,9.50,19.39%,1,49.00,6941174497026,西安丰泰永泽商贸有限公司,39.50
548,零食类,16.60,23.18%,2,71.60,6947705608107,西安丰泰永泽商贸有限公司,55.00
549,零食类,14.00,28.00%,4,50.00,6941025701999,西安丰泰永泽商贸有限公司,36.00
558,零食类,10.50,28.00%,3,37.50,6941025701968,西安丰泰永泽商贸有限公司,27.00
559,零食类,7.00,28.00%,2,25.00,6941025701975,西安丰泰永泽商贸有限公司,18.00
560,零食类,30.40,22.62%,8,134.40,6975287200020,西安丰泰永泽商贸有限公司,104.00
561,零食类,6.00,20.00%,1,30.00,6901333980196,西安丰泰永泽商贸有限公司,24.00
562,零食类,18.00,26.67%,3,67.50,6935036401603,西安丰泰永泽商贸有限公司,49.50
563,零食类,13.40,26.27%,2,51.00,6935036401597,西安丰泰永泽商贸有限公司,37.60
564,零食类,26.00,27.08%,4,96.00,6935036401580,西安丰泰永泽商贸有限公司,70.00
565,零食类,6.60,24.44%,2,27.00,6935036401849,西安丰泰永泽商贸有限公司,20.40
566,零食类,7.20,27.69%,2,26.00,6935036401306,西安丰泰永泽商贸有限公司,18.80
567,零食类,11.00,18.33%,2,60.00,6974856040098,西安丰泰永泽商贸有限公司,49.00
568,零食类,33.00,18.33%,6,180.00,6974856040081,西安丰泰永泽商贸有限公司,147.00
569,零食类,17.40,24.37%,3,71.40,4897038890972,西安丰泰永泽商贸有限公司,54.00
570,零食类,11.60,24.37%,2,47.60,4897038890965,西安丰泰永泽商贸有限公司,36.00
571,零食类,7.60,21.35%,2,35.60,4897038892327,西安丰泰永泽商贸有限公司,28.00
572,零食类,3.00,20.00%,1,15.00,4897038892372,西安丰泰永泽商贸有限公司,12.00
573,零食类,12.00,26.09%,4,46.00,4897038893379,西安丰泰永泽商贸有限公司,34.00
574,零食类,15.00,26.09%,5,57.50,4897038893362,西安丰泰永泽商贸有限公司,42.50
575,零食类,12.00,26.09%,4,46.00,4897038892761,西安丰泰永泽商贸有限公司,34.00
576,零食类,12.00,26.09%,4,46.00,4897038892754,西安丰泰永泽商贸有限公司,34.00
577,零食类,50.00,21.37%,4,234.00,8809022200885,西安丰泰永泽商贸有限公司,184.00
578,零食类,24.00,21.62%,6,111.00,6971657870503,西安丰泰永泽商贸有限公司,87.00
579,零食类,12.00,21.62%,3,55.50,6971657870893,西安丰泰永泽商贸有限公司,43.50
580,零食类,4.00,21.62%,1,18.50,6971657870343,西安丰泰永泽商贸有限公司,14.50
581,零食类,1.80,21.69%,1,8.30,6971426300491,西安丰泰永泽商贸有限公司,6.50
582,零食类,12.60,21.69%,7,58.10,6971426300477,西安丰泰永泽商贸有限公司,45.50
583,零食类,15.50,22.30%,5,69.50,4897076061181,西安丰泰永泽商贸有限公司,54.00
584,零食类,2.50,20.83%,1,12.00,9555118659530,西安丰泰永泽商贸有限公司,9.50
585,零食类,2.80,20.29%,1,13.80,4897076062379,西安丰泰永泽商贸有限公司,11.00
586,零食类,5.60,20.29%,2,27.60,4897076062393,西安丰泰永泽商贸有限公司,22.00
595,零食类,5.00,22.73%,1,22.00,6904432813037,西安丰泰永泽商贸有限公司,17.00
596,零食类,7.00,20.90%,1,33.50,6905014000081,西安丰泰永泽商贸有限公司,26.50
597,零食类,6.00,10.71%,2,56.00,6905014000890,西安丰泰永泽商贸有限公司,50.00
598,零食类,6.30,22.66%,1,27.80,6973768111179,西安丰泰永泽商贸有限公司,21.50
599,零食类,7.00,23.33%,2,30.00,4897119860832,西安丰泰永泽商贸有限公司,23.00
600,零食类,10.50,23.33%,3,45.00,4897119860825,西安丰泰永泽商贸有限公司,34.50
601,零食类,3.40,20.00%,1,17.00,4710484398970,西安丰泰永泽商贸有限公司,13.60
602,零食类,4.80,16.11%,1,29.80,4979365122725,西安丰泰永泽商贸有限公司,25.00
603,零食类,11.60,14.95%,2,77.60,6971062129289,西安丰泰永泽商贸有限公司,66.00
604,零食类,3.00,6.12%,1,49.00,6971062128855,西安丰泰永泽商贸有限公司,46.00
605,零食类,4.80,16.11%,1,29.80,4979365122718,西安丰泰永泽商贸有限公司,25.00
606,零食类,4.20,28.00%,1,15.00,6975840950034,西安丰泰永泽商贸有限公司,10.80
607,零食类,8.40,28.00%,2,30.00,6975840950058,西安丰泰永泽商贸有限公司,21.60
608,零食类,12.60,28.00%,3,45.00,6975840950041,西安丰泰永泽商贸有限公司,32.40
609,零食类,4.00,25.00%,1,16.00,6975840950089,西安丰泰永泽商贸有限公司,12.00
610,零食类,4.00,25.00%,1,16.00,6975840950096,西安丰泰永泽商贸有限公司,12.00
611,零食类,8.30,26.10%,1,31.80,6975840950065,西安丰泰永泽商贸有限公司,23.50
612,零食类,75.00,18.99%,5,395.00,6970480320292,西安丰泰永泽商贸有限公司,320.00
613,零食类,102.00,20.24%,6,504.00,6948042400034,西安丰泰永泽商贸有限公司,402.00
614,零食类,51.00,20.24%,3,252.00,6948042403929,西安丰泰永泽商贸有限公司,201.00
615,零食类,139.00,19.89%,10,699.00,6948042400027,西安丰泰永泽商贸有限公司,560.00
618,面粉类,54.00,16.22%,9,333.00,6921555521236,西安阜隆商贸有限公司,279.00
620,食用油类,270.00,20.55%,6,1314.00,8412253001437,西安阜隆商贸有限公司,1044.00
621,食用油类,14.00,14.29%,1,98.00,6909931264151,西安阜隆商贸有限公司,84.00
622,食用油类,16.00,18.60%,1,86.00,6926650313151,西安阜隆商贸有限公司,70.00
623,食用油类,14.00,17.95%,1,78.00,6926650331483,西安阜隆商贸有限公司,64.00
634,副食类,4.20,23.33%,3,18.00,6926410320214,西安海和景商贸有限公司,13.80
635,副食类,11.20,23.33%,8,48.00,6926410321501,西安海和景商贸有限公司,36.80
636,副食类,5.60,23.33%,4,24.00,6926410330954,西安海和景商贸有限公司,18.40
637,副食类,19.20,23.08%,4,83.20,6971885311816,西安海和景商贸有限公司,64.00
638,副食类,9.60,23.08%,2,41.60,6971885311892,西安海和景商贸有限公司,32.00
639,副食类,18.90,21.26%,7,88.90,6971284201244,西安海和景商贸有限公司,70.00
640,副食类,32.40,21.26%,12,152.40,6971284201206,西安海和景商贸有限公司,120.00
641,副食类,9.50,21.35%,5,44.50,6971284201220,西安海和景商贸有限公司,35.00
642,副食类,1.80,24.00%,1,7.50,6941541006349,西安海和景商贸有限公司,5.70
643,副食类,1.40,23.73%,1,5.90,6941541002068,西安海和景商贸有限公司,4.50
644,副食类,1.80,24.00%,1,7.50,6941541005236,西安海和景商贸有限公司,5.70
645,副食类,1.40,23.73%,1,5.90,6941541002129,西安海和景商贸有限公司,4.50
646,副食类,8.00,32.00%,2,25.00,6972779770023,西安海和景商贸有限公司,17.00
647,副食类,40.00,32.00%,10,125.00,6972779770016,西安海和景商贸有限公司,85.00
648,副食类,20.00,20.51%,5,97.50,6971807592699,西安海和景商贸有限公司,77.50
649,副食类,32.00,20.51%,8,156.00,6971807593382,西安海和景商贸有限公司,124.00
650,副食类,16.00,20.51%,4,78.00,6971807593764,西安海和景商贸有限公司,62.00
651,副食类,29.20,32.02%,4,91.20,6920509001251,西安海和景商贸有限公司,62.00
652,副食类,93.60,32.05%,8,292.00,6920509001404,西安海和景商贸有限公司,198.40
654,饮料类,174.00,25.97%,87,669.90,8859015700168,西安海和景商贸有限公司,495.90
655,饮料类,0.40,16.00%,1,2.50,6936571950052,西安海和景商贸有限公司,2.10
656,饮料类,15.60,25.00%,26,62.40,6922255447833,西安海和景商贸有限公司,46.80
657,饮料类,31.40,8.33%,157,376.80,6903004568511,西安海和景商贸有限公司,345.40
658,饮料类,4.00,18.52%,4,21.60,6974906990595,西安海和景商贸有限公司,17.60
659,饮料类,3.00,18.52%,3,16.20,6974906990588,西安海和景商贸有限公司,13.20
660,饮料类,2.00,22.22%,2,9.00,6974800840286,西安海和景商贸有限公司,7.00
669,饮料类,1.00,22.22%,1,4.50,6974800840330,西安海和景商贸有限公司,3.50
670,饮料类,1.30,20.63%,1,6.30,6970399927247,西安海和景商贸有限公司,5.00
671,饮料类,49.50,23.08%,33,214.50,6970399922365,西安海和景商贸有限公司,165.00
672,饮料类,51.00,23.08%,34,221.00,6970399922518,西安海和景商贸有限公司,170.00
673,饮料类,24.00,16.67%,30,144.00,6921168558025,西安海和景商贸有限公司,120.00
674,饮料类,13.60,16.67%,17,81.60,6921168558018,西安海和景商贸有限公司,68.00
675,饮料类,27.20,16.67%,34,163.20,6921168558049,西安海和景商贸有限公司,136.00
676,饮料类,0.80,16.00%,1,5.00,6921168596348,西安海和景商贸有限公司,4.20
677,饮料类,13.60,16.67%,17,81.60,6921168558032,西安海和景商贸有限公司,68.00
678,饮料类,17.00,17.24%,17,98.60,6974878230101,西安海和景商贸有限公司,81.60
679,饮料类,5.60,23.33%,4,24.00,6973497200205,西安海和景商贸有限公司,18.40
680,饮料类,16.50,19.64%,5,84.00,6973497200045,西安海和景商贸有限公司,67.50
681,饮料类,23.10,19.64%,7,117.60,6973497200052,西安海和景商贸有限公司,94.50
682,饮料类,24.00,20.69%,20,116.00,6973497202360,西安海和景商贸有限公司,92.00
683,饮料类,10.80,20.69%,9,52.20,6973497202940,西安海和景商贸有限公司,41.40
684,饮料类,30.00,23.08%,20,130.00,6973497200304,西安海和景商贸有限公司,100.00
685,饮料类,3.60,20.69%,3,17.40,6973497202346,西安海和景商贸有限公司,13.80
686,饮料类,3.00,15.63%,2,19.20,6971836970444,西安海和景商贸有限公司,16.20
687,饮料类,1.00,16.67%,1,6.00,6973782440347,西安海和景商贸有限公司,5.00
688,饮料类,6.30,14.09%,3,44.70,6923555210462,西安海和景商贸有限公司,38.40
689,饮料类,4.20,14.09%,2,29.80,6923555210479,西安海和景商贸有限公司,25.60
690,饮料类,6.30,14.09%,3,44.70,6923555212749,西安海和景商贸有限公司,38.40
691,饮料类,0.80,17.02%,1,4.70,6944839992065,西安海和景商贸有限公司,3.90
692,饮料类,2.40,17.14%,2,14.00,6954767401836,西安海和景商贸有限公司,11.60
693,饮料类,23.10,18.64%,21,123.90,6972863230105,西安海和景商贸有限公司,100.80
694,饮料类,2.90,29.29%,1,9.90,8855044006684,西安海和景商贸有限公司,7.00
695,饮料类,5.80,29.29%,2,19.80,8855044004628,西安海和景商贸有限公司,14.00
696,饮料类,0.90,17.31%,1,5.20,6902538004045,西安海和景商贸有限公司,4.30
697,饮料类,1.80,17.31%,2,10.40,6902538005141,西安海和景商贸有限公司,8.60
706,饮料类,0.90,17.31%,1,5.20,6902538004052,西安海和景商贸有限公司,4.30
707,饮料类,4.20,23.33%,6,18.00,6938309700526,西安海和景商贸有限公司,13.80
708,饮料类,7.00,17.72%,5,39.50,6971196385179,西安海和景商贸有限公司,32.50
709,饮料类,25.20,17.72%,18,142.20,6971196385070,西安海和景商贸有限公司,117.00
710,饮料类,7.00,17.72%,5,39.50,6971196385162,西安海和景商贸有限公司,32.50
711,饮料类,50.00,13.33%,50,375.00,6973852490005,西安海和景商贸有限公司,325.00
712,饮料类,6.60,8.33%,11,79.20,6921168593804,西安海和景商贸有限公司,72.60
713,饮料类,1.38,18.70%,2,7.38,6921168594993,西安海和景商贸有限公司,6.00
714,饮料类,1.38,18.70%,2,7.38,6921168595006,西安海和景商贸有限公司,6.00
715,饮料类,29.20,25.00%,73,116.80,6921168511280,西安海和景商贸有限公司,87.60
716,饮料类,16.90,14.77%,13,114.40,6921168559176,西安海和景商贸有限公司,97.50
717,饮料类,19.20,23.53%,48,81.60,6921168509256,西安海和景商贸有限公司,62.40
718,饮料类,7.60,19.19%,4,39.60,6921168594726,西安海和景商贸有限公司,32.00
719,饮料类,3.80,19.19%,2,19.80,6921168594733,西安海和景商贸有限公司,16.00
720,饮料类,5.60,16.33%,7,34.30,6921168500956,西安海和景商贸有限公司,28.70
721,饮料类,28.50,17.05%,19,167.20,6937003701327,西安海和景商贸有限公司,138.70
722,饮料类,3.00,23.08%,2,13.00,6917878030623,西安海和景商贸有限公司,10.00
723,饮料类,3.00,20.69%,1,14.50,6943851102674,西安海和景商贸有限公司,11.50
724,饮料类,6.00,20.69%,2,29.00,6943851102780,西安海和景商贸有限公司,23.00
725,饮料类,20.90,22.45%,19,93.10,6972549660134,西安海和景商贸有限公司,72.20
726,饮料类,27.00,20.00%,18,135.00,6972549660035,西安海和景商贸有限公司,108.00
727,饮料类,2.40,16.00%,3,15.00,6972549660929,西安海和景商贸有限公司,12.60
728,饮料类,2.80,14.58%,4,19.20,6972549661254,西安海和景商贸有限公司,16.40
729,饮料类,24.80,16.00%,31,155.00,6972549660677,西安海和景商贸有限公司,130.20
730,饮料类,14.40,16.00%,18,90.00,6972549660905,西安海和景商贸有限公司,75.60
731,饮料类,17.60,22.45%,16,78.40,6972549660097,西安海和景商贸有限公司,60.80
732,饮料类,30.60,18.37%,34,166.60,6935498308793,西安海和景商贸有限公司,136.00
733,饮料类,3.80,19.19%,2,19.80,6971836970123,西安海和景商贸有限公司,16.00
734,饮料类,7.50,20.00%,3,37.50,6901818460878,西安海和景商贸有限公司,30.00
743,饮料类,7.50,15.79%,5,47.50,4891028707899,西安海和景商贸有限公司,40.00
744,饮料类,12.00,16.67%,15,72.00,6954767422688,西安海和景商贸有限公司,60.00
745,饮料类,1.40,17.72%,1,7.90,6974348720002,西安海和景商贸有限公司,6.50
746,饮料类,23.80,17.72%,17,134.30,6974348720392,西安海和景商贸有限公司,110.50
747,饮料类,5.60,17.72%,4,31.60,6974348720019,西安海和景商贸有限公司,26.00
748,饮料类,4.00,16.00%,10,25.00,6954767430386,西安海和景商贸有限公司,21.00
749,饮料类,26.00,17.45%,10,149.00,6901347880390,西安海和景商贸有限公司,123.00
750,饮料类,0.70,16.67%,1,4.20,6926892568081,西安海和景商贸有限公司,3.50
751,饮料类,1.40,16.67%,2,8.40,6926892501033,西安海和景商贸有限公司,7.00
752,饮料类,138.60,25.93%,18,534.60,6975131550721,西安海和景商贸有限公司,396.00
753,饮料类,18.70,19.30%,17,96.90,6975176782460,西安海和景商贸有限公司,78.20
754,饮料类,12.00,16.00%,15,75.00,6970399920415,西安海和景商贸有限公司,63.00
755,饮料类,1.10,17.46%,1,6.30,6970399921092,西安海和景商贸有限公司,5.20
758,副食类,9.60,24.24%,4,39.60,6911569140158,西安和天熙商贸有限公司,30.00
759,副食类,4.90,28.99%,1,16.90,6911569126411,西安和天熙商贸有限公司,12.00
760,副食类,14.40,24.00%,12,60.00,6924640202225,西安和天熙商贸有限公司,45.60
761,副食类,10.00,18.94%,4,52.80,6911569014145,西安和天熙商贸有限公司,42.80
762,副食类,10.00,23.26%,2,43.00,6911569506848,西安和天熙商贸有限公司,33.00
763,副食类,47.40,29.37%,6,161.40,6911569113497,西安和天熙商贸有限公司,114.00
764,副食类,9.00,22.22%,3,40.50,6911569132313,西安和天熙商贸有限公司,31.50
765,副食类,12.00,23.08%,2,52.00,6911569200289,西安和天熙商贸有限公司,40.00
766,副食类,19.60,28.99%,4,67.60,6911569126398,西安和天熙商贸有限公司,48.00
767,副食类,85.00,23.26%,17,365.50,6911569009943,西安和天熙商贸有限公司,280.50
768,副食类,148.50,34.26%,15,433.50,6911569114456,西安和天熙商贸有限公司,285.00
769,副食类,40.50,20.00%,9,202.50,6911569145061,西安和天熙商贸有限公司,162.00
771,零食类,19.80,22.22%,9,89.10,6923450662106,西安和天熙商贸有限公司,69.30
780,零食类,4.30,24.16%,1,17.80,4894375022547,西安和天熙商贸有限公司,13.50
781,零食类,18.00,21.43%,6,84.00,4894375011008,西安和天熙商贸有限公司,66.00
782,零食类,3.00,23.08%,1,13.00,4713507008337,西安和天熙商贸有限公司,10.00
783,零食类,8.60,24.16%,2,35.60,4894375022530,西安和天熙商贸有限公司,27.00
784,零食类,3.00,23.08%,1,13.00,4713507008344,西安和天熙商贸有限公司,10.00
785,零食类,2.50,20.83%,1,12.00,029173092964,西安和天熙商贸有限公司,9.50
786,零食类,2.50,20.83%,1,12.00,029173092971,西安和天熙商贸有限公司,9.50
787,零食类,27.00,23.08%,9,117.00,8935024140147,西安和天熙商贸有限公司,90.00
788,零食类,7.80,23.08%,2,33.80,6914973601567,西安和天熙商贸有限公司,26.00
789,零食类,7.00,20.59%,1,34.00,8809420330740,西安和天熙商贸有限公司,27.00
790,零食类,5.00,22.73%,2,22.00,3185610001139,西安和天熙商贸有限公司,17.00
791,零食类,10.20,26.36%,3,38.70,6948939602404,西安和天熙商贸有限公司,28.50
792,零食类,3.30,27.97%,1,11.80,6948939602572,西安和天熙商贸有限公司,8.50
793,零食类,13.60,26.36%,4,51.60,6948939602381,西安和天熙商贸有限公司,38.00
794,零食类,6.20,24.03%,2,25.80,6948939608208,西安和天熙商贸有限公司,19.60
795,零食类,1.50,18.99%,1,7.90,6901845040692,西安和天熙商贸有限公司,6.40
796,零食类,1.50,18.99%,1,7.90,6901845040685,西安和天熙商贸有限公司,6.40
797,零食类,3.00,18.99%,2,15.80,6901845040951,西安和天熙商贸有限公司,12.80
798,零食类,17.50,19.69%,7,88.90,6923668390075,西安和天熙商贸有限公司,71.40
799,零食类,15.00,19.69%,6,76.20,6923668390181,西安和天熙商贸有限公司,61.20
800,零食类,37.50,30.61%,5,122.50,6918598028105,西安和天熙商贸有限公司,85.00
801,零食类,3.50,23.33%,1,15.00,6937451883118,西安和天熙商贸有限公司,11.50
802,零食类,4.00,22.22%,1,18.00,6937451883231,西安和天熙商贸有限公司,14.00
803,零食类,15.60,23.08%,4,67.60,6914973200685,西安和天熙商贸有限公司,52.00
804,零食类,22.00,15.07%,4,146.00,6914973604223,西安和天熙商贸有限公司,124.00
805,零食类,19.50,17.57%,3,111.00,6914973206106,西安和天熙商贸有限公司,91.50
806,零食类,11.00,15.07%,2,73.00,6914973604230,西安和天熙商贸有限公司,62.00
807,零食类,16.00,8.70%,4,184.00,6914973300828,西安和天熙商贸有限公司,168.00
808,零食类,20.40,20.12%,6,101.40,6931802400078,西安和天熙商贸有限公司,81.00
817,零食类,51.00,20.12%,15,253.50,6931802400047,西安和天熙商贸有限公司,202.50
818,零食类,3.60,24.00%,1,15.00,4897044644613,西安和天熙商贸有限公司,11.40
819,零食类,4.50,25.00%,3,18.00,6954003201299,西安和天熙商贸有限公司,13.50
820,零食类,22.50,15.31%,15,147.00,80050278,西安和天熙商贸有限公司,124.50
821,零食类,5.30,22.08%,1,24.00,9556023986476,西安和天熙商贸有限公司,18.70
822,零食类,15.90,22.08%,3,72.00,9556023875985,西安和天熙商贸有限公司,56.10
823,零食类,5.00,20.83%,2,24.00,6940188801560,西安和天熙商贸有限公司,19.00
824,零食类,3.00,23.08%,1,13.00,6940188801607,西安和天熙商贸有限公司,10.00
825,零食类,33.00,23.08%,11,143.00,6940188801638,西安和天熙商贸有限公司,110.00
826,零食类,3.00,23.08%,1,13.00,6940188801591,西安和天熙商贸有限公司,10.00
827,零食类,11.40,18.63%,6,61.20,4713507019135,西安和天熙商贸有限公司,49.80
828,零食类,5.70,18.63%,3,30.60,4713507011528,西安和天熙商贸有限公司,24.90
829,零食类,19.00,23.81%,2,79.80,6971284200063,西安和天熙商贸有限公司,60.80
830,零食类,28.50,23.81%,3,119.70,6971284200049,西安和天熙商贸有限公司,91.20
831,零食类,1.60,17.78%,2,9.00,6920907808278,西安和天熙商贸有限公司,7.40
832,零食类,1.60,17.78%,2,9.00,6920907808179,西安和天熙商贸有限公司,7.40
833,零食类,6.00,17.65%,4,34.00,6920907809909,西安和天熙商贸有限公司,28.00
834,零食类,9.00,17.65%,6,51.00,6920907809886,西安和天熙商贸有限公司,42.00
835,零食类,4.50,17.65%,3,25.50,6920907809862,西安和天熙商贸有限公司,21.00
836,零食类,5.00,23.26%,1,21.50,6920907801347,西安和天熙商贸有限公司,16.50
837,零食类,7.20,16.00%,6,45.00,6925843404249,西安和天熙商贸有限公司,37.80
838,零食类,15.00,21.43%,5,70.00,4894375010995,西安和天熙商贸有限公司,55.00
839,零食类,2.70,25.71%,1,10.50,9556023564599,西安和天熙商贸有限公司,7.80
840,零食类,15.00,23.81%,3,63.00,6959629805463,西安和天熙商贸有限公司,48.00
841,零食类,5.00,23.81%,1,21.00,6959629805548,西安和天熙商贸有限公司,16.00
842,零食类,10.00,23.81%,2,42.00,6959629805487,西安和天熙商贸有限公司,32.00
843,零食类,5.00,23.81%,1,21.00,6959629805531,西安和天熙商贸有限公司,16.00
844,零食类,10.00,23.81%,2,42.00,6959629805470,西安和天熙商贸有限公司,32.00
845,零食类,10.00,21.74%,2,46.00,9588552322302,西安和天熙商贸有限公司,36.00
854,零食类,3.00,23.08%,1,13.00,6971529861257,西安和天熙商贸有限公司,10.00
855,零食类,14.00,21.88%,5,64.00,6927682700018,西安和天熙商贸有限公司,50.00
856,零食类,9.00,25.71%,1,35.00,5410081201848,西安和天熙商贸有限公司,26.00
857,零食类,33.60,20.17%,7,166.60,6952480000800,西安和天熙商贸有限公司,133.00
858,零食类,9.30,24.03%,3,38.70,6923976110136,西安和天熙商贸有限公司,29.40
859,零食类,3.10,24.03%,1,12.90,6923976112161,西安和天熙商贸有限公司,9.80
860,零食类,12.40,24.03%,4,51.60,6923976181266,西安和天熙商贸有限公司,39.20
861,零食类,16.40,24.12%,4,68.00,6970209860467,西安和天熙商贸有限公司,51.60
862,零食类,16.40,24.12%,4,68.00,6970209860221,西安和天熙商贸有限公司,51.60
863,零食类,32.00,21.05%,8,152.00,6934364814697,西安和天熙商贸有限公司,120.00
864,零食类,3.50,24.14%,1,14.50,8993175537391,西安和天熙商贸有限公司,11.00
865,零食类,20.00,21.74%,4,92.00,6923228400404,西安和天熙商贸有限公司,72.00
866,零食类,23.00,24.21%,1,95.00,6924187892637,西安和天熙商贸有限公司,72.00
867,零食类,21.80,25.41%,2,85.80,6924187876576,西安和天熙商贸有限公司,64.00
868,零食类,8.00,22.22%,1,36.00,6924187875333,西安和天熙商贸有限公司,28.00
869,零食类,16.80,23.60%,8,71.20,6924187851160,西安和天熙商贸有限公司,54.40
870,零食类,6.00,20.69%,1,29.00,6924187889316,西安和天熙商贸有限公司,23.00
871,零食类,6.00,20.69%,1,29.00,6924187889309,西安和天熙商贸有限公司,23.00
872,零食类,23.00,25.84%,2,89.00,6924187858725,西安和天熙商贸有限公司,66.00
873,零食类,9.40,29.56%,2,31.80,6924187821989,西安和天熙商贸有限公司,22.40
874,零食类,25.60,23.02%,8,111.20,6924187821644,西安和天熙商贸有限公司,85.60
875,零食类,33.00,28.95%,6,114.00,6924187822337,西安和天熙商贸有限公司,81.00
876,零食类,21.00,17.95%,3,117.00,6974900680560,西安和天熙商贸有限公司,96.00
877,零食类,68.00,17.53%,4,388.00,6974900680270,西安和天熙商贸有限公司,320.00
878,零食类,16.00,18.18%,2,88.00,6974900680737,西安和天熙商贸有限公司,72.00
879,零食类,21.70,18.67%,7,116.20,6925723002411,西安和天熙商贸有限公司,94.50
880,零食类,11.00,24.44%,1,45.00,8002650002177,西安和天熙商贸有限公司,34.00
881,零食类,9.00,24.32%,2,37.00,4715219771615,西安和天熙商贸有限公司,28.00
882,零食类,19.50,22.39%,13,87.10,6901306180714,西安和天熙商贸有限公司,67.60
891,零食类,1.50,22.39%,1,6.70,6901306180738,西安和天熙商贸有限公司,5.20
892,零食类,1.50,22.39%,1,6.70,6901306180707,西安和天熙商贸有限公司,5.20
893,零食类,5.00,18.52%,2,27.00,6926972995219,西安和天熙商贸有限公司,22.00
894,零食类,2.50,18.52%,1,13.50,6926972995226,西安和天熙商贸有限公司,11.00
895,零食类,2.50,18.52%,1,13.50,6926972995202,西安和天熙商贸有限公司,11.00
896,零食类,7.80,21.79%,2,35.80,6972636670244,西安和天熙商贸有限公司,28.00
897,零食类,27.30,21.79%,7,125.30,6972636670237,西安和天熙商贸有限公司,98.00
898,零食类,27.30,21.79%,7,125.30,6972636670213,西安和天熙商贸有限公司,98.00
899,零食类,4.00,15.69%,1,25.50,6909995101676,西安和天熙商贸有限公司,21.50
900,零食类,4.00,15.69%,1,25.50,6909995110326,西安和天熙商贸有限公司,21.50
901,零食类,4.00,23.53%,1,17.00,8032755323761,西安和天熙商贸有限公司,13.00
902,零食类,20.00,25.00%,2,80.00,6959479300422,西安和天熙商贸有限公司,60.00
903,零食类,8.00,22.22%,2,36.00,4712883837876,西安和天熙商贸有限公司,28.00
904,零食类,8.00,22.22%,2,36.00,4712883837883,西安和天熙商贸有限公司,28.00
905,零食类,7.50,23.81%,3,31.50,4712883834257,西安和天熙商贸有限公司,24.00
906,零食类,20.00,26.32%,2,76.00,4712764583595,西安和天熙商贸有限公司,56.00
907,零食类,9.00,25.00%,2,36.00,4897025889453,西安和天熙商贸有限公司,27.00
908,零食类,18.00,21.95%,2,82.00,4897025882539,西安和天熙商贸有限公司,64.00
909,零食类,22.50,25.00%,5,90.00,4897025889460,西安和天熙商贸有限公司,67.50
910,零食类,17.20,31.16%,4,55.20,6920130971879,西安和天熙商贸有限公司,38.00
911,零食类,8.60,31.16%,2,27.60,6920130971886,西安和天熙商贸有限公司,19.00
912,零食类,1.80,15.25%,2,11.80,6920907808612,西安和天熙商贸有限公司,10.00
913,零食类,1.80,15.25%,2,11.80,6920907808575,西安和天熙商贸有限公司,10.00
914,零食类,20.00,20.00%,8,100.00,6923450656181,西安和天熙商贸有限公司,80.00
915,零食类,12.50,20.00%,5,62.50,6923450656150,西安和天熙商贸有限公司,50.00
916,零食类,12.50,20.00%,5,62.50,6923450657935,西安和天熙商贸有限公司,50.00
917,零食类,5.00,20.00%,2,25.00,6923450657638,西安和天熙商贸有限公司,20.00
918,零食类,20.00,20.00%,8,100.00,6923450656860,西安和天熙商贸有限公司,80.00
919,零食类,2.50,23.81%,1,10.50,4716076571745,西安和天熙商贸有限公司,8.00
928,零食类,2.50,23.81%,1,10.50,4716076571769,西安和天熙商贸有限公司,8.00
929,零食类,5.00,22.73%,2,22.00,4716076571462,西安和天熙商贸有限公司,17.00
930,零食类,2.50,23.81%,1,10.50,4716076571714,西安和天熙商贸有限公司,8.00
931,零食类,2.50,23.81%,1,10.50,4716076571691,西安和天熙商贸有限公司,8.00
932,零食类,5.00,23.81%,2,21.00,4716076571707,西安和天熙商贸有限公司,16.00
933,零食类,2.50,22.73%,1,11.00,4716076571479,西安和天熙商贸有限公司,8.50
934,零食类,7.00,20.00%,2,35.00,6920153606222,西安和天熙商贸有限公司,28.00
935,零食类,3.50,20.00%,1,17.50,6920153606215,西安和天熙商贸有限公司,14.00
936,零食类,24.00,23.08%,2,104.00,9556854006008,西安和天熙商贸有限公司,80.00
937,零食类,3.50,21.88%,1,16.00,4897044643081,西安和天熙商贸有限公司,12.50
938,零食类,40.00,21.74%,16,184.00,6920609900362,西安和天熙商贸有限公司,144.00
939,零食类,23.80,18.06%,2,131.80,6925785605865,西安和天熙商贸有限公司,108.00
940,零食类,4.80,13.41%,1,35.80,6925785605797,西安和天熙商贸有限公司,31.00
941,零食类,7.90,20.31%,1,38.90,6925785605902,西安和天熙商贸有限公司,31.00
942,零食类,13.80,20.35%,2,67.80,6925785603441,西安和天熙商贸有限公司,54.00
943,零食类,6.80,20.12%,1,33.80,6925785601898,西安和天熙商贸有限公司,27.00
944,零食类,10.00,20.00%,1,50.00,8935024149669,西安和天熙商贸有限公司,40.00
945,零食类,15.00,23.08%,10,65.00,6922895401226,西安和天熙商贸有限公司,50.00
946,零食类,18.00,21.43%,2,84.00,9556121027149,西安和天熙商贸有限公司,66.00
947,零食类,2.20,20.00%,1,11.00,9556121024025,西安和天熙商贸有限公司,8.80
948,零食类,11.00,22.00%,1,50.00,9556121027163,西安和天熙商贸有限公司,39.00
950,乳制品类,6.00,20.00%,2,30.00,4260290260027,西安和天熙商贸有限公司,24.00
951,乳制品类,48.00,20.00%,16,240.00,4260290260010,西安和天熙商贸有限公司,192.00
952,乳制品类,11.00,18.64%,1,59.00,4260290263042,西安和天熙商贸有限公司,48.00
953,乳制品类,32.50,19.23%,13,169.00,9300639500041,西安和天熙商贸有限公司,136.50
954,乳制品类,3.00,20.00%,1,15.00,4100290007089,西安和天熙商贸有限公司,12.00
955,乳制品类,13.20,19.35%,11,68.20,5711953044380,西安和天熙商贸有限公司,55.00
956,乳制品类,8.40,19.35%,7,43.40,5711953044366,西安和天熙商贸有限公司,35.00
965,乳制品类,6.00,20.00%,2,30.00,4100290007072,西安和天熙商贸有限公司,24.00
966,乳制品类,52.00,25.00%,2,208.00,6955801118659,西安和天熙商贸有限公司,156.00
967,乳制品类,3.70,19.58%,1,18.90,6904007610542,西安和天熙商贸有限公司,15.20
968,乳制品类,3.00,16.67%,1,18.00,6904007607856,西安和天熙商贸有限公司,15.00
969,乳制品类,4.00,10.00%,1,40.00,6904007602578,西安和天熙商贸有限公司,36.00
970,乳制品类,4.00,10.00%,1,40.00,6904007605920,西安和天熙商贸有限公司,36.00
971,乳制品类,20.00,20.00%,8,100.00,6904007607917,西安和天熙商贸有限公司,80.00
972,乳制品类,1.40,17.72%,1,7.90,6904007608563,西安和天熙商贸有限公司,6.50
973,乳制品类,7.00,17.72%,5,39.50,6904007608570,西安和天熙商贸有限公司,32.50
974,乳制品类,46.90,14.99%,7,312.90,6904007606606,西安和天熙商贸有限公司,266.00
975,乳制品类,8.20,20.40%,2,40.20,6904007608211,西安和天熙商贸有限公司,32.00
977,饮料类,48.00,23.53%,24,204.00,3179730010591,西安和天熙商贸有限公司,156.00
978,饮料类,48.00,23.53%,24,204.00,3179730010560,西安和天熙商贸有限公司,156.00
979,饮料类,14.00,17.95%,1,78.00,4891599331288,西安和天熙商贸有限公司,64.00
980,饮料类,33.60,17.78%,42,189.00,6901808188881,西安和天熙商贸有限公司,155.40
981,饮料类,0.60,20.00%,1,3.00,6970783730132,西安和天熙商贸有限公司,2.40
982,饮料类,9.60,20.00%,16,48.00,6970783730019,西安和天熙商贸有限公司,38.40
983,饮料类,0.80,18.60%,1,4.30,6925303730574,西安和天熙商贸有限公司,3.50
984,饮料类,12.80,20.00%,16,64.00,6956367338680,西安和天熙商贸有限公司,51.20
985,饮料类,5.60,21.21%,4,26.40,3068320055008,西安和天熙商贸有限公司,20.80
988,冻货类,8.40,17.72%,3,47.40,6971738655364,西安品优兴农产品有限公司,39.00
989,冻货类,10.50,16.28%,3,64.50,6971738655333,西安品优兴农产品有限公司,54.00
990,冻货类,11.20,17.72%,4,63.20,6971738655395,西安品优兴农产品有限公司,52.00
991,冻货类,16.80,17.72%,6,94.80,6971738655371,西安品优兴农产品有限公司,78.00
992,冻货类,11.20,12.84%,4,87.20,6971738656095,西安品优兴农产品有限公司,76.00
993,冻货类,26.00,26.53%,2,98.00,6947773601949,西安品优兴农产品有限公司,72.00
1002,冻货类,117.00,15.25%,13,767.00,6947689112454,西安品优兴农产品有限公司,650.00
1003,冻货类,35.00,21.74%,7,161.00,6947689112102,西安品优兴农产品有限公司,126.00
1004,冻货类,60.00,19.23%,4,312.00,6976354450058,西安品优兴农产品有限公司,252.00
1005,冻货类,8.00,19.05%,2,42.00,6976354450034,西安品优兴农产品有限公司,34.00
1006,冻货类,23.00,23.47%,1,98.00,6957890900335,西安品优兴农产品有限公司,75.00
1007,冻货类,112.00,23.73%,4,472.00,6971881050238,西安品优兴农产品有限公司,360.00
1008,冻货类,48.00,15.00%,8,320.00,6958196800499,西安品优兴农产品有限公司,272.00
1009,冻货类,209.00,15.45%,22,1353.00,6958196800338,西安品优兴农产品有限公司,1144.00
1010,冻货类,11.20,23.73%,4,47.20,6921665714436,西安品优兴农产品有限公司,36.00
1011,冻货类,5.60,21.88%,2,25.60,6921665732577,西安品优兴农产品有限公司,20.00
1012,冻货类,5.60,23.73%,2,23.60,6921665714429,西安品优兴农产品有限公司,18.00
1013,冻货类,460.00,21.05%,23,2185.00,6971881050054,西安品优兴农产品有限公司,1725.00
1014,冻货类,7.90,20.84%,1,37.90,4891913367238,西安品优兴农产品有限公司,30.00
1015,冻货类,62.40,20.63%,16,302.40,6950327000884,西安品优兴农产品有限公司,240.00
1016,冻货类,5.30,20.54%,1,25.80,6950327001041,西安品优兴农产品有限公司,20.50
1017,冻货类,22.00,18.41%,5,119.50,6950327001058,西安品优兴农产品有限公司,97.50
1018,冻货类,200.00,19.53%,8,1024.00,6957890900336,西安品优兴农产品有限公司,824.00
1019,冻货类,175.00,18.92%,5,925.00,6973820980132,西安品优兴农产品有限公司,750.00
1020,冻货类,36.00,19.05%,9,189.00,6945482421773,西安品优兴农产品有限公司,153.00
1023,零食,8.40,14.97%,3,56.10,6975624411010,西安其林贸易有限公司,47.70
1024,零食,2.50,19.69%,1,12.70,6941297400217,西安其林贸易有限公司,10.20
1025,零食,41.00,21.28%,41,192.70,6947798800112,西安其林贸易有限公司,151.70
1026,零食,1.50,21.74%,1,6.90,6956405213610,西安其林贸易有限公司,5.40
1027,零食,10.40,19.40%,8,53.60,6956405213627,西安其林贸易有限公司,43.20
1028,零食,1.30,19.40%,1,6.70,6956405213962,西安其林贸易有限公司,5.40
1029,零食,10.40,19.40%,8,53.60,6956405212927,西安其林贸易有限公司,43.20
1030,零食,38.40,23.19%,24,165.60,6974197980008,西安其林贸易有限公司,127.20
1041,鸡蛋,266.00,17.95%,76,1482.00,6954113701504,西安秦南农副产品贸易有限公司,1216.00
1044,零食类,52.50,18.26%,5,287.50,6939656100090,西安市禾采商贸有限公司,235.00
1045,零食类,6.00,23.53%,1,25.50,6972808382180,西安市禾采商贸有限公司,19.50
1046,零食类,23.80,17.79%,2,133.80,6972808380421,西安市禾采商贸有限公司,110.00
1047,零食类,5.00,18.52%,1,27.00,6972808382388,西安市禾采商贸有限公司,22.00
1048,零食类,21.00,18.26%,2,115.00,6939656100663,西安市禾采商贸有限公司,94.00
1049,零食类,5.30,21.63%,1,24.50,6973044387731,西安市禾采商贸有限公司,19.20
1051,面粉,8.30,18.24%,1,45.50,6972808381145,西安市禾采商贸有限公司,37.20
1053,食用油,63.00,17.65%,3,357.00,6972808388922,西安市禾采商贸有限公司,294.00
1054,食用油,23.60,19.73%,4,119.60,6972808381992,西安市禾采商贸有限公司,96.00
1057,大米,153.40,15.57%,13,985.40,6947475900913,西安腾旺贸易有限公司,832.00
1058,大米,30.00,20.83%,1,144.00,6947475903242,西安腾旺贸易有限公司,114.00
1059,大米,130.00,16.05%,10,810.00,6947475902405,西安腾旺贸易有限公司,680.00
1060,大米,28.80,22.36%,1,128.80,6970866090580,西安腾旺贸易有限公司,100.00
1061,大米,21.00,24.42%,1,86.00,6971947498264,西安腾旺贸易有限公司,65.00
1062,大米,14.00,17.07%,1,82.00,6944910358360,西安腾旺贸易有限公司,68.00
1064,副食类,1.40,20.29%,1,6.90,6922507804117,西安腾旺贸易有限公司,5.50
1065,副食类,11.00,22.22%,11,49.50,6922507809754,西安腾旺贸易有限公司,38.50
1066,副食类,10.00,23.81%,4,42.00,6922507821688,西安腾旺贸易有限公司,32.00
1067,副食类,2.50,23.81%,1,10.50,6922507821701,西安腾旺贸易有限公司,8.00
1076,副食类,2.80,20.29%,1,13.80,6922507805022,西安腾旺贸易有限公司,11.00
1077,副食类,4.50,20.00%,3,22.50,6922507823903,西安腾旺贸易有限公司,18.00
1078,副食类,8.40,21.88%,3,38.40,6922507804087,西安腾旺贸易有限公司,30.00
1079,副食类,8.40,21.88%,3,38.40,6922507800638,西安腾旺贸易有限公司,30.00
1080,副食类,8.40,21.88%,3,38.40,6922507800621,西安腾旺贸易有限公司,30.00
1081,副食类,1.50,20.00%,1,7.50,6922507823910,西安腾旺贸易有限公司,6.00
1082,副食类,15.00,15.15%,1,99.00,6944910337563,西安腾旺贸易有限公司,84.00
1084,面粉,104.00,17.78%,13,585.00,6944910355765,西安腾旺贸易有限公司,481.00
1085,面粉,15.60,23.08%,4,67.60,6944910352412,西安腾旺贸易有限公司,52.00
1086,面粉,32.00,29.09%,2,110.00,6974919372371,西安腾旺贸易有限公司,78.00
1088,乳制品类,104.00,19.12%,8,544.00,6970037311148,西安腾旺贸易有限公司,440.00
1089,乳制品类,16.00,18.18%,1,88.00,6907992515533,西安腾旺贸易有限公司,72.00
1090,乳制品类,10.50,20.00%,3,52.50,6922477411575,西安腾旺贸易有限公司,42.00
1091,乳制品类,7.00,20.00%,2,35.00,6922477411551,西安腾旺贸易有限公司,28.00
1092,乳制品类,3.50,20.00%,1,17.50,6922477411599,西安腾旺贸易有限公司,14.00
1093,乳制品类,24.50,20.00%,7,122.50,6922477411544,西安腾旺贸易有限公司,98.00
1094,乳制品类,3.30,20.89%,1,15.80,6922477400333,西安腾旺贸易有限公司,12.50
1095,乳制品类,6.60,20.89%,2,31.60,6922477400524,西安腾旺贸易有限公司,25.00
1096,乳制品类,6.60,20.89%,2,31.60,6922477400777,西安腾旺贸易有限公司,25.00
1097,乳制品类,43.00,21.72%,10,198.00,6922477411087,西安腾旺贸易有限公司,155.00
1098,乳制品类,25.80,21.72%,6,118.80,6922477411407,西安腾旺贸易有限公司,93.00
1099,乳制品类,4.80,22.22%,2,21.60,6922477410547,西安腾旺贸易有限公司,16.80
1100,乳制品类,7.20,22.22%,3,32.40,6922477410530,西安腾旺贸易有限公司,25.20
1101,乳制品类,2.40,17.27%,1,13.90,6922477400227,西安腾旺贸易有限公司,11.50
1102,乳制品类,29.40,20.50%,6,143.40,6922477400685,西安腾旺贸易有限公司,114.00
1103,乳制品类,8.00,23.53%,4,34.00,6971550820001,西安腾旺贸易有限公司,26.00
1104,乳制品类,9.00,23.08%,3,39.00,6971550821107,西安腾旺贸易有限公司,30.00
1113,乳制品类,16.00,21.62%,5,74.00,6971550820643,西安腾旺贸易有限公司,58.00
1114,乳制品类,12.80,21.62%,4,59.20,6971550820650,西安腾旺贸易有限公司,46.40
1115,乳制品类,32.00,18.18%,2,176.00,6907992518077,西安腾旺贸易有限公司,144.00
1116,乳制品类,18.00,18.75%,1,96.00,6907992519241,西安腾旺贸易有限公司,78.00
1117,乳制品类,35.20,24.58%,4,143.20,6924810822406,西安腾旺贸易有限公司,108.00
1118,乳制品类,10.50,22.58%,3,46.50,6924810801838,西安腾旺贸易有限公司,36.00
1119,乳制品类,16.20,20.45%,9,79.20,6924810824608,西安腾旺贸易有限公司,63.00
1120,乳制品类,50.00,24.39%,5,205.00,6924810810014,西安腾旺贸易有限公司,155.00
1121,乳制品类,48.60,22.01%,6,220.80,6924810822222,西安腾旺贸易有限公司,172.20
1122,乳制品类,21.30,21.01%,3,101.40,6924810822376,西安腾旺贸易有限公司,80.10
1123,乳制品类,5.00,20.83%,1,24.00,6924810812216,西安腾旺贸易有限公司,19.00
1124,乳制品类,24.50,22.58%,7,108.50,6924810801807,西安腾旺贸易有限公司,84.00
1125,乳制品类,30.00,19.23%,2,156.00,6970037311421,西安腾旺贸易有限公司,126.00
1126,乳制品类,15.00,19.23%,1,78.00,6970037311247,西安腾旺贸易有限公司,63.00
1127,乳制品类,80.00,20.41%,8,392.00,6970037310158,西安腾旺贸易有限公司,312.00
1128,乳制品类,115.00,17.04%,10,675.00,6970037314354,西安腾旺贸易有限公司,560.00
1129,乳制品类,288.00,20.45%,16,1408.00,6935739919337,西安腾旺贸易有限公司,1120.00
1130,乳制品类,4.00,20.20%,1,19.80,6928494805717,西安腾旺贸易有限公司,15.80
1131,乳制品类,15.00,23.44%,5,64.00,6928494805250,西安腾旺贸易有限公司,49.00
1132,乳制品类,9.60,24.24%,6,39.60,6971550820698,西安腾旺贸易有限公司,30.00
1133,乳制品类,22.00,22.45%,5,98.00,6971550821114,西安腾旺贸易有限公司,76.00
1134,乳制品类,11.20,24.24%,7,46.20,6971550821046,西安腾旺贸易有限公司,35.00
1135,乳制品类,22.00,22.45%,5,98.00,6971550821121,西安腾旺贸易有限公司,76.00
1136,乳制品类,6.60,22.30%,2,29.60,6928494806448,西安腾旺贸易有限公司,23.00
1137,乳制品类,6.00,23.44%,2,25.60,6928494805267,西安腾旺贸易有限公司,19.60
1138,乳制品类,7.60,24.05%,4,31.60,6941704425000,西安腾旺贸易有限公司,24.00
1139,乳制品类,25.80,22.87%,6,112.80,6941704425017,西安腾旺贸易有限公司,87.00
1140,乳制品类,9.90,22.30%,3,44.40,6971550820599,西安腾旺贸易有限公司,34.50
1141,乳制品类,24.00,15.38%,2,156.00,6907992514178,西安腾旺贸易有限公司,132.00
1150,乳制品类,36.00,18.18%,3,198.00,6907992518992,西安腾旺贸易有限公司,162.00
1151,乳制品类,36.00,17.65%,3,204.00,6907992514406,西安腾旺贸易有限公司,168.00
1152,乳制品类,44.00,16.18%,4,272.00,6907992513829,西安腾旺贸易有限公司,228.00
1153,乳制品类,10.00,15.38%,1,65.00,6907992512761,西安腾旺贸易有限公司,55.00
1154,乳制品类,72.00,18.46%,6,390.00,6907992513157,西安腾旺贸易有限公司,318.00
1156,食用油,40.00,16.81%,2,238.00,6941499119399,西安腾旺贸易有限公司,198.00
1159,杂品类（购物袋）,10.50,12.00%,175,87.50,3,新城区西华陶瓷厨具经营部,77.00
