,categoryName,grossProfit,grossProfitRate,saleAmount,saleTotal,serialNum,supplierName,totalCost
1,食用油类,528.00,4.03%,88.00,"13,112.00",6916168616554,山东鲁花集团,"12,584.00"
3,调料类,31.20,28.06%,8.00,111.20,6934230050129,山东鲁花集团,80.00
4,调料类,9.00,17.65%,6.00,51.00,6931299062605,山东鲁花集团,42.00
5,调料类,27.20,22.82%,8.00,119.20,6931299062681,山东鲁花集团,92.00
6,调料类,12.00,20.00%,4.00,60.00,6958104100321,山东鲁花集团,48.00
7,调料类,2.00,29.41%,1.00,6.80,6958104101007,山东鲁花集团,4.80
8,调料类,8.70,19.46%,3.00,44.70,6958104101021,山东鲁花集团,36.00
9,调料类,4.60,20.35%,2.00,22.60,6973141130179,山东鲁花集团,18.00
10,调料类,5.40,20.45%,3.00,26.40,6934126261844,山东鲁花集团,21.00
11,调料类,18.00,20.00%,12.00,90.00,6934126261899,山东鲁花集团,72.00
12,调料类,5.60,28.57%,2.00,19.60,6934126262933,山东鲁花集团,14.00
13,调料类,94.80,24.01%,12.00,394.80,6971114920178,山东鲁花集团,300.00
15,食用橄榄油,43.60,10.91%,4.00,399.60,6916168620773,山东鲁花集团,356.00
16,食用橄榄油,10.00,13.33%,1.00,75.00,6971114920017,山东鲁花集团,65.00
18,副食类,228.00,19.39%,24.00,"1,176.00",6973141120088,山东鲁花集团,948.00
20,食用油菜籽,309.60,12.91%,24.00,"2,397.60",6938749816122,山东鲁花集团,"2,088.00"
22,饮料,14.00,28.00%,1.00,50.00,4897031350015,菲达食品公司,36.00
132,鸡蛋,71.40,15.56%,17.00,459.00,6933276212058,傲涵贸易有限公司,387.60
133,鸡蛋,188.00,16.00%,47.00,"1,175.00",6933276212119,傲涵贸易有限公司,987.00
135,鸡蛋,266.00,17.95%,76.00,"1,482.00",6954113701504,秦南农副产品贸易公司,"1,216.00"
137,零食类,7.00,20.90%,1.00,33.50,6905014000081,丰泰永泽商贸有限公司,26.50
138,零食类,6.00,10.71%,2.00,56.00,6905014000890,丰泰永泽商贸有限公司,50.00
139,零食类,33.00,18.33%,6.00,180.00,6974856040081,丰泰永泽商贸有限公司,147.00
140,零食类,11.00,18.33%,2.00,60.00,6974856040098,丰泰永泽商贸有限公司,49.00
141,零食类,11.70,21.79%,3.00,53.70,6970631040109,丰泰永泽商贸有限公司,42.00
142,零食类,7.80,21.79%,2.00,35.80,6970631040123,丰泰永泽商贸有限公司,28.00
143,零食类,11.70,21.79%,3.00,53.70,6970631040130,丰泰永泽商贸有限公司,42.00
144,零食类,1.70,22.67%,1.00,7.50,4897082059974,丰泰永泽商贸有限公司,5.80
145,零食类,3.40,22.67%,2.00,15.00,4897082059998,丰泰永泽商贸有限公司,11.60
146,零食类,15.50,22.30%,5.00,69.50,4897076061181,丰泰永泽商贸有限公司,54.00
147,零食类,2.80,20.29%,1.00,13.80,4897076062379,丰泰永泽商贸有限公司,11.00
148,零食类,5.60,20.29%,2.00,27.60,4897076062393,丰泰永泽商贸有限公司,22.00
149,零食类,6.30,22.66%,1.00,27.80,6973768111179,丰泰永泽商贸有限公司,21.50
150,零食类,4.80,16.11%,1.00,29.80,4979365122718,丰泰永泽商贸有限公司,25.00
151,零食类,4.80,16.11%,1.00,29.80,4979365122725,丰泰永泽商贸有限公司,25.00
152,零食类,3.00,6.12%,1.00,49.00,6971062128855,丰泰永泽商贸有限公司,46.00
153,零食类,11.60,14.95%,2.00,77.60,6971062129289,丰泰永泽商贸有限公司,66.00
154,零食类,3.60,18.46%,3.00,19.50,6922621132783,丰泰永泽商贸有限公司,15.90
155,零食类,30.40,22.62%,8.00,134.40,6975287200020,丰泰永泽商贸有限公司,104.00
156,零食类,50.00,21.37%,4.00,234.00,8809022200885,丰泰永泽商贸有限公司,184.00
157,零食类,4.93,20.98%,1.00,23.50,6926507201143,丰泰永泽商贸有限公司,18.57
158,零食类,10.50,21.88%,1.00,48.00,6926507201594,丰泰永泽商贸有限公司,37.50
159,零食类,48.00,20.51%,3.00,234.00,6926507201884,丰泰永泽商贸有限公司,186.00
160,零食类,28.00,20.00%,4.00,140.00,6926507202300,丰泰永泽商贸有限公司,112.00
161,零食类,5.50,20.00%,1.00,27.50,6926507202379,丰泰永泽商贸有限公司,22.00
162,零食类,7.20,23.08%,2.00,31.20,6926507202430,丰泰永泽商贸有限公司,24.00
163,零食类,18.00,20.69%,3.00,87.00,6926507202591,丰泰永泽商贸有限公司,69.00
164,零食类,12.60,16.67%,14.00,75.60,6926507202836,丰泰永泽商贸有限公司,63.00
165,零食类,5.00,27.78%,2.00,18.00,6971791203571,丰泰永泽商贸有限公司,13.00
166,零食类,5.00,27.78%,2.00,18.00,6971791203588,丰泰永泽商贸有限公司,13.00
167,零食类,2.50,27.78%,1.00,9.00,6971791203595,丰泰永泽商贸有限公司,6.50
168,零食类,9.00,25.00%,3.00,36.00,6971791203618,丰泰永泽商贸有限公司,27.00
169,零食类,6.90,23.08%,1.00,29.90,6926507204182,丰泰永泽商贸有限公司,23.00
170,零食类,6.90,23.08%,1.00,29.90,6926507204342,丰泰永泽商贸有限公司,23.00
171,零食类,11.80,20.07%,1.00,58.80,6926507204991,丰泰永泽商贸有限公司,47.00
172,零食类,3.00,22.22%,1.00,13.50,6974176260176,丰泰永泽商贸有限公司,10.50
173,零食类,11.10,25.52%,3.00,43.50,6974176260183,丰泰永泽商贸有限公司,32.40
174,零食类,20.00,22.22%,5.00,90.00,6974176260367,丰泰永泽商贸有限公司,70.00
175,零食类,3.00,22.22%,1.00,13.50,6974176260541,丰泰永泽商贸有限公司,10.50
176,零食类,17.20,21.72%,4.00,79.20,6976488300267,丰泰永泽商贸有限公司,62.00
177,零食类,12.60,21.69%,7.00,58.10,6971426300477,丰泰永泽商贸有限公司,45.50
178,零食类,1.80,21.69%,1.00,8.30,6971426300491,丰泰永泽商贸有限公司,6.50
179,零食类,6.50,22.41%,1.00,29.00,9588552302854,丰泰永泽商贸有限公司,22.50
180,零食类,42.00,23.26%,7.00,180.60,9588552304506,丰泰永泽商贸有限公司,138.60
181,零食类,17.70,23.69%,3.00,74.70,9588552305312,丰泰永泽商贸有限公司,57.00
182,零食类,4.00,20.00%,1.00,20.00,9588552305725,丰泰永泽商贸有限公司,16.00
183,零食类,5.50,22.45%,1.00,24.50,9588552312259,丰泰永泽商贸有限公司,19.00
184,零食类,5.50,22.45%,1.00,24.50,9588552312266,丰泰永泽商贸有限公司,19.00
185,零食类,3.90,24.53%,1.00,15.90,9588552314123,丰泰永泽商贸有限公司,12.00
186,零食类,3.90,24.53%,1.00,15.90,9588552314338,丰泰永泽商贸有限公司,12.00
187,零食类,25.60,19.75%,8.00,129.60,6952675319915,丰泰永泽商贸有限公司,104.00
188,零食类,75.00,18.99%,5.00,395.00,6970480320292,丰泰永泽商贸有限公司,320.00
189,零食类,87.00,18.24%,15.00,477.00,6952675321123,丰泰永泽商贸有限公司,390.00
190,零食类,17.50,25.93%,5.00,67.50,9588552322692,丰泰永泽商贸有限公司,50.00
191,零食类,28.00,25.93%,8.00,108.00,9588552322708,丰泰永泽商贸有限公司,80.00
192,零食类,20.00,25.00%,5.00,80.00,9588552322821,丰泰永泽商贸有限公司,60.00
193,零食类,58.50,19.15%,13.00,305.50,6952675329921,丰泰永泽商贸有限公司,247.00
194,零食类,40.70,22.42%,11.00,181.50,6952675329938,丰泰永泽商贸有限公司,140.80
195,零食类,27.00,27.27%,6.00,99.00,9588552332912,丰泰永泽商贸有限公司,72.00
196,零食类,4.00,27.59%,1.00,14.50,9588552333902,丰泰永泽商贸有限公司,10.50
197,零食类,8.00,26.67%,2.00,30.00,9588552334244,丰泰永泽商贸有限公司,22.00
198,零食类,4.00,26.67%,1.00,15.00,9588552334251,丰泰永泽商贸有限公司,11.00
199,零食类,4.29,22.00%,1.00,19.50,9588552334954,丰泰永泽商贸有限公司,15.21
200,零食类,4.29,22.00%,1.00,19.50,9588552334978,丰泰永泽商贸有限公司,15.21
201,零食类,11.88,22.00%,3.00,54.00,9588552335128,丰泰永泽商贸有限公司,42.12
202,零食类,31.68,22.00%,8.00,144.00,9588552335135,丰泰永泽商贸有限公司,112.32
203,零食类,22.33,22.00%,7.00,101.50,9588552337450,丰泰永泽商贸有限公司,79.17
204,零食类,3.19,22.00%,1.00,14.50,9588552337474,丰泰永泽商贸有限公司,11.31
205,零食类,25.50,21.52%,3.00,118.50,9588552337498,丰泰永泽商贸有限公司,93.00
206,零食类,7.92,22.00%,2.00,36.00,9588552337528,丰泰永泽商贸有限公司,28.08
207,零食类,8.10,20.45%,3.00,39.60,6952675337735,丰泰永泽商贸有限公司,31.50
208,零食类,16.00,22.22%,4.00,72.00,6952675340735,丰泰永泽商贸有限公司,56.00
209,零食类,7.50,20.55%,1.00,36.50,4897031352422,丰泰永泽商贸有限公司,29.00
210,零食类,6.00,21.43%,1.00,28.00,4897031353597,丰泰永泽商贸有限公司,22.00
211,零食类,24.00,21.43%,4.00,112.00,4897031353603,丰泰永泽商贸有限公司,88.00
212,零食类,9.80,24.62%,2.00,39.80,8996001356500,丰泰永泽商贸有限公司,30.00
213,零食类,7.00,23.33%,2.00,30.00,6972508380417,丰泰永泽商贸有限公司,23.00
214,零食类,30.00,20.00%,10.00,150.00,6952675390211,丰泰永泽商贸有限公司,120.00
215,零食类,3.40,20.00%,1.00,17.00,4710484398970,丰泰永泽商贸有限公司,13.60
216,零食类,5.77,20.98%,1.00,27.50,4014400400007,丰泰永泽商贸有限公司,21.73
217,零食类,139.00,19.89%,10.00,699.00,6948042400027,丰泰永泽商贸有限公司,560.00
218,零食类,102.00,20.24%,6.00,504.00,6948042400034,丰泰永泽商贸有限公司,402.00
219,零食类,7.20,27.69%,2.00,26.00,6935036401306,丰泰永泽商贸有限公司,18.80
220,零食类,26.00,27.08%,4.00,96.00,6935036401580,丰泰永泽商贸有限公司,70.00
221,零食类,13.40,26.27%,2.00,51.00,6935036401597,丰泰永泽商贸有限公司,37.60
222,零食类,18.00,26.67%,3.00,67.50,6935036401603,丰泰永泽商贸有限公司,49.50
223,零食类,6.60,24.44%,2.00,27.00,6935036401849,丰泰永泽商贸有限公司,20.40
224,零食类,51.00,20.24%,3.00,252.00,6948042403929,丰泰永泽商贸有限公司,201.00
225,零食类,3.00,22.22%,1.00,13.50,6971827490623,丰泰永泽商贸有限公司,10.50
226,零食类,9.50,19.39%,1.00,49.00,6941174497026,丰泰永泽商贸有限公司,39.50
227,零食类,2.00,18.52%,1.00,10.80,6941174497149,丰泰永泽商贸有限公司,8.80
228,零食类,2.00,18.52%,1.00,10.80,6941174497156,丰泰永泽商贸有限公司,8.80
229,零食类,10.50,22.58%,3.00,46.50,6941174499631,丰泰永泽商贸有限公司,36.00
230,零食类,6.60,18.54%,2.00,35.60,653314503486,丰泰永泽商贸有限公司,29.00
231,零食类,16.50,18.54%,5.00,89.00,653314503493,丰泰永泽商贸有限公司,72.50
232,零食类,12.60,23.08%,7.00,54.60,6972535520886,丰泰永泽商贸有限公司,42.00
233,零食类,10.80,23.08%,6.00,46.80,6972535520893,丰泰永泽商贸有限公司,36.00
234,零食类,22.50,23.08%,5.00,97.50,6972933561467,丰泰永泽商贸有限公司,75.00
235,零食类,20.00,22.22%,10.00,90.00,6972933562051,丰泰永泽商贸有限公司,70.00
236,零食类,27.00,26.09%,9.00,103.50,6972933562761,丰泰永泽商贸有限公司,76.50
237,零食类,11.20,25.93%,4.00,43.20,6972933562884,丰泰永泽商贸有限公司,32.00
238,零食类,2.80,25.93%,1.00,10.80,6972933562891,丰泰永泽商贸有限公司,8.00
239,零食类,11.00,28.21%,2.00,39.00,6972933563706,丰泰永泽商贸有限公司,28.00
240,零食类,3.30,26.40%,1.00,12.50,6972933565540,丰泰永泽商贸有限公司,9.20
241,零食类,3.30,26.40%,1.00,12.50,6972933565557,丰泰永泽商贸有限公司,9.20
242,零食类,14.40,27.69%,4.00,52.00,6972933566035,丰泰永泽商贸有限公司,37.60
243,零食类,8.10,25.71%,3.00,31.50,6972933566080,丰泰永泽商贸有限公司,23.40
244,零食类,15.00,26.32%,3.00,57.00,6972933566226,丰泰永泽商贸有限公司,42.00
245,零食类,7.60,19.19%,4.00,39.60,6972698570216,丰泰永泽商贸有限公司,32.00
246,零食类,16.60,23.18%,2.00,71.60,6947705608107,丰泰永泽商贸有限公司,55.00
247,零食类,2.50,20.83%,1.00,12.00,9555118659530,丰泰永泽商贸有限公司,9.50
248,零食类,3.50,22.58%,1.00,15.50,6913405660530,丰泰永泽商贸有限公司,12.00
249,零食类,9.00,23.08%,2.00,39.00,6975048660810,丰泰永泽商贸有限公司,30.00
250,零食类,44.00,18.64%,8.00,236.00,6975048660834,丰泰永泽商贸有限公司,192.00
251,零食类,5.80,22.48%,1.00,25.80,6913405663517,丰泰永泽商贸有限公司,20.00
252,零食类,20.00,20.00%,4.00,100.00,6913405663524,丰泰永泽商贸有限公司,80.00
253,零食类,6.80,20.12%,1.00,33.80,6913405670317,丰泰永泽商贸有限公司,27.00
254,零食类,10.50,28.00%,3.00,37.50,6941025701968,丰泰永泽商贸有限公司,27.00
255,零食类,7.00,28.00%,2.00,25.00,6941025701975,丰泰永泽商贸有限公司,18.00
256,零食类,14.00,28.00%,4.00,50.00,6941025701999,丰泰永泽商贸有限公司,36.00
257,零食类,3.60,23.08%,1.00,15.60,6913405760681,丰泰永泽商贸有限公司,12.00
258,零食类,6.20,21.99%,1.00,28.20,6939730799967,丰泰永泽商贸有限公司,22.00
259,零食类,22.50,22.06%,3.00,102.00,6973968810063,丰泰永泽商贸有限公司,79.50
260,零食类,12.00,23.53%,3.00,51.00,6973968810094,丰泰永泽商贸有限公司,39.00
261,零食类,8.00,23.53%,2.00,34.00,6973968810988,丰泰永泽商贸有限公司,26.00
262,零食类,5.00,22.73%,1.00,22.00,6904432813037,丰泰永泽商贸有限公司,17.00
263,零食类,10.50,23.33%,3.00,45.00,4897119860825,丰泰永泽商贸有限公司,34.50
264,零食类,7.00,23.33%,2.00,30.00,4897119860832,丰泰永泽商贸有限公司,23.00
265,零食类,4.00,21.62%,1.00,18.50,6971657870343,丰泰永泽商贸有限公司,14.50
266,零食类,24.00,21.62%,6.00,111.00,6971657870503,丰泰永泽商贸有限公司,87.00
267,零食类,12.00,21.62%,3.00,55.50,6971657870893,丰泰永泽商贸有限公司,43.50
268,零食类,11.60,24.37%,2.00,47.60,4897038890965,丰泰永泽商贸有限公司,36.00
269,零食类,17.40,24.37%,3.00,71.40,4897038890972,丰泰永泽商贸有限公司,54.00
270,零食类,7.60,21.35%,2.00,35.60,4897038892327,丰泰永泽商贸有限公司,28.00
271,零食类,3.00,20.00%,1.00,15.00,4897038892372,丰泰永泽商贸有限公司,12.00
272,零食类,12.00,26.09%,4.00,46.00,4897038892754,丰泰永泽商贸有限公司,34.00
273,零食类,12.00,26.09%,4.00,46.00,4897038892761,丰泰永泽商贸有限公司,34.00
274,零食类,15.00,26.09%,5.00,57.50,4897038893362,丰泰永泽商贸有限公司,42.50
275,零食类,12.00,26.09%,4.00,46.00,4897038893379,丰泰永泽商贸有限公司,34.00
276,零食类,12.50,26.32%,5.00,47.50,4897038895809,丰泰永泽商贸有限公司,35.00
277,零食类,7.50,26.32%,3.00,28.50,4897038895816,丰泰永泽商贸有限公司,21.00
278,零食类,13.50,23.68%,3.00,57.00,4897038896264,丰泰永泽商贸有限公司,43.50
279,零食类,27.00,23.68%,6.00,114.00,4897038896271,丰泰永泽商贸有限公司,87.00
280,零食类,9.00,23.68%,2.00,38.00,4897038896288,丰泰永泽商贸有限公司,29.00
281,零食类,11.20,21.88%,4.00,51.20,6937439914988,丰泰永泽商贸有限公司,40.00
282,零食类,30.80,21.88%,11.00,140.80,6937439915251,丰泰永泽商贸有限公司,110.00
283,零食类,4.20,28.00%,1.00,15.00,6975840950034,丰泰永泽商贸有限公司,10.80
284,零食类,12.60,28.00%,3.00,45.00,6975840950041,丰泰永泽商贸有限公司,32.40
285,零食类,8.40,28.00%,2.00,30.00,6975840950058,丰泰永泽商贸有限公司,21.60
286,零食类,8.30,26.10%,1.00,31.80,6975840950065,丰泰永泽商贸有限公司,23.50
287,零食类,4.00,25.00%,1.00,16.00,6975840950089,丰泰永泽商贸有限公司,12.00
288,零食类,4.00,25.00%,1.00,16.00,6975840950096,丰泰永泽商贸有限公司,12.00
289,零食类,6.00,20.00%,1.00,30.00,6901333980196,丰泰永泽商贸有限公司,24.00
291,副食类,24.00,21.62%,6.00,111.00,6905014000876,丰泰永泽商贸有限公司,87.00
292,副食类,9.00,10.71%,3.00,84.00,6905014081288,丰泰永泽商贸有限公司,75.00
293,副食类,11.40,14.18%,3.00,80.40,6901333110524,丰泰永泽商贸有限公司,69.00
294,副食类,8.20,18.98%,1.00,43.20,6905014301263,丰泰永泽商贸有限公司,35.00
295,副食类,32.80,18.98%,4.00,172.80,6905014301270,丰泰永泽商贸有限公司,140.00
296,副食类,41.00,18.98%,5.00,216.00,6905014301287,丰泰永泽商贸有限公司,175.00
297,副食类,4.50,21.95%,1.00,20.50,6931500340706,丰泰永泽商贸有限公司,16.00
298,副食类,22.50,21.95%,5.00,102.50,6931500340904,丰泰永泽商贸有限公司,80.00
299,副食类,9.00,21.95%,2.00,41.00,6931500341000,丰泰永泽商贸有限公司,32.00
300,副食类,7.60,19.19%,2.00,39.60,6945309351917,丰泰永泽商贸有限公司,32.00
301,副食类,19.00,19.19%,5.00,99.00,6970228680121,丰泰永泽商贸有限公司,80.00
302,副食类,8.00,21.05%,2.00,38.00,6904555694292,丰泰永泽商贸有限公司,30.00
304,冻货类,14.00,20.00%,4.00,70.00,6973669041100,丰泰永泽商贸有限公司,56.00
305,冻货类,56.00,10.85%,2.00,516.00,6974622050009,丰泰永泽商贸有限公司,460.00
306,冻货类,48.00,12.12%,4.00,396.00,6974622051433,丰泰永泽商贸有限公司,348.00
307,冻货类,77.00,17.95%,11.00,429.00,6948431109968,丰泰永泽商贸有限公司,352.00
308,冻货类,7.60,20.21%,2.00,37.60,6949884200547,丰泰永泽商贸有限公司,30.00
309,冻货类,39.00,13.54%,6.00,288.00,0101020211012,丰泰永泽商贸有限公司,249.00
310,冻货类,49.00,17.95%,7.00,273.00,6972251252245,丰泰永泽商贸有限公司,224.00
311,冻货类,46.00,14.56%,2.00,316.00,6970525356309,丰泰永泽商贸有限公司,270.00
312,冻货类,39.20,14.04%,4.00,279.20,6970525358211,丰泰永泽商贸有限公司,240.00
313,冻货类,72.00,13.04%,4.00,552.00,6970525359362,丰泰永泽商贸有限公司,480.00
314,冻货类,34.00,13.65%,5.00,249.00,6970525359997,丰泰永泽商贸有限公司,215.00
315,冻货类,21.30,14.23%,3.00,149.70,6959540361321,丰泰永泽商贸有限公司,128.40
316,冻货类,42.00,17.95%,6.00,234.00,6940747410813,丰泰永泽商贸有限公司,192.00
317,冻货类,56.00,17.95%,8.00,312.00,6940747410912,丰泰永泽商贸有限公司,256.00
318,冻货类,13.50,20.00%,3.00,67.50,6940747414910,丰泰永泽商贸有限公司,54.00
319,冻货类,4.00,21.05%,1.00,19.00,6940747415115,丰泰永泽商贸有限公司,15.00
320,冻货类,330.00,23.26%,11.00,"1,419.00",6975471520019,丰泰永泽商贸有限公司,"1,089.00"
321,冻货类,28.80,22.54%,3.00,127.80,6954808610302,丰泰永泽商贸有限公司,99.00
322,冻货类,9.60,22.54%,1.00,42.60,6954808610319,丰泰永泽商贸有限公司,33.00
323,冻货类,9.60,22.54%,1.00,42.60,6954808612139,丰泰永泽商贸有限公司,33.00
324,冻货类,28.50,20.00%,3.00,142.50,6954808612351,丰泰永泽商贸有限公司,114.00
325,冻货类,10.00,20.00%,2.00,50.00,6971680630297,丰泰永泽商贸有限公司,40.00
326,冻货类,30.00,18.75%,1.00,160.00,6974739650178,丰泰永泽商贸有限公司,130.00
327,冻货类,18.00,16.98%,2.00,106.00,6975235721362,丰泰永泽商贸有限公司,88.00
328,冻货类,84.00,18.92%,12.00,444.00,6971893820010,丰泰永泽商贸有限公司,360.00
329,冻货类,15.50,22.30%,1.00,69.50,6943890900408,丰泰永泽商贸有限公司,54.00
330,冻货类,7.50,19.23%,1.00,39.00,6943890900477,丰泰永泽商贸有限公司,31.50
331,冻货类,35.00,23.73%,5.00,147.50,6970599913842,丰泰永泽商贸有限公司,112.50
332,冻货类,13.20,14.72%,3.00,89.70,6970010925010,丰泰永泽商贸有限公司,76.50
333,冻货类,42.50,19.54%,5.00,217.50,6975849950004,丰泰永泽商贸有限公司,175.00
335,大米,28.80,22.36%,1.00,128.80,6970866090580,腾旺贸易有限公司,100.00
336,大米,14.00,17.07%,1.00,82.00,6944910358360,腾旺贸易有限公司,68.00
337,大米,21.00,24.42%,1.00,86.00,6971947498264,腾旺贸易有限公司,65.00
338,大米,153.40,15.57%,13.00,985.40,6947475900913,腾旺贸易有限公司,832.00
339,大米,130.00,16.05%,10.00,810.00,6947475902405,腾旺贸易有限公司,680.00
340,大米,30.00,20.83%,1.00,144.00,6947475903242,腾旺贸易有限公司,114.00
342,乳制品类,80.00,20.41%,8.00,392.00,6970037310158,腾旺贸易有限公司,312.00
343,乳制品类,104.00,19.12%,8.00,544.00,6970037311148,腾旺贸易有限公司,440.00
344,乳制品类,15.00,19.23%,1.00,78.00,6970037311247,腾旺贸易有限公司,63.00
345,乳制品类,30.00,19.23%,2.00,156.00,6970037311421,腾旺贸易有限公司,126.00
346,乳制品类,115.00,17.04%,10.00,675.00,6970037314354,腾旺贸易有限公司,560.00
347,乳制品类,2.40,17.27%,1.00,13.90,6922477400227,腾旺贸易有限公司,11.50
348,乳制品类,3.30,20.89%,1.00,15.80,6922477400333,腾旺贸易有限公司,12.50
349,乳制品类,6.60,20.89%,2.00,31.60,6922477400524,腾旺贸易有限公司,25.00
350,乳制品类,29.40,20.50%,6.00,143.40,6922477400685,腾旺贸易有限公司,114.00
351,乳制品类,6.60,20.89%,2.00,31.60,6922477400777,腾旺贸易有限公司,25.00
352,乳制品类,7.20,22.22%,3.00,32.40,6922477410530,腾旺贸易有限公司,25.20
353,乳制品类,4.80,22.22%,2.00,21.60,6922477410547,腾旺贸易有限公司,16.80
354,乳制品类,43.00,21.72%,10.00,198.00,6922477411087,腾旺贸易有限公司,155.00
355,乳制品类,25.80,21.72%,6.00,118.80,6922477411407,腾旺贸易有限公司,93.00
356,乳制品类,24.50,20.00%,7.00,122.50,6922477411544,腾旺贸易有限公司,98.00
357,乳制品类,7.00,20.00%,2.00,35.00,6922477411551,腾旺贸易有限公司,28.00
358,乳制品类,10.50,20.00%,3.00,52.50,6922477411575,腾旺贸易有限公司,42.00
359,乳制品类,3.50,20.00%,1.00,17.50,6922477411599,腾旺贸易有限公司,14.00
360,乳制品类,7.60,24.05%,4.00,31.60,6941704425000,腾旺贸易有限公司,24.00
361,乳制品类,25.80,22.87%,6.00,112.80,6941704425017,腾旺贸易有限公司,87.00
362,乳制品类,10.00,15.38%,1.00,65.00,6907992512761,腾旺贸易有限公司,55.00
363,乳制品类,72.00,18.46%,6.00,390.00,6907992513157,腾旺贸易有限公司,318.00
364,乳制品类,44.00,16.18%,4.00,272.00,6907992513829,腾旺贸易有限公司,228.00
365,乳制品类,24.00,15.38%,2.00,156.00,6907992514178,腾旺贸易有限公司,132.00
366,乳制品类,36.00,17.65%,3.00,204.00,6907992514406,腾旺贸易有限公司,168.00
367,乳制品类,16.00,18.18%,1.00,88.00,6907992515533,腾旺贸易有限公司,72.00
368,乳制品类,32.00,18.18%,2.00,176.00,6907992518077,腾旺贸易有限公司,144.00
369,乳制品类,36.00,18.18%,3.00,198.00,6907992518992,腾旺贸易有限公司,162.00
370,乳制品类,18.00,18.75%,1.00,96.00,6907992519241,腾旺贸易有限公司,78.00
371,乳制品类,24.50,22.58%,7.00,108.50,6924810801807,腾旺贸易有限公司,84.00
372,乳制品类,10.50,22.58%,3.00,46.50,6924810801838,腾旺贸易有限公司,36.00
373,乳制品类,15.00,23.44%,5.00,64.00,6928494805250,腾旺贸易有限公司,49.00
374,乳制品类,6.00,23.44%,2.00,25.60,6928494805267,腾旺贸易有限公司,19.60
375,乳制品类,4.00,20.20%,1.00,19.80,6928494805717,腾旺贸易有限公司,15.80
376,乳制品类,6.60,22.30%,2.00,29.60,6928494806448,腾旺贸易有限公司,23.00
377,乳制品类,50.00,24.39%,5.00,205.00,6924810810014,腾旺贸易有限公司,155.00
378,乳制品类,5.00,20.83%,1.00,24.00,6924810812216,腾旺贸易有限公司,19.00
379,乳制品类,8.00,23.53%,4.00,34.00,6971550820001,腾旺贸易有限公司,26.00
380,乳制品类,9.90,22.30%,3.00,44.40,6971550820599,腾旺贸易有限公司,34.50
381,乳制品类,16.00,21.62%,5.00,74.00,6971550820643,腾旺贸易有限公司,58.00
382,乳制品类,12.80,21.62%,4.00,59.20,6971550820650,腾旺贸易有限公司,46.40
383,乳制品类,9.60,24.24%,6.00,39.60,6971550820698,腾旺贸易有限公司,30.00
384,乳制品类,11.20,24.24%,7.00,46.20,6971550821046,腾旺贸易有限公司,35.00
385,乳制品类,9.00,23.08%,3.00,39.00,6971550821107,腾旺贸易有限公司,30.00
386,乳制品类,22.00,22.45%,5.00,98.00,6971550821114,腾旺贸易有限公司,76.00
387,乳制品类,22.00,22.45%,5.00,98.00,6971550821121,腾旺贸易有限公司,76.00
388,乳制品类,48.60,22.01%,6.00,220.80,6924810822222,腾旺贸易有限公司,172.20
389,乳制品类,21.30,21.01%,3.00,101.40,6924810822376,腾旺贸易有限公司,80.10
390,乳制品类,35.20,24.58%,4.00,143.20,6924810822406,腾旺贸易有限公司,108.00
391,乳制品类,16.20,20.45%,9.00,79.20,6924810824608,腾旺贸易有限公司,63.00
392,乳制品类,288.00,20.45%,16.00,"1,408.00",6935739919337,腾旺贸易有限公司,"1,120.00"
394,副食类,15.00,15.15%,1.00,99.00,6944910337563,腾旺贸易有限公司,84.00
395,副食类,8.40,21.88%,3.00,38.40,6922507800621,腾旺贸易有限公司,30.00
396,副食类,8.40,21.88%,3.00,38.40,6922507800638,腾旺贸易有限公司,30.00
397,副食类,8.40,21.88%,3.00,38.40,6922507804087,腾旺贸易有限公司,30.00
398,副食类,1.40,20.29%,1.00,6.90,6922507804117,腾旺贸易有限公司,5.50
399,副食类,2.80,20.29%,1.00,13.80,6922507805022,腾旺贸易有限公司,11.00
400,副食类,11.00,22.22%,11.00,49.50,6922507809754,腾旺贸易有限公司,38.50
401,副食类,10.00,23.81%,4.00,42.00,6922507821688,腾旺贸易有限公司,32.00
402,副食类,2.50,23.81%,1.00,10.50,6922507821701,腾旺贸易有限公司,8.00
403,副食类,4.50,20.00%,3.00,22.50,6922507823903,腾旺贸易有限公司,18.00
404,副食类,1.50,20.00%,1.00,7.50,6922507823910,腾旺贸易有限公司,6.00
406,面粉,15.60,23.08%,4.00,67.60,6944910352412,腾旺贸易有限公司,52.00
407,面粉,104.00,17.78%,13.00,585.00,6944910355765,腾旺贸易有限公司,481.00
408,面粉,32.00,29.09%,2.00,110.00,6974919372371,腾旺贸易有限公司,78.00
410,食用油类,40.00,16.81%,2.00,238.00,6941499119399,腾旺贸易有限公司,198.00
412,乳制品酸奶类,33.60,15.56%,48.00,216.00,6970339116120,小大贸易有限公司,182.40
413,乳制品酸奶类,2.80,15.56%,4.00,18.00,6970339116137,小大贸易有限公司,15.20
414,乳制品酸奶类,54.40,37.78%,32.00,144.00,6970339116144,小大贸易有限公司,89.60
415,乳制品酸奶类,81.00,13.85%,9.00,585.00,6970339116151,小大贸易有限公司,504.00
416,乳制品酸奶类,44.00,25.00%,44.00,176.00,6970339116373,小大贸易有限公司,132.00
417,乳制品酸奶类,19.80,15.94%,18.00,124.20,6970339116588,小大贸易有限公司,104.40
418,乳制品酸奶类,4.00,19.05%,2.00,21.00,6970339116915,小大贸易有限公司,17.00
419,乳制品酸奶类,16.00,22.22%,16.00,72.00,6970339117097,小大贸易有限公司,56.00
420,乳制品酸奶类,30.00,25.00%,30.00,120.00,6970339117233,小大贸易有限公司,90.00
421,乳制品酸奶类,17.50,24.14%,5.00,72.50,6970339117523,小大贸易有限公司,55.00
422,乳制品酸奶类,14.00,24.14%,4.00,58.00,6970339117554,小大贸易有限公司,44.00
423,乳制品酸奶类,1.70,22.67%,1.00,7.50,6970339117646,小大贸易有限公司,5.80
424,乳制品酸奶类,48.00,23.08%,8.00,208.00,6970339117677,小大贸易有限公司,160.00
425,乳制品酸奶类,16.80,15.91%,24.00,105.60,6970339117844,小大贸易有限公司,88.80
426,乳制品酸奶类,4.80,18.60%,2.00,25.80,6970339117998,小大贸易有限公司,21.00
427,乳制品酸奶类,10.80,19.42%,4.00,55.60,6970339118186,小大贸易有限公司,44.80
428,乳制品酸奶类,7.50,20.00%,3.00,37.50,6970618570001,小大贸易有限公司,30.00
429,乳制品酸奶类,7.50,19.74%,1.00,38.00,6970618570056,小大贸易有限公司,30.50
430,乳制品酸奶类,40.00,21.05%,20.00,190.00,6970618570070,小大贸易有限公司,150.00
431,乳制品酸奶类,6.90,19.49%,3.00,35.40,6970618570209,小大贸易有限公司,28.50
432,乳制品酸奶类,7.50,13.89%,5.00,54.00,6970618570384,小大贸易有限公司,46.50
433,乳制品酸奶类,40.00,26.67%,5.00,150.00,6970618570414,小大贸易有限公司,110.00
434,乳制品酸奶类,40.00,21.05%,20.00,190.00,6970618570599,小大贸易有限公司,150.00
435,乳制品酸奶类,2.00,15.38%,2.00,13.00,6927797622304,小大贸易有限公司,11.00
436,乳制品酸奶类,36.00,27.27%,24.00,132.00,6927797622700,小大贸易有限公司,96.00
437,乳制品酸奶类,45.00,27.27%,30.00,165.00,6927797622724,小大贸易有限公司,120.00
438,乳制品酸奶类,63.00,27.27%,42.00,231.00,6927797623370,小大贸易有限公司,168.00
439,乳制品酸奶类,72.00,27.27%,48.00,264.00,6927797623530,小大贸易有限公司,192.00
441,乳制品纯奶类,18.00,15.38%,6.00,117.00,6970339116557,小大贸易有限公司,99.00
442,乳制品纯奶类,117.00,20.00%,9.00,585.00,6923644232658,小大贸易有限公司,468.00
443,乳制品纯奶类,162.00,15.25%,18.00,"1,062.00",6923644266318,小大贸易有限公司,900.00
444,乳制品纯奶类,31.00,20.39%,2.00,152.00,6923644295844,小大贸易有限公司,121.00
445,乳制品纯奶类,70.00,14.71%,7.00,476.00,6923644297251,小大贸易有限公司,406.00
446,乳制品纯奶类,26.00,19.12%,2.00,136.00,6923644299804,小大贸易有限公司,110.00
448,锁码产品,4.00,26.67%,1.00,15.00,9588552334268,锁码产品,11.00
450,杂品类（购物袋）,10.50,12.00%,175.00,87.50,3,西华厨具,77.00
452,饮料类,0.90,17.31%,1.00,5.20,6902538004045,海和景商贸有限公司,4.30
453,饮料类,0.90,17.31%,1.00,5.20,6902538004052,海和景商贸有限公司,4.30
454,饮料类,5.80,29.29%,2.00,19.80,8855044004628,海和景商贸有限公司,14.00
455,饮料类,1.80,17.31%,2.00,10.40,6902538005141,海和景商贸有限公司,8.60
456,饮料类,2.90,29.29%,1.00,9.90,8855044006684,海和景商贸有限公司,7.00
457,饮料类,3.00,23.08%,2.00,13.00,6917878030623,海和景商贸有限公司,10.00
458,饮料类,3.00,20.69%,1.00,14.50,6943851102674,海和景商贸有限公司,11.50
459,饮料类,6.00,20.69%,2.00,29.00,6943851102780,海和景商贸有限公司,23.00
460,饮料类,16.50,19.64%,5.00,84.00,6973497200045,海和景商贸有限公司,67.50
461,饮料类,23.10,19.64%,7.00,117.60,6973497200052,海和景商贸有限公司,94.50
462,饮料类,5.60,23.33%,4.00,24.00,6973497200205,海和景商贸有限公司,18.40
463,饮料类,30.00,23.08%,20.00,130.00,6973497200304,海和景商贸有限公司,100.00
464,饮料类,3.60,20.69%,3.00,17.40,6973497202346,海和景商贸有限公司,13.80
465,饮料类,24.00,20.69%,20.00,116.00,6973497202360,海和景商贸有限公司,92.00
466,饮料类,10.80,20.69%,9.00,52.20,6973497202940,海和景商贸有限公司,41.40
467,饮料类,6.30,14.09%,3.00,44.70,6923555210462,海和景商贸有限公司,38.40
468,饮料类,4.20,14.09%,2.00,29.80,6923555210479,海和景商贸有限公司,25.60
469,饮料类,6.30,14.09%,3.00,44.70,6923555212749,海和景商贸有限公司,38.40
470,饮料类,17.00,17.24%,17.00,98.60,6974878230101,海和景商贸有限公司,81.60
471,饮料类,23.10,18.64%,21.00,123.90,6972863230105,海和景商贸有限公司,100.80
472,饮料类,30.60,18.37%,34.00,166.60,6935498308793,海和景商贸有限公司,136.00
473,饮料类,25.20,17.72%,18.00,142.20,6971196385070,海和景商贸有限公司,117.00
474,饮料类,7.00,17.72%,5.00,39.50,6971196385162,海和景商贸有限公司,32.50
475,饮料类,7.00,17.72%,5.00,39.50,6971196385179,海和景商贸有限公司,32.50
476,饮料类,2.40,17.14%,2.00,14.00,6954767401836,海和景商贸有限公司,11.60
477,饮料类,12.00,16.67%,15.00,72.00,6954767422688,海和景商贸有限公司,60.00
478,饮料类,4.00,16.00%,10.00,25.00,6954767430386,海和景商贸有限公司,21.00
479,饮料类,1.00,16.67%,1.00,6.00,6973782440347,海和景商贸有限公司,5.00
480,饮料类,15.60,25.00%,26.00,62.40,6922255447833,海和景商贸有限公司,46.80
481,饮料类,7.50,20.00%,3.00,37.50,6901818460878,海和景商贸有限公司,30.00
482,饮料类,50.00,13.33%,50.00,375.00,6973852490005,海和景商贸有限公司,325.00
483,饮料类,5.60,16.33%,7.00,34.30,6921168500956,海和景商贸有限公司,28.70
484,饮料类,1.40,16.67%,2.00,8.40,6926892501033,海和景商贸有限公司,7.00
485,饮料类,19.20,23.53%,48.00,81.60,6921168509256,海和景商贸有限公司,62.40
486,饮料类,29.20,25.00%,73.00,116.80,6921168511280,海和景商贸有限公司,87.60
487,饮料类,138.60,25.93%,18.00,534.60,6975131550721,海和景商贸有限公司,396.00
488,饮料类,13.60,16.67%,17.00,81.60,6921168558018,海和景商贸有限公司,68.00
489,饮料类,24.00,16.67%,30.00,144.00,6921168558025,海和景商贸有限公司,120.00
490,饮料类,13.60,16.67%,17.00,81.60,6921168558032,海和景商贸有限公司,68.00
491,饮料类,27.20,16.67%,34.00,163.20,6921168558049,海和景商贸有限公司,136.00
492,饮料类,16.90,14.77%,13.00,114.40,6921168559176,海和景商贸有限公司,97.50
493,饮料类,0.70,16.67%,1.00,4.20,6926892568081,海和景商贸有限公司,3.50
494,饮料类,31.40,8.33%,157.00,376.80,6903004568511,海和景商贸有限公司,345.40
495,饮料类,6.60,8.33%,11.00,79.20,6921168593804,海和景商贸有限公司,72.60
496,饮料类,7.60,19.19%,4.00,39.60,6921168594726,海和景商贸有限公司,32.00
497,饮料类,3.80,19.19%,2.00,19.80,6921168594733,海和景商贸有限公司,16.00
498,饮料类,1.38,18.70%,2.00,7.38,6921168594993,海和景商贸有限公司,6.00
499,饮料类,1.38,18.70%,2.00,7.38,6921168595006,海和景商贸有限公司,6.00
500,饮料类,0.80,16.00%,1.00,5.00,6921168596348,海和景商贸有限公司,4.20
501,饮料类,27.00,20.00%,18.00,135.00,6972549660035,海和景商贸有限公司,108.00
502,饮料类,17.60,22.45%,16.00,78.40,6972549660097,海和景商贸有限公司,60.80
503,饮料类,20.90,22.45%,19.00,93.10,6972549660134,海和景商贸有限公司,72.20
504,饮料类,24.80,16.00%,31.00,155.00,6972549660677,海和景商贸有限公司,130.20
505,饮料类,14.40,16.00%,18.00,90.00,6972549660905,海和景商贸有限公司,75.60
506,饮料类,2.40,16.00%,3.00,15.00,6972549660929,海和景商贸有限公司,12.60
507,饮料类,2.80,14.58%,4.00,19.20,6972549661254,海和景商贸有限公司,16.40
508,饮料类,174.00,25.97%,87.00,669.90,8859015700168,海和景商贸有限公司,495.90
509,饮料类,4.20,23.33%,6.00,18.00,6938309700526,海和景商贸有限公司,13.80
510,饮料类,28.50,17.05%,19.00,167.20,6937003701327,海和景商贸有限公司,138.70
511,饮料类,7.50,15.79%,5.00,47.50,4891028707899,海和景商贸有限公司,40.00
512,饮料类,1.40,17.72%,1.00,7.90,6974348720002,海和景商贸有限公司,6.50
513,饮料类,5.60,17.72%,4.00,31.60,6974348720019,海和景商贸有限公司,26.00
514,饮料类,23.80,17.72%,17.00,134.30,6974348720392,海和景商贸有限公司,110.50
515,饮料类,18.70,19.30%,17.00,96.90,6975176782460,海和景商贸有限公司,78.20
516,饮料类,2.00,22.22%,2.00,9.00,6974800840286,海和景商贸有限公司,7.00
517,饮料类,1.00,22.22%,1.00,4.50,6974800840330,海和景商贸有限公司,3.50
518,饮料类,26.00,17.45%,10.00,149.00,6901347880390,海和景商贸有限公司,123.00
519,饮料类,12.00,16.00%,15.00,75.00,6970399920415,海和景商贸有限公司,63.00
520,饮料类,1.10,17.46%,1.00,6.30,6970399921092,海和景商贸有限公司,5.20
521,饮料类,49.50,23.08%,33.00,214.50,6970399922365,海和景商贸有限公司,165.00
522,饮料类,51.00,23.08%,34.00,221.00,6970399922518,海和景商贸有限公司,170.00
523,饮料类,1.30,20.63%,1.00,6.30,6970399927247,海和景商贸有限公司,5.00
524,饮料类,0.40,16.00%,1.00,2.50,6936571950052,海和景商贸有限公司,2.10
525,饮料类,3.80,19.19%,2.00,19.80,6971836970123,海和景商贸有限公司,16.00
526,饮料类,3.00,15.63%,2.00,19.20,6971836970444,海和景商贸有限公司,16.20
527,饮料类,3.00,18.52%,3.00,16.20,6974906990588,海和景商贸有限公司,13.20
528,饮料类,4.00,18.52%,4.00,21.60,6974906990595,海和景商贸有限公司,17.60
529,饮料类,0.80,17.02%,1.00,4.70,6944839992065,海和景商贸有限公司,3.90
531,副食类,29.20,32.02%,4.00,91.20,6920509001251,海和景商贸有限公司,62.00
532,副食类,93.60,32.05%,8.00,292.00,6920509001404,海和景商贸有限公司,198.40
533,副食类,1.40,23.73%,1.00,5.90,6941541002068,海和景商贸有限公司,4.50
534,副食类,1.40,23.73%,1.00,5.90,6941541002129,海和景商贸有限公司,4.50
535,副食类,1.80,24.00%,1.00,7.50,6941541005236,海和景商贸有限公司,5.70
536,副食类,1.80,24.00%,1.00,7.50,6941541006349,海和景商贸有限公司,5.70
537,副食类,32.40,21.26%,12.00,152.40,6971284201206,海和景商贸有限公司,120.00
538,副食类,9.50,21.35%,5.00,44.50,6971284201220,海和景商贸有限公司,35.00
539,副食类,18.90,21.26%,7.00,88.90,6971284201244,海和景商贸有限公司,70.00
540,副食类,19.20,23.08%,4.00,83.20,6971885311816,海和景商贸有限公司,64.00
541,副食类,9.60,23.08%,2.00,41.60,6971885311892,海和景商贸有限公司,32.00
542,副食类,4.20,23.33%,3.00,18.00,6926410320214,海和景商贸有限公司,13.80
543,副食类,11.20,23.33%,8.00,48.00,6926410321501,海和景商贸有限公司,36.80
544,副食类,5.60,23.33%,4.00,24.00,6926410330954,海和景商贸有限公司,18.40
545,副食类,20.00,20.51%,5.00,97.50,6971807592699,海和景商贸有限公司,77.50
546,副食类,32.00,20.51%,8.00,156.00,6971807593382,海和景商贸有限公司,124.00
547,副食类,16.00,20.51%,4.00,78.00,6971807593764,海和景商贸有限公司,62.00
548,副食类,40.00,32.00%,10.00,125.00,6972779770016,海和景商贸有限公司,85.00
549,副食类,8.00,32.00%,2.00,25.00,6972779770023,海和景商贸有限公司,17.00
551,调料类,30.00,21.74%,12.00,138.00,6922824000643,臻泽农业发展有限公司,108.00
552,调料类,5.00,21.74%,2.00,23.00,6922824001329,臻泽农业发展有限公司,18.00
553,调料类,0.60,21.43%,1.00,2.80,6907592001429,臻泽农业发展有限公司,2.20
554,调料类,6.00,23.53%,3.00,25.50,4893888001575,臻泽农业发展有限公司,19.50
555,调料类,11.00,33.33%,2.00,33.00,6906303002434,臻泽农业发展有限公司,22.00
556,调料类,2.00,23.53%,1.00,8.50,6906303002441,臻泽农业发展有限公司,6.50
557,调料类,8.00,28.57%,4.00,28.00,6901377002502,臻泽农业发展有限公司,20.00
558,调料类,4.80,26.67%,4.00,18.00,6906303004469,臻泽农业发展有限公司,13.20
559,调料类,18.70,30.91%,11.00,60.50,6906303004476,臻泽农业发展有限公司,41.80
560,调料类,3.40,30.91%,2.00,11.00,6906303004605,臻泽农业发展有限公司,7.60
561,调料类,30.00,23.08%,20.00,130.00,6906303004612,臻泽农业发展有限公司,100.00
562,调料类,1.00,25.00%,1.00,4.00,6906303004643,臻泽农业发展有限公司,3.00
563,调料类,14.00,22.22%,14.00,63.00,6901754040936,臻泽农业发展有限公司,49.00
564,调料类,5.00,25.00%,2.00,20.00,6922824055018,臻泽农业发展有限公司,15.00
565,调料类,17.60,21.05%,11.00,83.60,6922824055063,臻泽农业发展有限公司,66.00
566,调料类,5.00,20.00%,2.00,25.00,6922824075016,臻泽农业发展有限公司,20.00
567,调料类,2.30,26.14%,1.00,8.80,6936072100154,臻泽农业发展有限公司,6.50
568,调料类,2.00,21.05%,1.00,9.50,6936072100369,臻泽农业发展有限公司,7.50
569,调料类,3.60,17.14%,3.00,21.00,6936072100468,臻泽农业发展有限公司,17.40
570,调料类,10.90,31.23%,1.00,34.90,6936072100871,臻泽农业发展有限公司,24.00
571,调料类,35.70,16.19%,21.00,220.50,6922130101485,臻泽农业发展有限公司,184.80
572,调料类,21.00,21.21%,6.00,99.00,6922130118483,臻泽农业发展有限公司,78.00
573,调料类,8.00,22.73%,16.00,35.20,6901754150505,臻泽农业发展有限公司,27.20
574,调料类,2.40,20.34%,2.00,11.80,6924116170010,臻泽农业发展有限公司,9.40
575,调料类,2.40,20.34%,2.00,11.80,6924116188879,臻泽农业发展有限公司,9.40
576,调料类,4.10,31.54%,1.00,13.00,6902534238338,臻泽农业发展有限公司,8.90
577,调料类,0.40,20.00%,1.00,2.00,6942046300017,臻泽农业发展有限公司,1.60
578,调料类,3.60,20.00%,9.00,18.00,6942046300055,臻泽农业发展有限公司,14.40
579,调料类,3.00,22.22%,3.00,13.50,6915993301895,臻泽农业发展有限公司,10.50
580,调料类,3.30,20.00%,11.00,16.50,6915993302229,臻泽农业发展有限公司,13.20
581,调料类,5.70,20.00%,19.00,28.50,6915993303028,臻泽农业发展有限公司,22.80
582,调料类,7.20,20.00%,24.00,36.00,6915993303363,臻泽农业发展有限公司,28.80
583,调料类,10.80,24.66%,3.00,43.80,6915993304650,臻泽农业发展有限公司,33.00
584,调料类,4.00,19.05%,2.00,21.00,6918678310014,臻泽农业发展有限公司,17.00
585,调料类,8.10,18.62%,3.00,43.50,6935953399984,臻泽农业发展有限公司,35.40
586,调料类,12.00,16.11%,5.00,74.50,6935953399991,臻泽农业发展有限公司,62.50
587,调料类,10.00,30.77%,5.00,32.50,6955381400601,臻泽农业发展有限公司,22.50
588,调料类,12.00,30.77%,6.00,39.00,6955381400700,臻泽农业发展有限公司,27.00
589,调料类,7.00,24.14%,2.00,29.00,6918678423035,臻泽农业发展有限公司,22.00
590,调料类,4.80,21.05%,4.00,22.80,6935616500016,臻泽农业发展有限公司,18.00
591,调料类,11.40,17.43%,3.00,65.40,6930305500049,臻泽农业发展有限公司,54.00
592,调料类,2.40,21.43%,4.00,11.20,6944296500049,臻泽农业发展有限公司,8.80
593,调料类,13.20,25.53%,11.00,51.70,6920143500509,臻泽农业发展有限公司,38.50
594,调料类,29.70,27.97%,9.00,106.20,6936749501109,臻泽农业发展有限公司,76.50
595,调料类,9.90,27.97%,3.00,35.40,6936749501116,臻泽农业发展有限公司,25.50
596,调料类,1.00,15.87%,1.00,6.30,6922848608870,臻泽农业发展有限公司,5.30
597,调料类,2.00,16.00%,1.00,12.50,6939044610002,臻泽农业发展有限公司,10.50
598,调料类,38.40,20.13%,12.00,190.80,6942032700029,臻泽农业发展有限公司,152.40
599,调料类,12.00,11.54%,8.00,104.00,6942032700050,臻泽农业发展有限公司,92.00
600,调料类,10.50,11.54%,7.00,91.00,6942032700067,臻泽农业发展有限公司,80.50
601,调料类,16.00,20.13%,5.00,79.50,6942032700098,臻泽农业发展有限公司,63.50
602,调料类,7.50,22.73%,3.00,33.00,6921804700184,臻泽农业发展有限公司,25.50
603,调料类,7.50,21.74%,3.00,34.50,6921804700757,臻泽农业发展有限公司,27.00
604,调料类,8.40,21.88%,3.00,38.40,6972011732017,臻泽农业发展有限公司,30.00
605,调料类,52.50,31.82%,5.00,165.00,6922877745508,臻泽农业发展有限公司,112.50
606,调料类,13.30,32.20%,7.00,41.30,6970470758319,臻泽农业发展有限公司,28.00
607,调料类,24.00,23.53%,6.00,102.00,6933453800078,臻泽农业发展有限公司,78.00
608,调料类,3.20,27.12%,2.00,11.80,6925714800569,臻泽农业发展有限公司,8.60
609,调料类,0.60,13.33%,3.00,4.50,6920633801048,臻泽农业发展有限公司,3.90
610,调料类,3.90,19.12%,3.00,20.40,6972559820108,臻泽农业发展有限公司,16.50
611,调料类,2.80,20.29%,2.00,13.80,6920319827799,臻泽农业发展有限公司,11.00
612,调料类,1.40,21.88%,1.00,6.40,6911567886096,臻泽农业发展有限公司,5.00
613,调料类,30.80,24.44%,28.00,126.00,6906303888885,臻泽农业发展有限公司,95.20
614,调料类,3.30,24.44%,3.00,13.50,6906303888908,臻泽农业发展有限公司,10.20
615,调料类,14.00,23.53%,7.00,59.50,6928454900087,臻泽农业发展有限公司,45.50
616,调料类,18.20,22.41%,7.00,81.20,6947769900766,臻泽农业发展有限公司,63.00
617,调料类,2.90,26.61%,1.00,10.90,6922165900770,臻泽农业发展有限公司,8.00
618,调料类,10.00,18.52%,5.00,54.00,6947769901008,臻泽农业发展有限公司,44.00
619,调料类,20.70,17.04%,9.00,121.50,6909689901483,臻泽农业发展有限公司,100.80
620,调料类,18.40,21.05%,46.00,87.40,6917790975323,臻泽农业发展有限公司,69.00
622,鸡蛋,28.00,15.50%,7.00,180.60,6957335213015,超乐惠有限公司,152.60
623,鸡蛋,17.20,18.86%,2.00,91.20,6957335215026,超乐惠有限公司,74.00
624,鸡蛋,30.40,14.18%,8.00,214.40,6957335216023,超乐惠有限公司,184.00
625,鸡蛋,128.00,17.83%,20.00,718.00,6943036808032,超乐惠有限公司,590.00
626,鸡蛋,16.20,18.24%,6.00,88.80,6943036809015,超乐惠有限公司,72.60
627,鸡蛋,12.00,15.19%,1.00,79.00,6943036812046,超乐惠有限公司,67.00
629,零食类,1.90,19.19%,1.00,9.90,6974613130079,超乐惠有限公司,8.00
630,零食类,1.90,19.19%,1.00,9.90,6974613130086,超乐惠有限公司,8.00
631,零食类,18.00,16.36%,2.00,110.00,6974613130345,超乐惠有限公司,92.00
632,零食类,5.20,9.42%,4.00,55.20,6921774200639,超乐惠有限公司,50.00
633,零食类,0.80,9.09%,2.00,8.80,6921774214070,超乐惠有限公司,8.00
634,零食类,0.80,9.09%,2.00,8.80,6921774241540,超乐惠有限公司,8.00
635,零食类,1.60,9.09%,4.00,17.60,6921774242714,超乐惠有限公司,16.00
636,零食类,3.10,17.61%,1.00,17.60,6970870270152,超乐惠有限公司,14.50
637,零食类,1.90,19.19%,1.00,9.90,6970870270664,超乐惠有限公司,8.00
638,零食类,11.40,19.19%,6.00,59.40,6970870270671,超乐惠有限公司,48.00
639,零食类,7.80,9.42%,6.00,82.80,6921774271547,超乐惠有限公司,75.00
640,零食类,2.60,9.42%,2.00,27.60,6921774271561,超乐惠有限公司,25.00
641,零食类,5.20,9.42%,4.00,55.20,6921774271622,超乐惠有限公司,50.00
642,零食类,3.00,20.13%,1.00,14.90,6970870272231,超乐惠有限公司,11.90
643,零食类,2.60,9.42%,2.00,27.60,6921774286305,超乐惠有限公司,25.00
644,零食类,5.30,18.60%,1.00,28.50,3800014288381,超乐惠有限公司,23.20
645,零食类,6.40,8.60%,8.00,74.40,6901715291247,超乐惠有限公司,68.00
646,零食类,5.40,12.86%,3.00,42.00,6901715292527,超乐惠有限公司,36.60
647,零食类,57.00,17.59%,3.00,324.00,6954434300851,超乐惠有限公司,267.00
648,零食类,7.40,18.97%,2.00,39.00,6923250611267,超乐惠有限公司,31.60
649,零食类,3.70,18.97%,1.00,19.50,6923250611281,超乐惠有限公司,15.80
650,零食类,2.30,14.11%,1.00,16.30,6919892634108,超乐惠有限公司,14.00
651,零食类,4.60,14.11%,2.00,32.60,6919892634603,超乐惠有限公司,28.00
652,零食类,7.40,18.97%,2.00,39.00,6923250642193,超乐惠有限公司,31.60
653,零食类,7.50,15.63%,3.00,48.00,6920731700106,超乐惠有限公司,40.50
654,零食类,16.00,21.05%,2.00,76.00,6931051900893,超乐惠有限公司,60.00
656,干货类,10.80,47.37%,3.00,22.80,6974919370087,野森林现代农业公司,12.00
657,干货类,10.60,24.88%,2.00,42.60,6974919370254,野森林现代农业公司,32.00
658,干货类,9.80,23.73%,1.00,41.30,6974919370476,野森林现代农业公司,31.50
659,干货类,7.20,23.08%,4.00,31.20,6974919371367,野森林现代农业公司,24.00
660,干货类,2.10,27.63%,1.00,7.60,6974919371374,野森林现代农业公司,5.50
661,干货类,39.00,22.41%,6.00,174.00,6974919371923,野森林现代农业公司,135.00
662,干货类,4.00,23.53%,2.00,17.00,6974919372210,野森林现代农业公司,13.00
663,干货类,4.60,26.14%,1.00,17.60,6926213557985,野森林现代农业公司,13.00
664,干货类,42.00,23.08%,7.00,182.00,6928710600034,野森林现代农业公司,140.00
665,干货类,9.80,17.88%,1.00,54.80,6928710600058,野森林现代农业公司,45.00
666,干货类,24.00,19.35%,5.00,124.00,6928710600065,野森林现代农业公司,100.00
667,干货类,20.00,21.74%,4.00,92.00,6928710600072,野森林现代农业公司,72.00
668,干货类,40.60,24.37%,7.00,166.60,6928710600089,野森林现代农业公司,126.00
669,干货类,70.40,25.29%,8.00,278.40,6928710600096,野森林现代农业公司,208.00
670,干货类,9.80,15.73%,7.00,62.30,6928710600164,野森林现代农业公司,52.50
671,干货类,40.00,20.00%,8.00,200.00,6924773600257,野森林现代农业公司,160.00
672,干货类,75.00,25.25%,6.00,297.00,6928710600362,野森林现代农业公司,222.00
673,干货类,71.50,22.81%,11.00,313.50,6928710600485,野森林现代农业公司,242.00
674,干货类,3.50,18.92%,1.00,18.50,6928710600980,野森林现代农业公司,15.00
675,干货类,4.50,23.08%,1.00,19.50,6928710601178,野森林现代农业公司,15.00
676,干货类,7.50,20.00%,5.00,37.50,6928710601215,野森林现代农业公司,30.00
677,干货类,62.00,22.96%,4.00,270.00,6928710601512,野森林现代农业公司,208.00
678,干货类,12.00,26.67%,1.00,45.00,6928710601611,野森林现代农业公司,33.00
679,干货类,74.50,18.65%,5.00,399.50,6928710601765,野森林现代农业公司,325.00
680,干货类,14.90,18.65%,1.00,79.90,6928710601772,野森林现代农业公司,65.00
681,干货类,12.50,20.00%,1.00,62.50,6928710602212,野森林现代农业公司,50.00
682,干货类,38.70,22.28%,3.00,173.70,6928710602304,野森林现代农业公司,135.00
683,干货类,20.00,25.64%,2.00,78.00,6928710609075,野森林现代农业公司,58.00
684,干货类,11.80,29.65%,2.00,39.80,6928710609228,野森林现代农业公司,28.00
685,干货类,12.60,26.75%,3.00,47.10,6928710660052,野森林现代农业公司,34.50
686,干货类,16.90,26.04%,1.00,64.90,6928710660069,野森林现代农业公司,48.00
688,调料类,1.80,20.45%,1.00,8.80,6907592000026,野森林现代农业公司,7.00
689,调料类,3.30,15.71%,3.00,21.00,6907592001245,野森林现代农业公司,17.70
690,调料类,12.80,21.33%,8.00,60.00,6907592001948,野森林现代农业公司,47.20
691,调料类,30.40,29.69%,8.00,102.40,6907592002013,野森林现代农业公司,72.00
692,调料类,1.90,24.05%,1.00,7.90,6907592007025,野森林现代农业公司,6.00
693,调料类,22.50,27.78%,45.00,81.00,6926198012233,野森林现代农业公司,58.50
694,调料类,5.80,20.86%,2.00,27.80,6924115086107,野森林现代农业公司,22.00
695,调料类,5.00,23.81%,2.00,21.00,6902265107057,野森林现代农业公司,16.00
696,调料类,27.00,18.18%,9.00,148.50,6902131110020,野森林现代农业公司,121.50
697,调料类,5.40,24.55%,2.00,22.00,6902265114321,野森林现代农业公司,16.60
698,调料类,4.40,30.99%,1.00,14.20,6902265114369,野森林现代农业公司,9.80
699,调料类,7.60,19.19%,4.00,39.60,6902265114888,野森林现代农业公司,32.00
700,调料类,3.90,19.12%,3.00,20.40,6902265115496,野森林现代农业公司,16.50
701,调料类,20.00,33.33%,5.00,60.00,6902131130011,野森林现代农业公司,40.00
702,调料类,57.20,22.41%,11.00,255.20,6902131130882,野森林现代农业公司,198.00
703,调料类,9.60,13.91%,6.00,69.00,6902265150015,野森林现代农业公司,59.40
704,调料类,16.80,24.71%,8.00,68.00,6902265170501,野森林现代农业公司,51.20
705,调料类,4.50,17.65%,3.00,25.50,6925316299556,野森林现代农业公司,21.00
706,调料类,12.60,17.72%,9.00,71.10,6902265360018,野森林现代农业公司,58.50
707,调料类,140.40,31.95%,13.00,439.40,6974919370025,野森林现代农业公司,299.00
708,调料类,3.50,43.75%,1.00,8.00,6974919370124,野森林现代农业公司,4.50
709,调料类,9.00,37.50%,2.00,24.00,6902265440291,野森林现代农业公司,15.00
710,调料类,5.00,15.38%,5.00,32.50,6902265470236,野森林现代农业公司,27.50
711,调料类,1.80,20.45%,1.00,8.80,6926213558272,野森林现代农业公司,7.00
712,调料类,3.40,22.08%,2.00,15.40,6926213559019,野森林现代农业公司,12.00
713,调料类,20.70,36.51%,3.00,56.70,6971851560026,野森林现代农业公司,36.00
714,调料类,4.00,30.77%,1.00,13.00,6926213560831,野森林现代农业公司,9.00
715,调料类,4.60,28.75%,2.00,16.00,6928710605176,野森林现代农业公司,11.40
716,调料类,20.00,31.75%,1.00,63.00,6928710609532,野森林现代农业公司,43.00
717,调料类,12.00,31.58%,1.00,38.00,6928710609549,野森林现代农业公司,26.00
718,调料类,9.00,34.62%,2.00,26.00,6928710609556,野森林现代农业公司,17.00
719,调料类,12.00,30.77%,1.00,39.00,6928710609570,野森林现代农业公司,27.00
720,调料类,18.00,34.62%,4.00,52.00,6928710609587,野森林现代农业公司,34.00
721,调料类,70.00,31.25%,7.00,224.00,6928710609594,野森林现代农业公司,154.00
722,调料类,36.00,32.14%,4.00,112.00,6928710609600,野森林现代农业公司,76.00
723,调料类,7.50,29.41%,3.00,25.50,6928710609761,野森林现代农业公司,18.00
724,调料类,16.80,26.75%,4.00,62.80,6928710609778,野森林现代农业公司,46.00
725,调料类,14.40,28.13%,8.00,51.20,6902265610014,野森林现代农业公司,36.80
726,调料类,2.00,16.00%,1.00,12.50,6921956645586,野森林现代农业公司,10.50
727,调料类,10.00,21.74%,4.00,46.00,6972786771242,野森林现代农业公司,36.00
728,调料类,31.50,39.13%,7.00,80.50,6972786771389,野森林现代农业公司,49.00
729,调料类,6.50,26.00%,1.00,25.00,6972786771433,野森林现代农业公司,18.50
730,调料类,7.00,26.92%,1.00,26.00,6972786772775,野森林现代农业公司,19.00
731,调料类,18.00,28.13%,2.00,64.00,6972786773505,野森林现代农业公司,46.00
732,调料类,24.50,36.57%,5.00,67.00,6972786775387,野森林现代农业公司,42.50
733,调料类,27.50,31.43%,5.00,87.50,6928312900204,野森林现代农业公司,60.00
734,调料类,107.20,35.83%,8.00,299.20,6928312900525,野森林现代农业公司,192.00
735,调料类,30.80,40.10%,4.00,76.80,6928312900709,野森林现代农业公司,46.00
736,调料类,18.90,23.08%,7.00,81.90,6928312911668,野森林现代农业公司,63.00
737,调料类,1.70,16.67%,1.00,10.20,6928312918001,野森林现代农业公司,8.50
738,调料类,15.40,40.10%,2.00,38.40,6928312961090,野森林现代农业公司,23.00
739,调料类,3.00,22.22%,1.00,13.50,6942806981999,野森林现代农业公司,10.50
740,调料类,12.30,24.12%,3.00,51.00,6942806983429,野森林现代农业公司,38.70
741,调料类,3.10,20.67%,1.00,15.00,6942806983511,野森林现代农业公司,11.90
742,调料类,4.50,21.43%,1.00,21.00,6928312984228,野森林现代农业公司,16.50
744,杂粮类,20.00,18.52%,8.00,108.00,6928710600331,野森林现代农业公司,88.00
745,杂粮类,76.50,20.00%,17.00,382.50,6928710600553,野森林现代农业公司,306.00
746,杂粮类,35.40,22.78%,6.00,155.40,6928710600560,野森林现代农业公司,120.00
747,杂粮类,26.50,23.25%,5.00,114.00,6928710600577,野森林现代农业公司,87.50
748,杂粮类,7.60,23.31%,2.00,32.60,6928710600584,野森林现代农业公司,25.00
749,杂粮类,96.00,23.08%,16.00,416.00,6928710600614,野森林现代农业公司,320.00
750,杂粮类,22.00,23.40%,4.00,94.00,6928710600621,野森林现代农业公司,72.00
751,杂粮类,11.40,24.05%,3.00,47.40,6928710601147,野森林现代农业公司,36.00
752,杂粮类,1.30,17.33%,1.00,7.50,6928710601284,野森林现代农业公司,6.20
753,杂粮类,5.00,31.25%,2.00,16.00,6928710601406,野森林现代农业公司,11.00
754,杂粮类,3.50,28.00%,1.00,12.50,6928710660175,野森林现代农业公司,9.00
756,冻货类,62.40,20.63%,16.00,302.40,6950327000884,品优兴有限公司,240.00
757,冻货类,5.30,20.54%,1.00,25.80,6950327001041,品优兴有限公司,20.50
758,冻货类,22.00,18.41%,5.00,119.50,6950327001058,品优兴有限公司,97.50
759,冻货类,460.00,21.05%,23.00,"2,185.00",6971881050054,品优兴有限公司,"1,725.00"
760,冻货类,112.00,23.73%,4.00,472.00,6971881050238,品优兴有限公司,360.00
761,冻货类,35.00,21.74%,7.00,161.00,6947689112102,品优兴有限公司,126.00
762,冻货类,117.00,15.25%,13.00,767.00,6947689112454,品优兴有限公司,650.00
763,冻货类,7.90,20.84%,1.00,37.90,4891913367238,品优兴有限公司,30.00
764,冻货类,36.00,19.05%,9.00,189.00,6945482421773,品优兴有限公司,153.00
765,冻货类,8.00,19.05%,2.00,42.00,6976354450034,品优兴有限公司,34.00
766,冻货类,60.00,19.23%,4.00,312.00,6976354450058,品优兴有限公司,252.00
767,冻货类,26.00,26.53%,2.00,98.00,6947773601949,品优兴有限公司,72.00
768,冻货类,10.50,16.28%,3.00,64.50,6971738655333,品优兴有限公司,54.00
769,冻货类,8.40,17.72%,3.00,47.40,6971738655364,品优兴有限公司,39.00
770,冻货类,16.80,17.72%,6.00,94.80,6971738655371,品优兴有限公司,78.00
771,冻货类,11.20,17.72%,4.00,63.20,6971738655395,品优兴有限公司,52.00
772,冻货类,11.20,12.84%,4.00,87.20,6971738656095,品优兴有限公司,76.00
773,冻货类,5.60,23.73%,2.00,23.60,6921665714429,品优兴有限公司,18.00
774,冻货类,11.20,23.73%,4.00,47.20,6921665714436,品优兴有限公司,36.00
775,冻货类,5.60,21.88%,2.00,25.60,6921665732577,品优兴有限公司,20.00
776,冻货类,209.00,15.45%,22.00,"1,353.00",6958196800338,品优兴有限公司,"1,144.00"
777,冻货类,48.00,15.00%,8.00,320.00,6958196800499,品优兴有限公司,272.00
778,冻货类,23.00,23.47%,1.00,98.00,6957890900335,品优兴有限公司,75.00
779,冻货类,200.00,19.53%,8.00,"1,024.00",6957890900336,品优兴有限公司,824.00
780,冻货类,175.00,18.92%,5.00,925.00,6973820980132,品优兴有限公司,750.00
782,零食类,33.60,20.17%,7.00,166.60,6952480000800,和天熙商贸有限公司,133.00
783,零食类,5.00,22.73%,2.00,22.00,3185610001139,和天熙商贸有限公司,17.00
784,零食类,11.00,24.44%,1.00,45.00,8002650002177,和天熙商贸有限公司,34.00
785,零食类,21.70,18.67%,7.00,116.20,6925723002411,和天熙商贸有限公司,94.50
786,零食类,24.00,23.08%,2.00,104.00,9556854006008,和天熙商贸有限公司,80.00
787,零食类,3.00,23.08%,1.00,13.00,4713507008337,和天熙商贸有限公司,10.00
788,零食类,3.00,23.08%,1.00,13.00,4713507008344,和天熙商贸有限公司,10.00
789,零食类,15.00,21.43%,5.00,70.00,4894375010995,和天熙商贸有限公司,55.00
790,零食类,18.00,21.43%,6.00,84.00,4894375011008,和天熙商贸有限公司,66.00
791,零食类,5.70,18.63%,3.00,30.60,4713507011528,和天熙商贸有限公司,24.90
792,零食类,11.40,18.63%,6.00,61.20,4713507019135,和天熙商贸有限公司,49.80
793,零食类,8.60,24.16%,2.00,35.60,4894375022530,和天熙商贸有限公司,27.00
794,零食类,4.30,24.16%,1.00,17.80,4894375022547,和天熙商贸有限公司,13.50
795,零食类,2.20,20.00%,1.00,11.00,9556121024025,和天熙商贸有限公司,8.80
796,零食类,18.00,21.43%,2.00,84.00,9556121027149,和天熙商贸有限公司,66.00
797,零食类,11.00,22.00%,1.00,50.00,9556121027163,和天熙商贸有限公司,39.00
798,零食类,37.50,30.61%,5.00,122.50,6918598028105,和天熙商贸有限公司,85.00
799,零食类,1.50,18.99%,1.00,7.90,6901845040685,和天熙商贸有限公司,6.40
800,零食类,1.50,18.99%,1.00,7.90,6901845040692,和天熙商贸有限公司,6.40
801,零食类,3.00,18.99%,2.00,15.80,6901845040951,和天熙商贸有限公司,12.80
802,零食类,22.50,15.31%,15.00,147.00,80050278,和天熙商贸有限公司,124.50
803,零食类,2.50,20.83%,1.00,12.00,029173092964,和天熙商贸有限公司,9.50
804,零食类,2.50,20.83%,1.00,12.00,029173092971,和天熙商贸有限公司,9.50
805,零食类,4.00,15.69%,1.00,25.50,6909995101676,和天熙商贸有限公司,21.50
806,零食类,9.30,24.03%,3.00,38.70,6923976110136,和天熙商贸有限公司,29.40
807,零食类,4.00,15.69%,1.00,25.50,6909995110326,和天熙商贸有限公司,21.50
808,零食类,3.10,24.03%,1.00,12.90,6923976112161,和天熙商贸有限公司,9.80
809,零食类,27.00,23.08%,9.00,117.00,8935024140147,和天熙商贸有限公司,90.00
810,零食类,10.00,20.00%,1.00,50.00,8935024149669,和天熙商贸有限公司,40.00
811,零食类,1.50,22.39%,1.00,6.70,6901306180707,和天熙商贸有限公司,5.20
812,零食类,19.50,22.39%,13.00,87.10,6901306180714,和天熙商贸有限公司,67.60
813,零食类,1.50,22.39%,1.00,6.70,6901306180738,和天熙商贸有限公司,5.20
814,零食类,12.40,24.03%,4.00,51.60,6923976181266,和天熙商贸有限公司,39.20
815,零食类,28.50,23.81%,3.00,119.70,6971284200049,和天熙商贸有限公司,91.20
816,零食类,19.00,23.81%,2.00,79.80,6971284200063,和天熙商贸有限公司,60.80
817,零食类,15.60,23.08%,4.00,67.60,6914973200685,和天熙商贸有限公司,52.00
818,零食类,4.50,25.00%,3.00,18.00,6954003201299,和天熙商贸有限公司,13.50
819,零食类,9.00,25.71%,1.00,35.00,5410081201848,和天熙商贸有限公司,26.00
820,零食类,19.50,17.57%,3.00,111.00,6914973206106,和天熙商贸有限公司,91.50
821,零食类,20.00,25.00%,2.00,80.00,6959479300422,和天熙商贸有限公司,60.00
822,零食类,16.00,8.70%,4.00,184.00,6914973300828,和天熙商贸有限公司,168.00
823,零食类,10.00,21.74%,2.00,46.00,9588552322302,和天熙商贸有限公司,36.00
824,零食类,4.00,23.53%,1.00,17.00,8032755323761,和天熙商贸有限公司,13.00
825,零食类,7.00,20.59%,1.00,34.00,8809420330740,和天熙商贸有限公司,27.00
826,零食类,17.50,19.69%,7.00,88.90,6923668390075,和天熙商贸有限公司,71.40
827,零食类,15.00,19.69%,6.00,76.20,6923668390181,和天熙商贸有限公司,61.20
828,零食类,51.00,20.12%,15.00,253.50,6931802400047,和天熙商贸有限公司,202.50
829,零食类,20.40,20.12%,6.00,101.40,6931802400078,和天熙商贸有限公司,81.00
830,零食类,20.00,21.74%,4.00,92.00,6923228400404,和天熙商贸有限公司,72.00
831,零食类,15.00,23.08%,10.00,65.00,6922895401226,和天熙商贸有限公司,50.00
832,零食类,7.20,16.00%,6.00,45.00,6925843404249,和天熙商贸有限公司,37.80
833,零食类,6.00,22.22%,2.00,27.00,8003477500013,和天熙商贸有限公司,21.00
834,零食类,3.50,24.14%,1.00,14.50,8993175537391,和天熙商贸有限公司,11.00
835,零食类,2.70,25.71%,1.00,10.50,9556023564599,和天熙商贸有限公司,7.80
836,零食类,5.00,22.73%,2.00,22.00,4716076571462,和天熙商贸有限公司,17.00
837,零食类,2.50,22.73%,1.00,11.00,4716076571479,和天熙商贸有限公司,8.50
838,零食类,2.50,23.81%,1.00,10.50,4716076571691,和天熙商贸有限公司,8.00
839,零食类,5.00,23.81%,2.00,21.00,4716076571707,和天熙商贸有限公司,16.00
840,零食类,2.50,23.81%,1.00,10.50,4716076571714,和天熙商贸有限公司,8.00
841,零食类,2.50,23.81%,1.00,10.50,4716076571745,和天熙商贸有限公司,8.00
842,零食类,2.50,23.81%,1.00,10.50,4716076571769,和天熙商贸有限公司,8.00
843,零食类,20.00,26.32%,2.00,76.00,4712764583595,和天熙商贸有限公司,56.00
844,零食类,7.80,23.08%,2.00,33.80,6914973601567,和天熙商贸有限公司,26.00
845,零食类,6.80,20.12%,1.00,33.80,6925785601898,和天熙商贸有限公司,27.00
846,零食类,13.60,26.36%,4.00,51.60,6948939602381,和天熙商贸有限公司,38.00
847,零食类,10.20,26.36%,3.00,38.70,6948939602404,和天熙商贸有限公司,28.50
848,零食类,3.30,27.97%,1.00,11.80,6948939602572,和天熙商贸有限公司,8.50
849,零食类,13.80,20.35%,2.00,67.80,6925785603441,和天熙商贸有限公司,54.00
850,零食类,22.00,15.07%,4.00,146.00,6914973604223,和天熙商贸有限公司,124.00
851,零食类,11.00,15.07%,2.00,73.00,6914973604230,和天熙商贸有限公司,62.00
852,零食类,4.80,13.41%,1.00,35.80,6925785605797,和天熙商贸有限公司,31.00
853,零食类,23.80,18.06%,2.00,131.80,6925785605865,和天熙商贸有限公司,108.00
854,零食类,7.90,20.31%,1.00,38.90,6925785605902,和天熙商贸有限公司,31.00
855,零食类,3.50,20.00%,1.00,17.50,6920153606215,和天熙商贸有限公司,14.00
856,零食类,7.00,20.00%,2.00,35.00,6920153606222,和天熙商贸有限公司,28.00
857,零食类,6.20,24.03%,2.00,25.80,6948939608208,和天熙商贸有限公司,19.60
858,零食类,3.50,21.88%,1.00,16.00,4897044643081,和天熙商贸有限公司,12.50
859,零食类,3.60,24.00%,1.00,15.00,4897044644613,和天熙商贸有限公司,11.40
860,零食类,12.50,20.00%,5.00,62.50,6923450656150,和天熙商贸有限公司,50.00
861,零食类,20.00,20.00%,8.00,100.00,6923450656181,和天熙商贸有限公司,80.00
862,零食类,20.00,20.00%,8.00,100.00,6923450656860,和天熙商贸有限公司,80.00
863,零食类,5.00,20.00%,2.00,25.00,6923450657638,和天熙商贸有限公司,20.00
864,零食类,12.50,20.00%,5.00,62.50,6923450657935,和天熙商贸有限公司,50.00
865,零食类,19.80,22.22%,9.00,89.10,6923450662106,和天熙商贸有限公司,69.30
866,零食类,27.30,21.79%,7.00,125.30,6972636670213,和天熙商贸有限公司,98.00
867,零食类,27.30,21.79%,7.00,125.30,6972636670237,和天熙商贸有限公司,98.00
868,零食类,7.80,21.79%,2.00,35.80,6972636670244,和天熙商贸有限公司,28.00
869,零食类,68.00,17.53%,4.00,388.00,6974900680270,和天熙商贸有限公司,320.00
870,零食类,21.00,17.95%,3.00,117.00,6974900680560,和天熙商贸有限公司,96.00
871,零食类,16.00,18.18%,2.00,88.00,6974900680737,和天熙商贸有限公司,72.00
872,零食类,14.00,21.88%,5.00,64.00,6927682700018,和天熙商贸有限公司,50.00
873,零食类,9.00,24.32%,2.00,37.00,4715219771615,和天熙商贸有限公司,28.00
874,零食类,5.00,23.26%,1.00,21.50,6920907801347,和天熙商贸有限公司,16.50
875,零食类,5.00,20.83%,2.00,24.00,6940188801560,和天熙商贸有限公司,19.00
876,零食类,3.00,23.08%,1.00,13.00,6940188801591,和天熙商贸有限公司,10.00
877,零食类,3.00,23.08%,1.00,13.00,6940188801607,和天熙商贸有限公司,10.00
878,零食类,33.00,23.08%,11.00,143.00,6940188801638,和天熙商贸有限公司,110.00
879,零食类,15.00,23.81%,3.00,63.00,6959629805463,和天熙商贸有限公司,48.00
880,零食类,10.00,23.81%,2.00,42.00,6959629805470,和天熙商贸有限公司,32.00
881,零食类,10.00,23.81%,2.00,42.00,6959629805487,和天熙商贸有限公司,32.00
882,零食类,5.00,23.81%,1.00,21.00,6959629805531,和天熙商贸有限公司,16.00
883,零食类,5.00,23.81%,1.00,21.00,6959629805548,和天熙商贸有限公司,16.00
884,零食类,1.60,17.78%,2.00,9.00,6920907808179,和天熙商贸有限公司,7.40
885,零食类,1.60,17.78%,2.00,9.00,6920907808278,和天熙商贸有限公司,7.40
886,零食类,1.80,15.25%,2.00,11.80,6920907808575,和天熙商贸有限公司,10.00
887,零食类,1.80,15.25%,2.00,11.80,6920907808612,和天熙商贸有限公司,10.00
888,零食类,4.50,17.65%,3.00,25.50,6920907809862,和天熙商贸有限公司,21.00
889,零食类,9.00,17.65%,6.00,51.00,6920907809886,和天熙商贸有限公司,42.00
890,零食类,6.00,17.65%,4.00,34.00,6920907809909,和天熙商贸有限公司,28.00
891,零食类,32.00,21.05%,8.00,152.00,6934364814697,和天熙商贸有限公司,120.00
892,零食类,25.60,23.02%,8.00,111.20,6924187821644,和天熙商贸有限公司,85.60
893,零食类,9.40,29.56%,2.00,31.80,6924187821989,和天熙商贸有限公司,22.40
894,零食类,33.00,28.95%,6.00,114.00,6924187822337,和天熙商贸有限公司,81.00
895,零食类,7.50,23.81%,3.00,31.50,4712883834257,和天熙商贸有限公司,24.00
896,零食类,8.00,22.22%,2.00,36.00,4712883837876,和天熙商贸有限公司,28.00
897,零食类,8.00,22.22%,2.00,36.00,4712883837883,和天熙商贸有限公司,28.00
898,零食类,16.80,23.60%,8.00,71.20,6924187851160,和天熙商贸有限公司,54.40
899,零食类,23.00,25.84%,2.00,89.00,6924187858725,和天熙商贸有限公司,66.00
900,零食类,16.40,24.12%,4.00,68.00,6970209860221,和天熙商贸有限公司,51.60
901,零食类,16.40,24.12%,4.00,68.00,6970209860467,和天熙商贸有限公司,51.60
902,零食类,3.00,23.08%,1.00,13.00,6971529861257,和天熙商贸有限公司,10.00
903,零食类,8.00,22.22%,1.00,36.00,6924187875333,和天熙商贸有限公司,28.00
904,零食类,15.90,22.08%,3.00,72.00,9556023875985,和天熙商贸有限公司,56.10
905,零食类,21.80,25.41%,2.00,85.80,6924187876576,和天熙商贸有限公司,64.00
906,零食类,18.00,21.95%,2.00,82.00,4897025882539,和天熙商贸有限公司,64.00
907,零食类,3.50,23.33%,1.00,15.00,6937451883118,和天熙商贸有限公司,11.50
908,零食类,4.00,22.22%,1.00,18.00,6937451883231,和天熙商贸有限公司,14.00
909,零食类,6.00,20.69%,1.00,29.00,6924187889309,和天熙商贸有限公司,23.00
910,零食类,6.00,20.69%,1.00,29.00,6924187889316,和天熙商贸有限公司,23.00
911,零食类,9.00,25.00%,2.00,36.00,4897025889453,和天熙商贸有限公司,27.00
912,零食类,22.50,25.00%,5.00,90.00,4897025889460,和天熙商贸有限公司,67.50
913,零食类,23.00,24.21%,1.00,95.00,6924187892637,和天熙商贸有限公司,72.00
914,零食类,40.00,21.74%,16.00,184.00,6920609900362,和天熙商贸有限公司,144.00
915,零食类,50.00,37.04%,5.00,135.00,4000417932006,和天熙商贸有限公司,85.00
916,零食类,20.00,37.04%,2.00,54.00,4000417933003,和天熙商贸有限公司,34.00
917,零食类,17.20,31.16%,4.00,55.20,6920130971879,和天熙商贸有限公司,38.00
918,零食类,8.60,31.16%,2.00,27.60,6920130971886,和天熙商贸有限公司,19.00
919,零食类,5.30,22.08%,1.00,24.00,9556023986476,和天熙商贸有限公司,18.70
920,零食类,2.50,18.52%,1.00,13.50,6926972995202,和天熙商贸有限公司,11.00
921,零食类,5.00,18.52%,2.00,27.00,6926972995219,和天熙商贸有限公司,22.00
922,零食类,2.50,18.52%,1.00,13.50,6926972995226,和天熙商贸有限公司,11.00
924,副食类,85.00,23.26%,17.00,365.50,6911569009943,和天熙商贸有限公司,280.50
925,副食类,10.00,18.94%,4.00,52.80,6911569014145,和天熙商贸有限公司,42.80
926,副食类,47.40,29.37%,6.00,161.40,6911569113497,和天熙商贸有限公司,114.00
927,副食类,148.50,34.26%,15.00,433.50,6911569114456,和天熙商贸有限公司,285.00
928,副食类,19.60,28.99%,4.00,67.60,6911569126398,和天熙商贸有限公司,48.00
929,副食类,4.90,28.99%,1.00,16.90,6911569126411,和天熙商贸有限公司,12.00
930,副食类,9.00,22.22%,3.00,40.50,6911569132313,和天熙商贸有限公司,31.50
931,副食类,9.60,24.24%,4.00,39.60,6911569140158,和天熙商贸有限公司,30.00
932,副食类,40.50,20.00%,9.00,202.50,6911569145061,和天熙商贸有限公司,162.00
933,副食类,12.00,23.08%,2.00,52.00,6911569200289,和天熙商贸有限公司,40.00
934,副食类,14.40,24.00%,12.00,60.00,6924640202225,和天熙商贸有限公司,45.60
935,副食类,10.00,23.26%,2.00,43.00,6911569506848,和天熙商贸有限公司,33.00
937,乳制品类,6.00,20.00%,2.00,30.00,4100290007072,和天熙商贸有限公司,24.00
938,乳制品类,3.00,20.00%,1.00,15.00,4100290007089,和天熙商贸有限公司,12.00
939,乳制品类,8.40,19.35%,7.00,43.40,5711953044366,和天熙商贸有限公司,35.00
940,乳制品类,13.20,19.35%,11.00,68.20,5711953044380,和天熙商贸有限公司,55.00
941,乳制品类,52.00,25.00%,2.00,208.00,6955801118659,和天熙商贸有限公司,156.00
942,乳制品类,48.00,20.00%,16.00,240.00,4260290260010,和天熙商贸有限公司,192.00
943,乳制品类,6.00,20.00%,2.00,30.00,4260290260027,和天熙商贸有限公司,24.00
944,乳制品类,11.00,18.64%,1.00,59.00,4260290263042,和天熙商贸有限公司,48.00
945,乳制品类,32.50,19.23%,13.00,169.00,9300639500041,和天熙商贸有限公司,136.50
946,乳制品类,4.00,10.00%,1.00,40.00,6904007602578,和天熙商贸有限公司,36.00
947,乳制品类,4.00,10.00%,1.00,40.00,6904007605920,和天熙商贸有限公司,36.00
948,乳制品类,46.90,14.99%,7.00,312.90,6904007606606,和天熙商贸有限公司,266.00
949,乳制品类,3.00,16.67%,1.00,18.00,6904007607856,和天熙商贸有限公司,15.00
950,乳制品类,20.00,20.00%,8.00,100.00,6904007607917,和天熙商贸有限公司,80.00
951,乳制品类,8.20,20.40%,2.00,40.20,6904007608211,和天熙商贸有限公司,32.00
952,乳制品类,1.40,17.72%,1.00,7.90,6904007608563,和天熙商贸有限公司,6.50
953,乳制品类,7.00,17.72%,5.00,39.50,6904007608570,和天熙商贸有限公司,32.50
954,乳制品类,3.70,19.58%,1.00,18.90,6904007610542,和天熙商贸有限公司,15.20
956,饮料类,48.00,23.53%,24.00,204.00,3179730010560,和天熙商贸有限公司,156.00
957,饮料类,48.00,23.53%,24.00,204.00,3179730010591,和天熙商贸有限公司,156.00
958,饮料类,5.60,21.21%,4.00,26.40,3068320055008,和天熙商贸有限公司,20.80
959,饮料类,33.60,17.78%,42.00,189.00,6901808188881,和天熙商贸有限公司,155.40
960,饮料类,14.00,17.95%,1.00,78.00,4891599331288,和天熙商贸有限公司,64.00
961,饮料类,12.80,20.00%,16.00,64.00,6956367338680,和天熙商贸有限公司,51.20
962,饮料类,9.60,20.00%,16.00,48.00,6970783730019,和天熙商贸有限公司,38.40
963,饮料类,0.60,20.00%,1.00,3.00,6970783730132,和天熙商贸有限公司,2.40
964,饮料类,0.80,18.60%,1.00,4.30,6925303730574,和天熙商贸有限公司,3.50
966,零食类,10.40,19.40%,8.00,53.60,6956405212927,其林贸易有限公司,43.20
967,零食类,1.50,21.74%,1.00,6.90,6956405213610,其林贸易有限公司,5.40
968,零食类,10.40,19.40%,8.00,53.60,6956405213627,其林贸易有限公司,43.20
969,零食类,1.30,19.40%,1.00,6.70,6956405213962,其林贸易有限公司,5.40
970,零食类,2.50,19.69%,1.00,12.70,6941297400217,其林贸易有限公司,10.20
971,零食类,8.40,14.97%,3.00,56.10,6975624411010,其林贸易有限公司,47.70
972,零食类,41.00,21.28%,41.00,192.70,6947798800112,其林贸易有限公司,151.70
973,零食类,38.40,23.19%,24.00,165.60,6974197980008,其林贸易有限公司,127.20
989,乳制品类,13.20,19.76%,4.00,66.80,6975915740010,西安草滩金牛餐饮公司,53.60
990,乳制品类,15.60,19.60%,2.00,79.60,6975915740027,西安草滩金牛餐饮公司,64.00
991,乳制品类,10.00,20.00%,5.00,50.00,6975915740034,西安草滩金牛餐饮公司,40.00
992,乳制品类,22.00,20.00%,11.00,110.00,6975915740041,西安草滩金牛餐饮公司,88.00
993,乳制品类,12.00,20.00%,6.00,60.00,6975915740058,西安草滩金牛餐饮公司,48.00
994,乳制品类,16.50,20.00%,33.00,82.50,6975915740065,西安草滩金牛餐饮公司,66.00
996,食用油类,270.00,20.55%,6.00,"1,314.00",8412253001437,西安阜隆商贸公司,"1,044.00"
997,食用油类,14.00,14.29%,1.00,98.00,6909931264151,西安阜隆商贸公司,84.00
998,食用油类,16.00,18.60%,1.00,86.00,6926650313151,西安阜隆商贸公司,70.00
999,食用油类,14.00,17.95%,1.00,78.00,6926650331483,西安阜隆商贸公司,64.00
1001,面粉,54.00,16.22%,9.00,333.00,6921555521236,西安阜隆商贸公司,279.00
1003,食用油类,23.60,19.73%,4.00,119.60,6972808381992,禾采商贸有限公司,96.00
1004,食用油类,63.00,17.65%,3.00,357.00,6972808388922,禾采商贸有限公司,294.00
1006,面粉,8.30,18.24%,1.00,45.50,6972808381145,禾采商贸有限公司,37.20
1008,零食类,52.50,18.26%,5.00,287.50,6939656100090,禾采商贸有限公司,235.00
1009,零食类,21.00,18.26%,2.00,115.00,6939656100663,禾采商贸有限公司,94.00
1010,零食类,23.80,17.79%,2.00,133.80,6972808380421,禾采商贸有限公司,110.00
1011,零食类,6.00,23.53%,1.00,25.50,6972808382180,禾采商贸有限公司,19.50
1012,零食类,5.00,18.52%,1.00,27.00,6972808382388,禾采商贸有限公司,22.00
1013,零食类,5.30,21.63%,1.00,24.50,6973044387731,禾采商贸有限公司,19.20
