,importPrice,refundAmount,refundPrice,saleAmount,salePrice,serialNum
4,22.80,0,0.00,137.00,3699.00,6933276212058
5,21.00,0,0.00,44.00,1100.00,6933276212119
6,7.70,0,0.00,1.00,9.90,6923450662106
7,55.00,0,0.00,30.00,2040.00,6970037311148
8,13.50,0,0.00,4.00,75.20,4894375022547
9,10.00,0,0.00,7.00,94.50,4713507008337
10,13.50,0,0.00,2.00,37.60,4894375022530
11,10.00,0,0.00,5.00,67.50,4713507008344
12,9.50,0,0.00,1.00,13.00,029173092964
13,9.50,0,0.00,1.00,13.00,029173094241
14,9.50,0,0.00,1.00,13.00,029173092957
15,8.00,0,0.00,1.00,11.50,029173093343
16,8.00,0,0.00,1.00,11.50,029173093329
17,8.00,0,0.00,1.00,11.50,029173093336
18,9.50,0,0.00,2.00,26.00,029173093145
19,40.00,0,0.00,1.00,51.00,8935024149669
20,10.00,0,0.00,19.00,266.00,8935024140147
21,10.00,0,0.00,1.00,14.00,8935024141854
22,10.00,0,0.00,2.00,28.00,8935024141342
23,10.00,0,0.00,3.00,42.00,8935024141847
24,13.00,0,0.00,3.00,50.70,6914973601567
25,39.00,0,0.00,2.00,104.00,8807920893475
26,39.00,0,0.00,1.00,51.00,8809420330696
27,27.00,0,0.00,1.00,35.00,8809420330740
28,10.92,0,0.00,1.00,14.90,8809420330641
29,10.92,0,0.00,6.00,89.40,8804007413540
30,44.00,0,0.00,1.00,55.00,6913405662855
31,44.00,0,0.00,1.00,55.00,6913405662831
32,12.00,0,0.00,2.00,31.00,6913405660530
33,12.00,0,0.00,3.00,46.80,6913405760681
42,18.00,0,0.00,3.00,68.40,6913405662817
43,20.00,0,0.00,1.00,25.00,6913405663524
44,20.00,0,0.00,3.00,77.40,6913405663517
45,19.00,0,0.00,1.00,24.50,6913405663500
46,3.70,0,0.00,3.00,13.50,6906791583613
47,3.70,0,0.00,5.00,22.50,6906791584191
48,17.00,0,0.00,4.00,92.00,4600648566720
49,4.60,0,0.00,3.00,18.00,6926410337250
50,4.60,0,0.00,11.00,66.00,6926410337090
51,4.60,0,0.00,2.00,12.00,6926410320214
52,4.60,0,0.00,11.00,66.00,6926410321501
53,4.60,0,0.00,6.00,36.00,6926410330954
54,6.00,0,0.00,3.00,23.10,6926213559019
55,15.00,0,0.00,5.00,99.50,8996001356326
56,13.00,0,0.00,10.00,160.00,9415262003972
57,13.00,0,0.00,2.00,31.60,6971738655388
58,18.00,0,0.00,2.00,43.00,6971738655333
59,13.00,0,0.00,6.00,94.80,6971738655395
60,13.00,0,0.00,1.00,15.80,6971738655371
61,13.00,0,0.00,1.00,15.80,6971738655326
62,19.00,0,0.00,3.00,65.40,6971738656095
63,72.00,0,0.00,1.00,88.00,6907992515533
64,15.84,0,0.00,5.00,90.00,6371251261
65,1.50,0,0.00,20.00,38.00,6917790975323
66,20.00,0,0.00,3.00,75.00,6901668937032
67,95.00,0,0.00,1.00,126.00,9315090201758
68,20.00,0,0.00,4.00,108.00,9315090201062
69,95.00,0,0.00,4.00,504.00,9315090210507
70,12.30,0,0.00,2.00,31.20,8854761800339
71,13.80,0,0.00,1.00,19.50,8854761000111
80,13.80,0,0.00,1.00,19.50,8854761010110
81,13.80,0,0.00,5.00,97.50,8854761330119
82,13.80,0,0.00,3.00,58.50,8854761150113
83,13.80,0,0.00,1.00,19.50,8854761070114
84,12.50,0,0.00,14.00,208.60,1008861919350452
85,30.00,0,0.00,3.00,111.00,6971893820010
86,8.00,0,0.00,12.00,116.40,6974197980084
87,8.50,0,0.00,6.00,70.80,6948939602572
88,9.50,0,0.00,1.00,12.90,6948939602381
89,9.80,0,0.00,1.00,12.90,6948939608208
90,6.40,0,0.00,2.00,15.80,6901845041248
91,6.40,0,0.00,8.00,63.20,6901845040968
92,6.40,0,0.00,9.00,71.10,6901845040692
93,6.40,0,0.00,9.00,71.10,6901845040685
94,6.40,0,0.00,2.00,15.80,6901845040951
95,6.40,0,0.00,3.00,23.70,6901845041712
96,10.50,0,0.00,2.00,27.40,8006222600037
97,10.50,0,0.00,1.00,14.50,4718287594247
98,10.50,0,0.00,4.00,58.00,4718287594308
99,10.50,0,0.00,4.00,58.00,4718287594209
100,12.00,0,0.00,2.00,33.00,4718287594568
101,10.50,0,0.00,5.00,72.50,4718287594520
102,14.00,0,0.00,5.00,87.50,6922477411575
103,14.00,0,0.00,4.00,70.00,6922477411568
104,14.00,0,0.00,1.00,17.50,6922477411599
105,14.00,0,0.00,6.00,105.00,6922477411544
106,12.50,0,0.00,1.00,15.80,6922477400333
107,12.50,0,0.00,1.00,15.80,6922477400524
108,12.50,0,0.00,1.00,15.80,6922477400777
109,16.50,0,0.00,2.00,43.60,6922477411063
118,8.40,0,0.00,4.00,43.20,6922477410547
119,8.40,0,0.00,2.00,21.60,6922477410530
120,8.40,0,0.00,3.00,32.40,6922477410523
121,11.50,0,0.00,9.00,125.10,6922477400227
122,19.00,0,0.00,1.00,23.90,6922477400685
123,10.20,0,0.00,15.00,190.50,6923668390181
124,10.20,0,0.00,7.00,88.90,6923668390075
125,8.50,0,0.00,11.00,129.80,6936749501109
126,22.00,0,0.00,1.00,28.20,6939730799882
127,22.00,0,0.00,2.00,56.40,6939730799967
128,22.00,0,0.00,3.00,84.60,6939730775640
129,15.50,0,0.00,12.00,237.60,6972500148121
130,2.10,0,0.00,182.00,455.00,6936571950052
131,0.00,-2,-138.00,2.00,138.00,6942632000741
132,70.00,0,0.00,7.00,630.00,6943890900333
133,4.50,0,0.00,3.00,17.10,6935616500016
134,22.00,0,0.00,1.00,27.90,4897038895465
135,8.00,0,0.00,4.00,39.60,4897038895731
136,26.00,0,0.00,1.00,32.80,4897038895908
137,19.50,0,0.00,1.00,24.50,4897038895762
138,34.32,0,0.00,12.00,468.00,6371251271
139,3.30,0,0.00,78.00,327.60,6903004568658
140,2.20,0,0.00,284.00,681.60,6903004568511
141,17.00,0,0.00,5.00,122.50,6918598028105
142,10.00,0,0.00,3.00,41.40,6937451831256
143,7.80,0,0.00,8.00,76.00,6973230890342
144,13.90,0,0.00,3.00,50.40,1008861919353248
145,28.00,0,0.00,5.00,179.00,6943890900620
146,54.00,0,0.00,2.00,133.00,6943890900613
147,3.80,0,0.00,1.00,4.60,6921168593576
156,15.00,0,0.00,9.00,160.20,1008861919350322
157,6.00,0,0.00,4.00,31.20,6922665300797
158,8.00,0,0.00,5.00,52.50,6922507821695
159,8.00,0,0.00,3.00,31.50,6922507821688
160,8.00,0,0.00,4.00,42.00,6922507821701
161,11.00,0,0.00,3.00,41.40,6922507805022
162,6.00,0,0.00,4.00,30.00,6922507823903
163,10.00,0,0.00,5.00,64.00,6922507804087
164,10.00,0,0.00,8.00,102.40,6922507800638
165,10.00,0,0.00,11.00,137.50,6972698570100
166,8.00,0,0.00,6.00,59.40,6972698570216
167,1.00,0,0.00,28.00,33.60,6915993302229
168,10.56,0,0.00,11.00,132.00,6371251274
169,62.00,0,0.00,3.00,234.00,6942022012149
170,65.00,0,0.00,4.00,312.00,6923644284947
171,7.00,0,0.00,1.00,9.00,6937439914575
172,9.86,0,0.00,4.00,51.20,6937439916555
173,10.00,0,0.00,3.00,38.40,6937439915084
174,10.00,0,0.00,6.00,76.80,6937439915121
175,10.00,0,0.00,1.00,12.80,6937439915145
176,7.00,0,0.00,4.00,36.00,6937439913981
177,9.86,0,0.00,4.00,51.20,6937439914476
178,10.00,0,0.00,6.00,76.80,6937439914988
179,13.00,0,0.00,4.00,67.60,6914973200685
180,6.50,0,0.00,26.00,221.00,6971550820001
181,25.00,0,0.00,4.00,131.20,6971550820094
182,25.00,0,0.00,8.00,262.40,6971550820087
183,7.50,0,0.00,4.00,39.60,6971550820810
184,9.00,0,0.00,4.00,47.20,6971550820155
185,11.60,0,0.00,11.00,162.80,6971550820643
194,11.60,0,0.00,10.00,148.00,6971550820650
195,8.00,0,0.00,8.00,86.40,6971550820148
196,23.68,0,0.00,3.00,96.00,6970373120695
197,13.32,0,0.00,2.00,36.00,6970373125041
198,17.68,0,0.00,1.00,26.00,6970373127564
199,3.50,0,0.00,54.00,243.00,6974800840286
200,3.50,0,0.00,120.00,540.00,6974800840330
201,14.00,0,0.00,3.00,55.50,6973669043081
202,14.00,0,0.00,2.00,35.00,6973669041100
203,14.00,0,0.00,3.00,52.50,6924750000995
204,12.14,0,0.00,2.00,27.60,6371251248
205,11.26,0,0.00,9.00,115.20,6371251242
206,28.16,0,0.00,7.00,224.00,6371251252
207,21.12,0,0.00,5.00,120.00,6371251245
208,16.00,0,0.00,6.00,124.80,6971885311816
209,16.00,0,0.00,4.00,83.20,6971885311830
210,16.00,0,0.00,7.00,145.60,6971885311892
211,30.50,0,0.00,2.00,74.00,6914973206106
212,31.00,0,0.00,1.00,36.50,6914973604278
213,31.00,0,0.00,6.00,219.00,6914973604230
214,42.00,0,0.00,1.00,46.00,6914973300828
215,13.50,0,0.00,2.00,33.80,6931802400078
216,18.50,0,0.00,15.00,418.50,6931802400085
217,13.50,0,0.00,8.00,135.20,6931802400047
218,12.00,0,0.00,1.00,15.60,4260290260010
219,48.00,0,0.00,5.00,300.00,4260290260041
220,55.00,0,0.00,2.00,142.00,4260290262274
221,48.00,0,0.00,2.00,120.00,4260290263042
222,55.00,0,0.00,1.00,69.00,4260290264636
223,56.50,0,0.00,2.00,158.00,4260290265206
232,65.00,0,0.00,3.00,258.00,9300639602967
233,65.00,0,0.00,6.00,516.00,9300639999005
234,10.38,0,0.00,12.00,141.60,6948942512691
235,46.00,0,0.00,1.00,55.00,6974613130345
236,28.16,0,0.00,11.00,352.00,6371251272
237,5.00,0,0.00,120.00,780.00,6970399922365
238,5.00,0,0.00,81.00,526.50,6970399922518
239,5.00,0,0.00,1.00,6.50,6970399922341
240,4.00,0,0.00,14.00,67.20,6921168558025
241,4.00,0,0.00,147.00,705.60,6921168558018
242,4.00,0,0.00,277.00,1329.60,6921168558049
243,4.20,0,0.00,106.00,530.00,6921168596348
244,4.00,0,0.00,73.00,350.40,6921168558032
245,33.00,0,0.00,1.00,45.00,8809069306489
246,11.40,0,0.00,6.00,96.00,4897044644392
247,11.40,0,0.00,1.00,16.00,4897044644613
248,14.00,0,0.00,6.00,117.00,4897044644293
249,14.00,0,0.00,3.00,58.50,4897044644705
250,6.50,0,0.00,4.00,35.20,3179730010591
251,6.50,0,0.00,4.00,35.20,3179730010560
252,6.50,0,0.00,1.00,8.50,6947929617176
253,6.50,0,0.00,1.00,8.50,6947929617183
254,10.00,0,0.00,14.00,168.00,1008861919350469
255,8.00,0,0.00,10.00,116.00,6954003201312
256,12.50,0,0.00,5.00,86.00,6954003201107
257,6.00,0,0.00,7.00,54.60,6954003200612
258,4.50,0,0.00,3.00,19.50,6954003201299
259,4.50,0,0.00,8.00,52.00,6954003201305
260,11.00,0,0.00,2.00,35.60,9556023220976
261,11.00,0,0.00,6.00,106.80,9556023220952
270,11.00,0,0.00,12.00,213.60,9556023220945
271,11.00,0,0.00,1.00,17.80,9556023220938
272,11.00,0,0.00,9.00,160.20,9556023220969
273,11.00,0,0.00,1.00,17.80,9556023220921
274,8.30,0,0.00,108.00,1058.40,80050278
275,105.00,0,0.00,1.00,139.00,8000500180723
276,11.00,0,0.00,3.00,49.50,5290074002221
277,11.00,0,0.00,2.00,33.00,5290074002245
278,11.00,0,0.00,1.00,16.50,5290074002450
279,12.00,0,0.00,3.00,42.00,6920267909844
280,13.50,0,0.00,1.00,16.00,6920267904146
281,23.00,0,0.00,3.00,87.00,6926507202591
282,7.50,0,0.00,1.00,9.90,6926507201327
283,23.00,0,0.00,2.00,59.80,6926507204182
284,33.00,0,0.00,1.00,42.00,6926507203116
285,4.50,0,0.00,5.00,27.00,6926507202836
286,22.00,0,0.00,1.00,27.50,6926507202379
287,47.00,0,0.00,2.00,116.00,6926507202423
288,47.00,0,0.00,1.00,58.80,6926507204991
289,17.50,0,0.00,5.00,110.00,6926507299881
290,28.00,0,0.00,3.00,105.00,6926507202300
291,18.72,0,0.00,2.00,50.00,9556023552138
292,99.00,0,0.00,2.00,238.00,6941499122627
293,37.00,0,0.00,27.00,1215.00,6944910355765
294,99.00,0,0.00,13.00,1547.00,6941499119399
295,10.70,0,0.00,8.00,108.80,4100290007089
296,5.00,0,0.00,6.00,41.40,5711953044380
297,5.00,0,0.00,18.00,124.20,5711953044366
298,12.00,0,0.00,16.00,249.60,4100290007096
299,9.00,0,0.00,8.00,104.00,6902534238499
308,8.90,0,0.00,4.00,52.00,6902534238338
309,22.00,0,0.00,2.00,64.00,4897025880696
310,4.80,0,0.00,10.00,58.00,6974878230101
311,13.00,0,0.00,7.00,122.50,8410376052893
312,12.00,0,0.00,6.00,96.00,8410376039375
313,4.50,0,0.00,6.00,35.40,6920319827799
314,18.00,0,0.00,2.00,43.60,6930305500049
315,16.00,0,0.00,9.00,178.20,6970228680121
316,15.00,0,0.00,9.00,216.00,8850161230264
317,8.30,0,0.00,2.00,21.00,4713507019135
318,8.30,0,0.00,6.00,63.00,4713507011535
319,8.30,0,0.00,6.00,63.00,4713507019128
320,8.30,0,0.00,8.00,84.00,4713507011528
321,4.60,0,0.00,1.00,6.00,6973497200199
322,4.60,0,0.00,5.00,30.00,6973497200212
323,13.50,0,0.00,9.00,151.20,6973497200045
324,13.50,0,0.00,2.00,33.60,6973497200052
325,5.00,0,0.00,10.00,65.00,6973497200311
326,5.00,0,0.00,10.00,65.00,6973497200328
327,5.00,0,0.00,6.00,39.00,6973497200298
328,30.40,0,0.00,6.00,239.40,6971284200063
329,11.50,0,0.00,5.00,65.00,6942032700050
330,30.40,0,0.00,4.00,159.60,6971284200049
331,4.50,0,0.00,27.00,175.50,6955381400700
332,4.50,0,0.00,12.00,78.00,6955381400601
333,30.40,0,0.00,4.00,159.60,6971284200001
334,12.70,0,0.00,5.00,79.50,6942032700098
335,12.70,0,0.00,2.00,31.80,6942032700029
336,11.50,0,0.00,13.00,169.00,6942032700067
337,27.50,0,0.00,2.00,69.80,6971284200087
346,5.70,0,0.00,6.00,45.00,6941541006349
347,4.50,0,0.00,1.00,5.90,6941541002068
348,4.50,0,0.00,1.00,5.90,6941541002099
349,5.70,0,0.00,12.00,90.00,6941541005236
350,4.50,0,0.00,2.00,11.80,6941541002129
351,4.50,0,0.00,1.00,5.90,6941541005175
352,5.70,0,0.00,1.00,7.50,6941541002655
353,8.40,0,0.00,1.00,10.90,6902265210504
354,4.50,0,0.00,10.00,59.00,6902265540250
355,7.50,0,0.00,1.00,12.00,6902265440291
356,8.00,0,0.00,1.00,10.50,6902265107057
357,5.50,0,0.00,5.00,32.50,6902265470236
358,12.00,0,0.00,6.00,93.00,6902265590712
359,6.40,0,0.00,3.00,25.50,6902265240501
360,6.50,0,0.00,7.00,55.30,6902265360018
361,9.80,0,0.00,1.00,14.20,6902265114369
362,8.30,0,0.00,2.00,22.00,6902265114321
363,8.00,0,0.00,6.00,59.40,6902265114888
364,8.50,0,0.00,5.00,55.00,6902265114345
365,9.90,0,0.00,7.00,80.50,6902265150015
366,6.40,0,0.00,9.00,76.50,6902265170501
367,5.50,0,0.00,8.00,54.40,6902265115496
368,8.50,0,0.00,1.00,10.50,6902265111719
369,15.00,0,0.00,2.00,36.00,6920732113196
370,15.00,0,0.00,2.00,36.00,6920732115237
371,15.00,0,0.00,4.00,72.00,6920732113165
372,15.00,0,0.00,7.00,126.00,6920732115244
373,23.50,0,0.00,5.00,145.00,6920732131244
374,14.50,0,0.00,4.00,72.00,6920732113103
375,1.30,0,0.00,44.00,79.20,6926198012233
384,50.00,0,0.00,1.00,61.00,6971194100019
385,9.80,0,0.00,2.00,23.80,6954665300330
386,7.20,0,0.00,1.00,8.80,6971501250505
387,7.20,0,0.00,1.00,8.80,6971501250048
388,50.00,0,0.00,14.00,826.00,6947689112454
389,18.00,0,0.00,5.00,115.00,6947689112102
390,63.00,0,0.00,5.00,390.00,6970567819022
391,3.70,0,0.00,18.00,81.00,6920907808278
392,3.70,0,0.00,10.00,45.00,6920907808179
393,5.50,0,0.00,32.00,220.80,6920907816075
394,4.00,0,0.00,39.00,206.70,6920907816044
395,7.00,0,0.00,4.00,34.00,6920907809909
396,7.00,-1,-8.50,10.00,85.00,6920907809886
397,7.00,0,0.00,7.00,59.50,6920907809862
398,16.50,0,0.00,2.00,43.00,6920907801347
399,3.50,0,0.00,26.00,122.20,6920143500509
400,8.50,0,0.00,9.00,106.20,6936749501116
401,9.00,0,0.00,7.00,81.20,6947769900766
402,8.80,0,0.00,6.00,64.80,6947769901008
403,75.00,0,0.00,5.00,490.00,6957890900335
404,20.50,0,0.00,11.00,286.00,1008861919351329
405,28.00,0,0.00,2.00,71.60,2010314031598
406,15.00,0,0.00,2.00,35.60,1008861919350384
407,10.50,0,0.00,2.00,25.00,6921956645586
408,10.50,0,0.00,5.00,62.50,6921956645593
409,47.00,0,0.00,1.00,58.80,6954808607234
410,68.00,0,0.00,5.00,425.00,6920771613787
411,10.30,0,0.00,2.00,26.00,6920771617785
412,5.80,0,0.00,4.00,34.00,6902007115180
413,10.80,0,0.00,6.00,84.00,6933453800078
422,230.00,0,0.00,4.00,1032.00,6974622050009
423,12.50,0,0.00,4.00,66.00,6957666000667
424,12.50,0,0.00,2.00,33.00,6957666000681
425,10.50,0,0.00,1.00,14.50,6936001302925
426,9.00,0,0.00,2.00,24.00,4897045427802
427,9.00,0,0.00,2.00,24.00,4897045427772
428,12.50,0,0.00,18.00,302.40,1008862021070018
429,47.00,0,0.00,8.00,456.00,6916323200628
430,22.00,0,0.00,2.00,56.00,4897031353603
431,28.00,0,0.00,8.00,292.00,4897031352385
432,36.00,0,0.00,1.00,50.00,4897031350015
433,22.00,0,0.00,4.00,112.00,4897031353597
434,29.00,0,0.00,6.00,219.00,4897031352422
435,22.00,0,0.00,4.00,112.00,4897031353610
436,29.00,0,0.00,5.00,182.50,4897031352477
437,15.00,0,0.00,3.00,53.40,1008861919350261
438,8.50,0,0.00,16.00,148.80,6901715291247
439,12.20,0,0.00,9.00,126.00,6901715292527
440,3.70,0,0.00,2.00,8.60,6901715292541
441,11.00,0,0.00,22.00,319.00,6970339117554
442,3.00,0,0.00,88.00,352.00,6970339116373
443,56.00,0,0.00,15.00,975.00,6970339116151
444,5.80,0,0.00,11.00,82.50,6970339117646
445,3.50,0,0.00,140.00,630.00,6970339117097
446,5.80,0,0.00,9.00,67.50,6970339117653
447,3.70,0,0.00,112.00,492.80,6970339117844
448,3.80,0,0.00,116.00,522.00,6970339116137
449,2.80,0,0.00,172.00,774.00,6970339116144
450,3.80,0,0.00,176.00,792.00,6970339116120
451,42.00,0,0.00,3.00,165.00,6970339117486
460,5.80,0,0.00,6.00,45.00,6970339117639
461,3.00,0,0.00,138.00,552.00,6970339117233
462,16.50,0,0.00,6.00,117.00,6970339116557
463,5.00,0,0.00,6.00,36.00,6973782440347
464,5.00,0,0.00,9.00,54.00,6973782440101
465,5.00,0,0.00,5.00,30.00,6973782440125
466,10.50,0,0.00,4.00,51.20,8996001303740
467,32.00,0,0.00,6.00,234.00,6972251252245
468,30.00,0,0.00,1.00,36.90,6972251252733
469,5.60,0,0.00,1.00,6.90,6972537684784
470,5.60,0,0.00,10.00,69.00,6972537681233
471,6.30,0,0.00,32.00,240.00,6925843404249
472,16.00,0,0.00,6.00,119.40,6975035340053
473,12.80,0,0.00,2.00,29.80,6923555210455
474,12.80,0,0.00,3.00,44.70,6923555210462
475,12.80,0,0.00,3.00,44.70,6923555210479
476,12.80,0,0.00,2.00,29.80,6923555212749
477,26.52,0,0.00,1.00,32.80,4002652000717
478,4.00,0,0.00,3.00,17.70,6970470758319
479,5.30,0,0.00,13.00,81.90,6922848608894
480,49.00,0,0.00,1.00,61.00,6916323180104
481,53.50,0,0.00,2.00,128.00,6916323180111
482,36.00,0,0.00,2.00,96.00,6916323200413
483,53.50,0,0.00,5.00,320.00,6916323180128
484,28.00,0,0.00,12.00,420.00,6970618570698
485,7.50,0,0.00,44.00,418.00,6970618570070
486,25.00,0,0.00,1.00,32.00,6970618570049
487,7.50,-2,-19.00,58.00,551.00,6970618570582
488,22.00,0,0.00,3.00,90.00,6970618570414
489,30.50,0,0.00,5.00,190.00,6970618570056
498,7.50,0,0.00,10.00,95.00,6970618570179
499,7.50,0,0.00,34.00,323.00,6970618570599
500,10.00,0,0.00,5.00,62.50,6970618570001
501,11.00,0,0.00,3.00,40.50,6970618570032
502,9.30,0,0.00,12.00,129.60,6970618570384
503,7.50,0,0.00,44.00,418.00,6970618570162
504,24.00,0,0.00,18.00,531.00,6970618570193
505,42.00,-2,-104.00,26.00,1352.00,6916323200659
506,42.00,0,0.00,19.00,988.00,6916323200635
507,32.00,0,0.00,3.00,119.70,6970079710763
508,11.00,0,0.00,12.00,175.20,4894375011008
509,11.00,0,0.00,18.00,262.80,4894375010995
510,7.80,0,0.00,4.00,46.00,9556023564599
511,7.80,0,0.00,3.00,34.50,9556023788735
512,7.80,0,0.00,3.00,34.50,9556023453480
513,16.00,0,0.00,1.00,22.66,6959629805463
514,16.00,0,0.00,3.00,67.80,6959629805548
515,16.00,0,0.00,2.00,45.32,6959629805487
516,16.00,0,0.00,1.00,22.60,6959629805531
517,72.00,0,0.00,9.00,792.00,6907992518077
518,53.00,-1,-65.00,8.00,520.00,6907992513157
519,65.00,0,0.00,6.00,468.00,6907992516691
520,7.50,0,0.00,10.00,95.00,6922133651086
521,22.88,0,0.00,11.00,286.00,6371251275
522,10.00,0,0.00,14.00,168.00,1008861919350438
523,8.50,0,0.00,9.00,103.50,9588552315670
524,19.00,0,0.00,1.00,24.50,9588552312266
525,12.00,0,0.00,4.00,64.00,9588552322814
526,14.50,0,0.00,2.00,36.00,9588552329103
527,14.50,0,0.00,3.00,54.00,9588552329110
536,15.21,0,0.00,6.00,117.00,9588552334954
537,15.21,0,0.00,2.00,39.00,9588552334961
538,14.04,0,0.00,4.00,72.00,9588552337535
539,14.04,0,0.00,1.00,18.00,9588552337542
540,14.63,0,0.00,4.00,76.00,9588552338389
541,22.50,0,0.00,2.00,58.00,9588552302854
542,22.50,0,0.00,1.00,29.00,9588552302861
543,12.00,0,0.00,2.00,32.00,9588552322821
544,19.00,0,0.00,1.00,24.90,9588552305312
545,21.00,0,0.00,1.00,27.50,9588552313980
546,11.31,0,0.00,1.00,14.50,9588552337450
547,14.63,0,0.00,1.00,19.00,9588552338396
548,10.50,0,0.00,1.00,14.50,9588552333902
549,16.00,0,0.00,2.00,40.00,9588552305725
550,12.00,0,0.00,2.00,31.80,9588552314123
551,22.00,0,0.00,2.00,56.40,9588552320360
552,22.00,0,0.00,1.00,28.20,9588552319661
553,18.00,0,0.00,3.00,72.00,9588552322296
554,18.00,0,0.00,1.00,24.00,9588552322302
555,31.68,0,0.00,11.00,396.00,6371251269
556,90.00,0,0.00,2.00,236.00,6971881050238
557,5.50,0,0.00,3.00,24.00,6928710601406
558,31.00,0,0.00,8.00,303.20,6970010922910
559,14.00,0,0.00,4.00,72.00,6952675340735
560,12.80,0,0.00,4.00,66.00,6952675340810
561,12.80,0,0.00,6.00,99.00,6952675329938
562,19.00,0,0.00,17.00,399.50,6952675329921
563,26.00,0,0.00,21.00,667.80,6952675321123
564,13.00,0,0.00,2.00,32.40,6952675311315
565,8.00,0,0.00,13.00,128.70,6974613130055
574,44.00,0,0.00,3.00,174.00,4901330743826
575,44.00,0,0.00,3.00,174.00,4901330742386
576,11.50,0,0.00,11.00,163.90,6924810821027
577,10.70,0,0.00,35.00,483.00,6924810810007
578,7.00,0,0.00,19.00,167.20,6924810824608
579,28.70,0,0.00,16.00,588.80,6924810822222
580,19.00,0,0.00,3.00,72.00,6924810812223
581,19.00,0,0.00,13.00,312.00,6924810812216
582,31.00,0,0.00,15.00,615.00,6924810810014
583,27.00,0,0.00,3.00,107.40,6924810822406
584,10.50,0,0.00,3.00,40.50,6924810802248
585,22.88,0,0.00,11.00,286.00,6371251273
586,12.50,0,0.00,7.00,96.60,6921774200639
587,12.50,0,0.00,4.00,55.20,6921774286305
588,12.50,0,0.00,8.00,110.40,6921774271622
589,12.50,0,0.00,9.00,124.20,6921774271547
590,14.00,0,0.00,3.00,48.90,6919892634603
591,2.50,0,0.00,1.00,3.00,6944839905010
592,2.50,0,0.00,5.00,15.00,6944839905164
593,2.50,0,0.00,1.00,3.00,6944839993796
594,14.00,0,0.00,1.00,16.30,6919892634108
595,14.00,0,0.00,1.00,16.30,6919892634306
596,25.00,0,0.00,2.00,66.00,6953042701531
597,10.00,0,0.00,7.00,89.60,6927682700018
598,2.10,0,0.00,25.00,62.50,6954767410388
599,5.80,0,0.00,8.00,56.00,6954767401812
600,5.80,0,0.00,1.00,7.00,6954767401874
601,4.70,0,0.00,23.00,126.50,6972863230136
602,4.80,0,0.00,16.00,94.40,6972863230105
603,4.70,0,0.00,28.00,159.60,6972863230259
612,13.00,0,0.00,2.00,36.00,8008620080244
613,12.80,0,0.00,4.00,79.20,8008620009337
614,12.80,0,0.00,2.00,39.60,8008620009320
615,14.50,0,0.00,4.00,71.20,653314503493
616,26.00,0,0.00,3.00,109.50,5410081201848
617,14.00,0,0.00,7.00,125.30,6970631040109
618,14.00,0,0.00,16.00,286.40,6970631040123
619,14.00,0,0.00,13.00,232.70,6970631040130
620,38.50,0,0.00,31.00,1457.00,6916323936039
621,45.00,0,0.00,7.00,392.00,6916323937043
622,4.00,0,0.00,48.00,264.00,6927797623530
623,5.50,0,0.00,16.00,104.00,6927797622304
624,4.00,0,0.00,48.00,264.00,6927797622724
625,4.00,0,0.00,84.00,462.00,6927797623370
626,14.80,0,0.00,5.00,95.00,6933211412246
627,9.30,0,0.00,5.00,60.00,6933211432459
628,19.00,0,0.00,1.00,24.00,8000380140565
629,7.80,0,0.00,1.00,10.80,6907661938854
630,77.00,0,0.00,1.00,88.00,6970525359683
631,120.00,0,0.00,3.00,414.00,6970525359362
632,135.00,0,0.00,2.00,316.00,6970525356309
633,6.80,0,0.00,3.00,28.50,6930628801304
634,8.50,0,0.00,8.00,84.00,6921804700757
635,8.50,0,0.00,5.00,55.00,6921804700184
636,64.00,0,0.00,10.00,758.00,6947475900913
637,114.00,0,0.00,4.00,576.00,6947475903242
638,68.00,0,0.00,26.00,2106.00,6947475902405
639,5.30,0,0.00,7.00,45.50,6922621132783
640,52.00,0,0.00,27.00,1728.00,6932816000742
641,17.60,0,0.00,4.00,80.00,6371251254
650,15.00,0,0.00,2.00,39.00,6975048660827
651,15.00,0,0.00,6.00,117.00,6975048660810
652,7.00,0,0.00,5.00,49.50,8859546600098
653,7.00,0,0.00,4.00,39.60,8855044006684
654,7.00,0,0.00,2.00,19.80,8855044004628
655,9.00,0,0.00,9.00,103.50,6922824000643
656,8.50,0,0.00,3.00,31.50,6918678310014
657,6.00,0,0.00,6.00,47.40,4893888001575
658,6.00,0,0.00,7.00,53.20,6922824055063
659,7.00,0,0.00,7.00,69.30,6922824055018
660,7.80,0,0.00,9.00,89.10,4893888001360
661,9.00,0,0.00,4.00,46.00,6922824001329
662,10.00,0,0.00,1.00,12.50,6918678423035
663,12.00,0,0.00,3.00,46.50,6941174499617
664,8.80,0,0.00,3.00,32.40,6941174497156
665,8.80,0,0.00,3.00,32.40,6941174497149
666,7.00,0,0.00,18.00,160.20,6975475660254
667,9.80,0,0.00,3.00,38.70,6923976110136
668,9.80,0,0.00,10.00,129.00,6923976112161
669,9.80,0,0.00,8.00,103.20,6923976181266
670,25.00,0,0.00,10.00,320.00,1008861919351350
671,17.60,0,0.00,8.00,160.00,6371251253
672,11.20,0,0.00,3.00,40.50,6909689901483
673,5.20,0,0.00,1.00,7.50,6942848800050
674,8.50,0,0.00,2.00,25.00,6972779770023
675,8.50,0,0.00,13.00,162.50,6972779770016
676,150.00,0,0.00,35.00,5596.50,6916168616554
677,6.00,0,0.00,18.00,135.00,6934126261899
678,11.00,0,0.00,9.00,112.50,6958104100796
679,98.00,0,0.00,49.00,5336.10,6938749816122
688,65.00,0,0.00,2.00,150.00,6971114920017
689,12.00,0,0.00,2.00,33.60,6958104101861
690,11.00,0,0.00,7.00,118.30,6934126262346
691,7.20,0,0.00,20.00,170.00,6931299062605
692,7.00,0,0.00,4.00,39.20,6934126262933
693,62.00,0,0.00,2.00,159.80,6971938360006
694,11.00,0,0.00,14.00,208.60,6958104101021
695,112.00,0,0.00,3.00,419.70,6971938360075
696,25.00,0,0.00,25.00,822.50,6971114920178
697,10.00,0,0.00,37.00,514.30,6934230050129
698,3.70,0,0.00,99.00,445.50,6901808188881
699,12.90,0,0.00,15.00,255.00,6970209860467
700,12.90,0,0.00,13.00,221.00,6970209860221
701,99.00,0,0.00,23.00,2967.00,6975471520019
702,20.00,0,0.00,6.00,150.00,6924773600165
703,4.70,0,0.00,6.00,35.40,6924116170089
704,4.70,0,0.00,2.00,11.80,6924116188879
705,4.70,0,0.00,7.00,41.30,6924116170010
706,16.00,0,0.00,3.00,77.70,6971851560439
707,12.00,0,0.00,4.00,75.60,6971851560026
708,11.00,0,0.00,3.00,43.50,4897045430383
709,11.00,0,0.00,2.00,29.00,4897045430390
710,11.00,0,0.00,1.00,14.90,6975287200266
711,11.00,0,0.00,4.00,58.00,6957258516460
712,8.50,0,0.00,3.00,34.50,6975287200488
713,12.00,0,0.00,3.00,46.50,6975287200044
714,10.00,0,0.00,1.00,13.50,6957258513933
715,9.00,0,0.00,10.00,120.00,6975287200358
716,10.00,0,0.00,7.00,94.50,6957258513940
717,9.00,0,0.00,4.00,48.00,6975287200365
726,9.00,0,0.00,4.00,48.00,6957258516156
727,11.00,0,0.00,13.00,188.50,6957258516231
728,10.00,0,0.00,1.00,13.50,6957258517108
729,10.00,0,0.00,5.00,67.50,6957258517115
730,14.50,0,0.00,2.00,37.00,6975287200730
731,12.00,0,0.00,4.00,62.00,6975287200037
732,4.30,0,0.00,46.00,239.20,6902538008425
733,4.30,0,0.00,59.00,306.80,6902538004045
734,4.30,0,0.00,45.00,234.00,6902538005141
735,4.30,0,0.00,10.00,52.00,6902538004052
736,15.00,0,0.00,4.00,72.00,1008861919350087
737,8.00,0,0.00,4.00,48.00,6902131130011
738,18.00,0,0.00,6.00,139.20,6902131130882
739,8.00,0,0.00,32.00,345.60,6974106600027
740,34.00,0,0.00,8.00,320.00,6958196800499
741,52.00,0,0.00,20.00,1230.00,6958196800338
742,78.00,0,0.00,3.00,327.00,6955801112596
743,13.80,0,0.00,1.00,18.00,1008861919352104
744,53.00,0,0.00,11.00,748.00,6923644232658
745,58.00,0,0.00,8.00,544.00,6923644297251
746,55.00,0,0.00,4.00,272.00,6923644299804
747,13.00,0,0.00,2.00,27.80,6971654248015
748,17.00,0,0.00,2.00,36.00,6971654248091
749,50.00,0,0.00,1.00,62.50,6928710602212
750,2.30,0,0.00,3.00,9.00,6938309700526
751,2.30,0,0.00,60.00,180.00,6938309700533
752,7.50,0,0.00,19.00,180.50,6958770001403
753,11.00,0,0.00,3.00,41.70,6958770002028
754,11.00,0,0.00,3.00,41.70,6958770001878
755,11.80,0,0.00,1.00,14.30,6931303688579
764,11.00,0,0.00,6.00,87.00,8993175537391
765,8.80,0,0.00,8.00,80.00,6371251251
766,6.50,0,0.00,6.00,47.40,6971196385179
767,6.50,0,0.00,12.00,94.80,6971196385070
768,6.50,0,0.00,1.00,7.90,6971196385162
769,23.00,0,0.00,1.00,26.80,6901333110524
770,24.00,0,0.00,2.00,60.00,6901333980196
771,23.00,0,0.00,2.00,53.60,6901333212112
772,11.50,0,0.00,29.00,420.50,1008861919352159
773,25.70,0,0.00,4.00,131.20,2010312235607
774,16.90,0,0.00,9.00,179.10,1008861919350360
775,130.00,0,0.00,6.00,888.00,6974622051075
776,19.60,0,0.00,9.00,223.20,2302122979121
777,11.50,0,0.00,8.00,120.00,6916323963226
778,14.90,0,0.00,3.00,54.00,6923228400381
779,7.00,0,0.00,4.00,37.20,4712832449983
780,12.50,0,0.00,2.00,32.00,1008861919352135
781,41.00,0,0.00,6.00,299.40,4014400924268
782,32.00,0,0.00,1.00,44.00,4897025882591
783,32.00,0,0.00,1.00,44.00,4897025882539
784,32.00,0,0.00,2.00,88.00,4897025882546
785,6.60,0,0.00,67.00,482.40,6921168595099
786,3.00,0,0.00,239.00,881.91,6921168594993
787,2.30,0,0.00,90.00,252.00,6921168595167
788,2.30,0,0.00,81.00,226.80,6921168595143
789,3.00,0,0.00,119.00,439.11,6921168595006
790,1.20,0,0.00,95.00,152.00,6921168511280
791,7.50,0,0.00,62.00,545.60,6921168559176
792,3.00,0,0.00,4.00,15.20,6921168593002
793,1.30,0,0.00,523.00,889.10,6921168509256
802,4.10,0,0.00,31.00,151.90,6921168500956
803,4.10,0,0.00,22.00,107.80,6921168500970
804,23.00,0,0.00,5.00,144.00,6920238066019
805,26.52,0,0.00,1.00,32.80,4002652000748
806,15.84,0,0.00,4.00,72.00,6371251259
807,11.00,0,0.00,11.00,154.00,1008862021070005
808,12.14,0,0.00,6.00,82.80,6371251240
809,63.00,0,0.00,6.00,503.40,8411342000115
810,103.00,0,0.00,1.00,135.00,8411342000177
811,6.00,0,0.00,6.00,49.80,041508600057
812,33.60,0,0.00,3.00,128.40,2010311951431
813,32.00,0,0.00,2.00,85.80,6924187876576
814,28.00,0,0.00,3.00,108.00,6924187875333
815,6.80,0,0.00,13.00,115.70,6924187851160
816,9.20,0,0.00,13.00,162.50,6924187824959
817,11.20,0,0.00,11.00,174.90,6924187821989
818,10.70,0,0.00,1.00,13.90,6924187821644
819,24.00,0,0.00,4.00,149.60,6928312900525
820,9.00,0,0.00,2.00,23.40,6928312911668
821,11.50,0,0.00,3.00,57.60,6928312961090
822,8.50,0,0.00,1.00,10.20,6928312918001
823,12.00,0,0.00,6.00,105.00,6928312900204
824,16.50,0,0.00,7.00,147.00,6928312984228
825,6.50,0,0.00,3.00,26.40,6936072100154
826,24.00,0,0.00,5.00,174.50,6936072100871
827,7.50,0,0.00,1.00,9.50,6936072100369
828,8.00,0,0.00,5.00,49.50,6974613130086
829,12.10,0,0.00,29.00,429.20,6943036809015
830,22.30,0,0.00,13.00,335.40,6957335216016
831,23.00,0,0.00,3.00,80.40,6957335216023
840,29.50,0,0.00,7.00,251.30,6943036808032
841,67.00,0,0.00,1.00,79.00,6943036812046
842,19.00,0,0.00,2.00,47.60,6957335207168
843,13.40,0,0.00,3.00,48.00,6936700600599
844,13.40,0,0.00,6.00,96.00,6936700600353
845,13.40,0,0.00,15.00,240.00,6936700600247
846,13.40,0,0.00,14.00,224.00,6936700600391
847,9.00,0,0.00,1.00,12.00,6910160312377
848,4.30,0,0.00,18.00,86.40,6920180209601
849,20.10,0,0.00,5.00,129.00,2010317194674
850,13.50,0,0.00,34.00,544.00,1008861919350056
851,5.00,0,0.00,45.00,292.50,6917878054766
852,40.00,0,0.00,26.00,1297.40,6970037312640
853,63.00,0,0.00,10.00,780.00,6970037311421
854,63.00,0,0.00,7.00,546.00,6970037311247
855,39.00,0,0.00,9.00,441.00,6970037313272
856,4.80,0,0.00,23.00,135.70,4904910060320
857,4.80,0,0.00,13.00,76.70,4904910060344
858,16.50,0,0.00,13.00,258.70,1008861919353064
859,13.50,0,0.00,1.00,16.30,1008861919350613
860,8.00,0,0.00,2.00,23.00,4716076571691
861,8.80,0,0.00,6.00,60.00,6371251249
862,8.00,0,0.00,11.00,107.80,1008861919353323
863,13.00,0,0.00,6.00,99.00,1008862021070008
864,12.00,0,0.00,24.00,352.80,1008861919350616
865,24.50,0,0.00,3.00,90.00,6974856040098
866,24.50,0,0.00,2.00,60.00,6974856040081
867,11.26,0,0.00,3.00,38.40,6371251237
868,13.50,0,0.00,2.00,35.00,7614500010310
869,13.50,0,0.00,1.00,17.50,7614500010617
878,15.50,0,0.00,3.00,66.00,4000417703002
879,17.00,0,0.00,4.00,108.00,4000417938008
880,17.00,0,0.00,3.00,81.00,4000417933003
881,17.00,0,0.00,1.00,27.00,4000417932006
882,14.50,0,0.00,4.00,88.00,4000417022004
883,18.00,0,0.00,7.00,166.60,4897038890972
884,18.00,0,0.00,8.00,190.40,4897038890965
885,15.50,0,0.00,12.00,234.00,4897038894598
886,15.50,0,0.00,3.00,58.50,4897038894604
887,14.00,0,0.00,11.00,195.80,4897038892310
888,12.00,0,0.00,3.00,45.00,4897038892365
889,12.00,0,0.00,3.00,45.00,4897038892372
890,4.20,0,0.00,14.00,70.00,6972549660929
891,4.10,0,0.00,58.00,278.40,6972549661254
892,4.20,0,0.00,38.00,190.00,6972549660677
893,4.20,0,0.00,59.00,295.00,6972549660905
894,7.74,0,0.00,9.00,79.20,6371251250
895,21.50,0,0.00,11.00,363.00,6925723000028
896,12.00,0,0.00,6.00,96.00,6925723000080
897,38.00,0,0.00,1.00,48.00,6951047862059
898,7.00,0,0.00,1.00,9.50,6975086650316
899,37.00,0,0.00,2.00,96.00,6975086650064
900,13.50,0,0.00,2.00,36.40,6975086650323
901,6.80,0,0.00,2.00,17.60,6972914150765
902,6.80,0,0.00,3.00,26.40,6972914150772
903,6.80,0,0.00,4.00,35.20,6972914150789
904,7.50,0,0.00,1.00,10.00,6972914150321
905,7.50,0,0.00,4.00,40.00,6972914150314
906,7.50,0,0.00,1.00,10.00,6972914150352
907,14.80,0,0.00,14.00,259.00,6935498309561
916,14.50,0,0.00,18.00,333.00,6971657870893
917,14.50,0,0.00,2.00,37.00,6971657870343
918,52.00,0,0.00,2.00,119.80,6959540361406
919,26.00,0,0.00,1.00,29.90,6959540362274
920,42.80,0,0.00,2.00,99.80,6959540361321
921,34.00,0,0.00,3.00,144.00,8002650002177
922,6.00,0,0.00,30.00,249.00,041508800075
923,38.50,0,0.00,8.00,376.00,6916323943525
924,75.00,0,0.00,3.00,279.00,6916323942313
925,5.40,0,0.00,8.00,55.20,6956405213610
926,6.50,0,0.00,20.00,166.00,6971426300491
927,6.50,0,0.00,7.00,58.10,6971426300477
928,5.50,0,0.00,2.00,15.20,6974919371374
929,6.00,0,0.00,5.00,39.00,6974919371367
930,24.00,0,0.00,1.00,34.50,4712883839818
931,24.00,0,0.00,5.00,172.50,4712883839832
932,24.00,0,0.00,2.00,69.00,4712883839825
933,2.40,0,0.00,46.00,138.00,6970783730132
934,2.40,0,0.00,30.00,90.00,6970783730019
935,8.50,0,0.00,3.00,32.40,6939044610002
936,15.84,0,0.00,5.00,90.00,6371251260
937,9.80,0,0.00,2.00,28.00,1008862021070012
938,15.80,0,0.00,2.00,39.00,6923250611281
939,15.80,0,0.00,1.00,19.50,6923250611267
940,9.00,0,0.00,5.00,59.00,6921665714436
941,10.00,0,0.00,11.00,140.80,6921665732577
942,10.00,0,0.00,3.00,38.40,6921665700194
943,9.00,0,0.00,8.00,94.40,6921665714429
944,19.00,0,0.00,1.00,24.00,6932583203438
945,19.00,0,0.00,5.00,120.00,6932583206590
954,35.00,0,0.00,20.00,870.00,6974036910050
956,10.80,0,0.00,3.00,41.70,4897076061167
957,10.80,0,0.00,4.00,55.60,4897076061181
958,8.50,0,0.00,20.00,190.00,6922130101485
959,13.00,0,0.00,10.00,165.00,6922130118483
960,5.20,0,0.00,22.00,147.40,6901306180738
961,5.20,0,0.00,12.00,80.40,6901306180707
962,4.30,0,0.00,30.00,174.00,8851994612012
963,15.84,0,0.00,5.00,90.00,6371251257
964,5.50,0,0.00,1.00,6.80,6972559820108
965,43.00,0,0.00,2.00,130.00,8002650000906
966,75.00,0,0.00,1.00,119.00,8002650000807
967,58.00,0,0.00,10.00,670.00,0101020211011
968,26.00,0,0.00,6.00,180.00,0101020211013
969,50.00,0,0.00,85.00,5015.00,6923644266318
970,65.00,0,0.00,13.00,1014.00,6923644295844
971,9.50,0,0.00,1.00,12.00,9555118659523
972,9.50,0,0.00,9.00,108.00,9555118659530
973,19.50,0,0.00,12.00,288.00,1008861919353231
974,2.20,0,0.00,10.00,28.00,6944296500049
975,3.50,0,0.00,10.00,43.00,6925303730574
976,5.00,0,0.00,82.00,516.60,6970399927247
977,32.00,0,0.00,4.00,159.60,4891913367344
978,27.00,0,0.00,2.00,67.80,4891913750351
979,30.00,0,0.00,1.00,37.90,4891913367238
980,38.00,0,0.00,4.00,194.40,6943890900422
981,42.00,0,0.00,4.00,216.00,6943890900415
982,3.20,0,0.00,2.00,8.00,6956367338680
983,4.50,0,0.00,27.00,148.50,6906303004612
992,3.00,-1,-4.00,5.00,20.00,6906303004469
993,3.80,0,0.00,10.00,55.00,6906303004476
994,3.00,0,0.00,4.00,15.60,6906303888908
995,3.00,0,0.00,6.00,24.00,6906303004643
996,2.80,0,0.00,28.00,109.20,6906303888885
997,11.00,0,0.00,6.00,99.00,6906303002434
998,14.00,0,0.00,13.00,232.70,6972636670244
999,14.00,0,0.00,22.00,393.80,6972636670237
1000,14.00,0,0.00,29.00,519.10,6972636670213
1001,6.00,0,0.00,4.00,31.60,6907592007056
1002,9.00,0,0.00,12.00,153.60,6907592002013
1003,7.00,0,0.00,3.00,26.40,6907592000026
1004,2.20,0,0.00,5.00,14.00,6907592001429
1005,7.00,0,0.00,3.00,26.40,6907592000040
1006,5.90,0,0.00,8.00,56.00,6907592001245
1007,7.00,0,0.00,1.00,8.80,6907592000033
1008,21.50,0,0.00,5.00,127.50,6909995101676
1009,21.50,0,0.00,3.00,76.50,6909995110326
1010,8.00,0,0.00,22.00,217.80,6971836970055
1011,8.00,0,0.00,4.00,39.60,6971836970123
1012,8.00,0,0.00,17.00,168.30,6971836970086
1013,19.00,0,0.00,1.00,28.00,8934683007235
1014,11.00,0,0.00,1.00,13.80,4897076062393
1015,11.00,0,0.00,2.00,27.60,4897076062850
1016,11.00,0,0.00,2.00,35.60,8032755323723
1017,13.00,0,0.00,1.00,20.80,8032755323761
1018,16.50,0,0.00,5.00,105.00,6904432800440
1019,32.00,0,0.00,14.00,546.00,6948431109968
1020,11.00,0,0.00,2.00,27.80,6924115086107
1021,30.00,0,0.00,3.00,120.00,6959479300422
1030,30.00,0,0.00,5.00,200.00,6959479300439
1032,4.00,-6,-28.80,84.00,403.20,6954767422688
1033,15.00,0,0.00,3.00,56.70,6907619667669
1034,11.50,0,0.00,3.00,45.00,6916323200222
1035,47.00,0,0.00,2.00,114.00,6916323200611
1036,35.00,0,0.00,3.00,129.60,6905014301263
1037,35.00,0,0.00,3.00,129.60,6905014301287
1038,26.50,0,0.00,1.00,33.50,6905014000548
1039,26.50,0,0.00,1.00,33.50,6905014000081
1040,26.50,0,0.00,1.00,33.50,6905014186839
1041,25.00,0,0.00,1.00,28.00,6905014081288
1042,25.00,0,0.00,9.00,252.00,6905014000890
1043,14.50,0,0.00,9.00,166.50,6905014000876
1044,69.00,0,0.00,2.00,173.00,6924947838899
1045,118.40,0,0.00,5.00,740.00,6924947828883
1046,6.50,0,0.00,11.00,86.90,6974348720002
1047,6.50,0,0.00,21.00,165.90,6974348720132
1048,6.50,0,0.00,10.00,79.00,6974348720019
1049,21.50,0,0.00,8.00,222.40,6973768117188
1050,21.50,0,0.00,6.00,166.80,6973768111179
1051,6.50,0,0.00,10.00,85.00,6928454900087
1052,75.00,0,0.00,10.00,950.00,6971881050054
1053,15.00,0,0.00,2.00,37.80,6950327000884
1054,20.50,0,0.00,6.00,154.80,6950327001041
1055,19.50,0,0.00,4.00,95.60,6950327001058
1056,14.00,0,0.00,14.00,260.40,4712883837876
1057,8.00,0,0.00,2.00,24.00,4712883834264
1058,11.26,0,0.00,8.00,102.40,6371251239
1059,10.00,0,0.00,11.00,154.00,4806531360028
1068,11.00,0,0.00,3.00,45.60,6972011730051
1069,12.50,0,0.00,1.00,14.90,6935953399991
1070,15.50,0,0.00,7.00,133.00,6973230891448
1071,15.50,0,0.00,12.00,228.00,6973230891547
1072,31.00,0,0.00,35.00,1295.00,6932816000599
1073,14.00,0,0.00,3.00,57.00,6971013100237
1074,14.00,0,0.00,2.00,38.00,6970695160089
1075,9.00,0,0.00,1.00,10.90,6924546000802
1076,9.00,0,0.00,1.00,10.90,6924546000819
1077,9.00,0,0.00,1.00,10.90,6924546000826
1078,5.80,0,0.00,4.00,31.20,6921204802204
1079,70.00,0,0.00,35.00,3080.00,6935739919337
1080,9.80,0,0.00,7.00,89.60,6928494805250
1081,11.50,0,0.00,8.00,118.40,6928494806448
1082,11.50,0,0.00,9.00,133.20,6928494806455
1083,9.80,0,0.00,8.00,102.40,6928494805267
1084,14.50,0,0.00,5.00,94.00,6941704425017
1085,11.90,0,0.00,62.00,923.80,6970870270534
1086,8.00,0,0.00,4.00,39.60,6970870270671
1087,8.00,0,0.00,24.00,237.60,6970870270664
1088,8.00,0,0.00,4.00,39.60,6970870270657
1089,9.50,0,0.00,25.00,287.50,6970870270947
1090,14.50,0,0.00,2.00,35.20,6970870270213
1091,9.50,0,0.00,4.00,46.00,6970870270961
1092,13.50,0,0.00,10.00,189.00,4897025889453
1093,13.50,0,0.00,5.00,94.50,4897025889460
1094,2.10,0,0.00,78.00,195.00,6954767430386
1095,9.50,0,0.00,1.00,13.80,6920130971879
1096,9.50,0,0.00,1.00,13.80,6920130971886
1097,9.50,0,0.00,4.00,55.20,6920130971107
1106,4.50,0,0.00,4.00,26.00,6920130970926
1107,15.84,0,0.00,11.00,198.00,6371251258
1108,12.80,0,0.00,4.00,64.00,6904555694315
1109,15.00,0,0.00,5.00,95.00,6904555694292
1110,15.50,0,0.00,1.00,19.00,6904555694278
1111,5.00,0,0.00,12.00,70.80,6920907808537
1112,5.00,0,0.00,8.00,47.20,6920907808612
1113,5.00,0,0.00,8.00,47.20,6920907808575
1114,17.00,0,0.00,2.00,42.00,6970567810067
1115,10.00,0,0.00,3.00,40.50,4713507023538
1116,12.50,0,0.00,11.00,181.50,1008861919370120
1117,16.54,0,0.00,6.00,112.80,6371251246
1118,12.30,0,0.00,19.00,283.10,6901347880390
1119,12.00,0,0.00,22.00,396.00,1008861919352081
1120,14.00,0,0.00,4.00,67.20,1008861919353347
1121,22.00,0,0.00,10.00,320.00,6928710609594
1122,41.00,0,0.00,1.00,53.00,6928710601758
1123,26.00,0,0.00,1.00,38.00,6928710609549
1124,11.00,0,0.00,19.00,256.50,6928710600331
1125,9.00,0,0.00,1.00,12.50,6928710660175
1126,20.00,0,0.00,4.00,104.00,6928710600034
1127,38.00,0,0.00,1.00,51.00,6928710660076
1128,8.00,0,0.00,2.00,20.60,6928710600317
1129,9.00,0,0.00,1.00,13.50,6928710660182
1130,19.00,0,0.00,2.00,56.00,6928710609600
1131,18.00,0,0.00,3.00,78.00,6928710609563
1132,22.00,0,0.00,8.00,228.00,6928710600485
1133,9.50,0,0.00,2.00,25.80,6928710609235
1134,15.00,0,0.00,5.00,92.50,6928710600980
1135,10.50,0,0.00,1.00,15.00,6928710609518
1144,18.00,0,0.00,3.00,71.40,6928710600089
1145,10.00,0,0.00,2.00,27.00,6928710660045
1146,48.00,0,0.00,6.00,389.40,6928710660069
1147,62.00,0,0.00,2.00,162.00,6928710660090
1148,58.00,0,0.00,2.00,150.00,6928710660106
1149,16.00,0,0.00,2.00,37.60,6928710600300
1150,4.50,0,0.00,1.00,8.00,6974919370124
1151,7.00,0,0.00,4.00,39.60,6928710609174
1152,6.20,0,0.00,10.00,75.00,6928710601284
1153,5.70,0,0.00,4.00,32.00,6928710605138
1154,48.00,0,0.00,2.00,133.00,6928710609204
1155,18.00,0,0.00,4.00,94.00,6928710600621
1156,11.50,0,0.00,3.00,47.10,6928710660052
1157,6.90,0,0.00,6.00,51.00,6928710600805
1158,20.00,0,0.00,5.00,129.50,6928710600560
1159,27.00,0,0.00,1.00,39.00,6928710609570
1160,20.00,0,0.00,11.00,286.00,6928710600614
1161,12.00,0,0.00,7.00,110.60,6928710601147
1162,12.50,0,0.00,8.00,130.40,6928710600584
1163,20.00,0,0.00,2.00,49.60,6928710600065
1164,5.70,0,0.00,4.00,32.00,6928710605176
1165,12.50,0,0.00,12.00,195.60,6928710600546
1166,10.00,0,0.00,2.00,27.00,6928710601734
1167,8.50,0,0.00,2.00,26.00,6928710601222
1168,23.00,0,0.00,2.00,67.60,6974919370025
1169,65.00,0,0.00,2.00,159.80,6928710601765
1170,65.00,0,0.00,3.00,239.70,6928710601772
1171,11.50,0,0.00,11.00,172.70,6928710609778
1172,30.00,0,0.00,1.00,39.90,6928710609211
1173,26.00,0,0.00,4.00,139.20,6928710600096
1182,7.50,0,0.00,10.00,89.00,6928710600164
1183,17.50,0,0.00,7.00,159.60,6928710600577
1184,14.00,0,0.00,4.00,79.60,6928710609228
1185,56.00,0,0.00,1.00,73.00,6928710601703
1186,37.00,0,0.00,2.00,99.00,6928710600362
1187,21.00,0,0.00,1.00,28.00,6928710660113
1188,43.00,0,0.00,1.00,63.00,6928710609532
1189,31.50,0,0.00,2.00,82.60,6974919370476
1190,4.00,0,0.00,2.00,15.20,6974919370087
1191,11.50,0,0.00,5.00,75.00,6928710601352
1192,6.00,0,0.00,3.00,22.50,6928710601215
1193,33.00,0,0.00,4.00,184.00,6928710660144
1194,3.00,0,0.00,4.00,22.00,6974919371343
1195,8.50,0,0.00,3.00,39.00,6928710609556
1196,18.00,0,0.00,21.00,472.50,6928710600553
1197,52.00,0,0.00,5.00,337.50,6928710601512
1198,11.00,0,0.00,6.00,88.20,6928710600591
1199,15.50,0,0.00,5.00,99.50,6971947498080
1200,48.00,0,0.00,2.00,120.00,6928710600195
1201,16.00,0,0.00,4.00,80.00,6928710601437
1202,18.00,0,0.00,5.00,120.00,6928710660496
1203,18.00,0,0.00,3.00,69.00,6928710600072
1204,15.00,0,0.00,2.00,39.00,6928710602052
1205,7.00,0,0.00,5.00,50.00,6928710600713
1206,37.00,0,0.00,2.00,98.00,6928710609082
1207,8.00,0,0.00,1.00,10.80,4897095270496
1208,25.52,0,0.00,11.00,319.00,6371251270
1209,66.00,0,0.00,10.00,780.00,6907992514178
1210,54.00,0,0.00,6.00,396.00,6907992518992
1211,70.00,0,0.00,5.00,440.00,6907992518930
1220,57.00,0,0.00,11.00,748.00,6907992513829
1221,66.00,0,0.00,2.00,156.00,6907992514604
1222,55.00,0,0.00,3.00,195.00,6907992512761
1223,24.00,0,0.00,3.00,89.40,6956432610086
1224,5.20,0,0.00,72.00,496.80,3068320055008
1225,5.20,0,0.00,25.00,172.50,3068320099651
1226,10.00,0,0.00,12.00,150.00,6923450656181
1227,10.00,0,0.00,7.00,87.50,6923450656150
1228,10.00,0,0.00,14.00,175.00,6923450657935
1229,10.00,0,0.00,9.00,112.50,6923450657638
1230,10.00,0,0.00,3.00,37.50,6923450656860
1231,17.00,0,0.00,6.00,120.00,6972399750009
1232,14.62,0,0.00,5.00,92.50,4897119860511
1233,13.60,0,0.00,2.00,34.00,4710484398970
1234,13.60,0,0.00,7.00,119.00,4710484398994
1235,3.50,0,0.00,2.00,8.40,6926892566087
1236,3.50,0,0.00,3.00,12.60,6926892565080
1237,3.50,0,0.00,5.00,21.00,6926892567084
1238,15.00,0,0.00,4.00,72.00,6904007607870
1239,33.50,0,0.00,3.00,114.00,6904007606569
1240,7.30,0,0.00,4.00,32.80,6904007605050
1241,38.00,0,0.00,15.00,670.50,6904007606606
1242,1.30,0,0.00,9.00,13.50,6920633801048
1243,16.00,0,0.00,20.00,410.00,6931500340706
1244,16.00,0,0.00,4.00,82.00,6931500340904
1245,46.00,0,0.00,12.00,588.00,6971062128855
1246,85.00,0,0.00,11.00,1056.00,6937191310844
1247,125.00,0,0.00,1.00,158.80,6970866090597
1248,150.00,0,0.00,4.00,740.00,6973820980132
1249,23.90,0,0.00,14.00,414.40,6911569012684
1258,12.00,0,0.00,8.00,135.20,6911569126411
1259,17.50,0,0.00,6.00,128.40,6911569107274
1260,3.80,0,0.00,6.00,30.00,6924640202225
1261,10.70,0,0.00,12.00,158.40,6911569014145
1262,16.50,0,0.00,10.00,215.00,6911569506848
1263,13.80,0,0.00,1.00,17.60,6911569143364
1264,19.00,0,0.00,3.00,80.70,6911569113497
1265,10.50,0,0.00,2.00,27.00,6911569132313
1266,20.00,0,0.00,8.00,208.00,6911569200289
1267,12.00,0,0.00,13.00,219.70,6911569126398
1268,19.00,0,0.00,17.00,491.30,6911569114456
1269,18.00,0,0.00,7.00,157.50,6911569145061
1270,6.00,0,0.00,3.00,25.50,6911569008595
1271,18.00,0,0.00,9.00,211.50,6911569202573
1272,8.62,0,0.00,11.00,107.80,6948942511618
1273,8.00,0,0.00,2.00,23.00,4716076571738
1274,8.00,0,0.00,5.00,57.50,4716076571745
1275,8.00,0,0.00,6.00,69.00,4716076571769
1276,8.50,0,0.00,6.00,72.00,4716076571462
1277,8.50,0,0.00,2.00,24.00,4716076571455
1278,8.00,0,0.00,3.00,34.50,4716076571714
1279,8.50,0,0.00,1.00,12.00,4716076571479
1280,5.20,0,0.00,2.00,15.00,4712832449037
1281,10.50,0,0.00,2.00,30.00,4716076571509
1282,10.50,0,0.00,1.00,15.00,4716076571486
1283,10.50,0,0.00,5.00,75.00,4716076571493
1284,4.20,0,0.00,44.00,220.00,6970399920439
1285,4.20,0,0.00,45.00,225.00,6970399920415
1286,4.60,0,0.00,8.00,45.60,6970399920118
1287,4.60,0,0.00,47.00,267.90,6975176782460
1296,4.20,0,0.00,68.00,340.00,6970399923096
1297,5.20,0,0.00,41.00,258.30,6975176780510
1298,5.20,0,0.00,8.00,50.40,6970399921092
1299,25.80,0,0.00,1.00,30.00,6937419946190
1300,8.00,0,0.00,2.00,19.80,6974613130062
1301,8.00,0,0.00,1.00,9.90,6974613130079
1302,14.00,0,0.00,5.00,89.00,2302122979222
1303,15.00,0,0.00,3.00,53.40,1008861919350377
1304,17.80,0,0.00,6.00,136.80,2010319242255
1305,64.00,0,0.00,10.00,790.00,6970480320292
1306,8.62,0,0.00,5.00,49.00,6948942511069
1307,14.00,0,0.00,20.00,336.00,1008861919353361
1308,40.00,0,0.00,1.00,54.00,9556854006039
1309,6.24,0,0.00,9.00,79.20,4710199085509
1310,6.24,0,0.00,3.00,26.40,4710199037010
1311,6.24,0,0.00,5.00,44.00,4710199080597
1312,6.24,0,0.00,8.00,70.40,4710199087701
1313,6.24,0,0.00,6.00,52.80,4710199086506
1314,6.24,0,0.00,4.00,35.20,4710199085707
1315,6.24,0,0.00,8.00,70.40,4710199080566
1316,93.50,0,0.00,7.00,766.50,6933664901038
1317,52.00,0,0.00,1.00,64.80,6928710601925
1318,12.50,0,0.00,6.00,102.00,4897044643081
1319,33.60,0,0.00,4.00,171.20,2010305181708
1320,17.00,0,0.00,8.00,168.00,6945482421773
1321,16.00,0,0.00,261.00,5089.50,6954113701504
1322,9.00,0,0.00,11.00,126.50,6920609900362
1323,13.20,0,0.00,5.00,75.00,6371251241
1324,31.00,0,0.00,6.00,214.80,6925785605797
1325,31.00,0,0.00,3.00,116.70,6925785605902
1334,67.00,0,0.00,10.00,840.00,6948042400034
1335,56.00,0,0.00,6.00,419.40,6948042400027
1336,68.00,0,0.00,8.00,656.00,6944910358360
1337,106.00,0,0.00,5.00,645.00,8853969008035
1338,10.50,0,0.00,1.00,14.50,6942806983047
1339,14.00,0,0.00,1.00,18.00,6942806982972
1340,11.90,0,0.00,2.00,30.00,6942806983528
1341,11.90,0,0.00,3.00,45.00,6942806983511
1342,10.00,0,0.00,2.00,27.00,6942806981951
1343,10.50,0,0.00,2.00,27.00,6942806981999
1344,48.00,0,0.00,4.00,239.20,6971081780034
1345,5.00,0,0.00,25.00,162.50,6922895401226
1346,61.00,0,0.00,4.00,279.60,6970805096345
1347,9.50,0,0.00,1.00,12.00,9556121003976
1348,8.80,0,0.00,4.00,46.00,9556121001859
1349,14.50,0,0.00,3.00,54.00,9556121022496
1350,9.50,0,0.00,3.00,36.00,9556121003884
1351,1.50,0,0.00,7.00,12.60,6942046300017
1352,1.40,0,0.00,4.00,7.20,6942046300055
1353,6.50,0,0.00,3.00,28.50,6922165900787
1354,8.00,0,0.00,1.00,10.90,6922165900770
1355,11.50,0,0.00,2.00,27.60,6958104100321
1356,11.50,0,0.00,8.00,119.20,6931299062681
1357,17.00,0,0.00,7.00,151.20,6958770001922
1358,32.00,0,0.00,3.00,119.70,6970079710534
1359,32.00,0,0.00,4.00,159.60,6970079710336
