,amount,categoryName,cost,currPrice,producItName,serialNum
3,63,副食,819.00,875.70,米脂县黑小米490g,6971654248015
4,437,副食,7429.00,7866.00,米脂县手工土豆粉条350g,6971654248091
7,41,食用油,6150.00,6555.90,鲁花5S压榨一级花生油5L,6916168616554
9,110,调料,660.00,825.00,鲁花9度白醋500ml,6934126261899
10,341,调料,3751.00,4262.50,鲁花炒菜香酱油500ml,6958104100796
12,1001,食用油,98098.00,109008.90,鲁花低芥酸菜籽油5L,6938749816122
13,9,食用油,585.00,675.00,鲁花高油酸花生油750ml,6971114920017
15,6,调料,72.00,100.80,鲁花黑豆味极鲜500ml,6958104101861
16,237,调料,2607.00,4005.30,鲁花黑糯米醋500ml,6934126262346
17,789,调料,5680.80,6706.50,鲁花料酒500ml,6931299062605
19,1,副食,39.00,49.90,鲁花麦芯小麦粉5kg,6973141120088
21,649,调料,4543.00,6360.20,鲁花糯米香醋500ml,6934126262933
23,69,大米,4278.00,5513.10,鲁花生态粳米5kg,6971938360006
25,2012,调料,22132.00,29978.80,鲁花生鲜蚝油518ml,6958104101021
27,4,大米,248.00,295.60,鲁花松嫩源香大米,6971938360150
29,1,食用油,72.00,96.00,鲁花特级初榨橄榄油750ml,6916168617322
31,7,大米,784.00,979.30,鲁花五常大米5kg,6971938360075
41,2058,调料,51450.00,67708.20,鲁花小磨香油260ml,6971114920178
43,24,大米,1560.00,1917.60,鲁花长粒香米5kg,6971938360044
45,3041,调料,30410.00,42269.90,鲁花芝麻香油180ML,6934230050129
46,141,调料,1621.50,1945.80,自然鲜红烧酱油500ml,6958104100321
47,2841,调料,32671.50,42330.90,自然鲜酱香酱油500ml,6931299062681
50,666,面粉,34632.00,42624.00,老牛麦芯粉10kg,6932816000742
51,650,面粉,20150.00,24050.00,小康之家5kg,6932816000599
54,15,乳制品酸奶,117.00,142.50,草莓流心芝士单杯,6973230890342
55,4,乳制品酸奶,30.00,38.00,格格啵啵珠草莓+树莓150g,6932365575111
56,11,乳制品酸奶,82.50,104.50,格格啵啵珠芒果+椰果150g,6932365575104
57,11,乳制品酸奶,121.00,159.50,华山发酵乳黄桃90g,6970339117554
58,35,乳制品酸奶,105.00,140.00,华山老酸奶120g,6970339116373
59,29,乳制品酸奶,1624.00,1885.00,华山牧1W纯奶提装,6970339116151
60,8,乳制品酸奶,46.40,60.00,华山牧海盐西柚250ml,6970339117646
61,51,乳制品酸奶,178.50,229.50,华山牧青稞酸奶180g,6970339117097
62,2,乳制品酸奶,11.60,15.00,华山牧清香白桃酸奶250g,6970339117653
63,84,乳制品酸奶,310.80,369.60,华山牧优酪乳黄桃180g,6970339117844
64,67,乳制品酸奶,254.60,301.50,华山牧优酪乳混合180g,6970339116137
65,28,乳制品酸奶,78.40,126.00,华山牧优酪乳燕麦180g,6970339116144
66,32,乳制品酸奶,121.60,144.00,华山牧优酪乳原味180g,6970339116120
68,4,乳制品纯奶,168.00,220.00,华山牧有机纯牛奶225ml*10,6970339117486
70,6,乳制品酸奶,34.80,45.00,华山牧原味酸奶250ml,6970339117639
79,92,乳制品酸奶,276.00,368.00,华山无糖酸奶160g,6970339117233
80,5,乳制品酸奶,29.00,34.50,华山鲜牛奶250ml,6970339116588
82,7,乳制品纯奶,115.50,136.50,华山鲜牛奶950ml,6970339116557
84,1,乳制品酸奶,7.50,9.50,简爱0添加糖135g,6970618570070
85,24,乳制品酸奶,180.00,228.00,简爱2吸吸酸奶100g,6970618570582
86,6,乳制品酸奶,132.00,180.00,简爱6.0g蛋白100g*3,6970618570414
87,8,乳制品酸奶,244.00,304.00,简爱百香果1.08kg,6970618570056
88,25,乳制品酸奶,187.50,237.50,简爱百香果230g,6970618570179
89,34,乳制品酸奶,255.00,323.00,简爱果蔬4吸吸酸奶100g,6970618570599
90,18,乳制品酸奶,180.00,225.00,简爱滑滑树莓100g*3,6970618570001
91,3,乳制品酸奶,27.90,32.40,简爱滑滑原味100g*3,6970618570384
92,25,乳制品酸奶,187.50,237.50,简爱原味230g,6970618570162
93,6,乳制品酸奶,24.00,33.00,来思尔焦糖小酸奶180g,6927797623530
94,15,乳制品酸奶,82.50,97.50,来思尔裸酸奶原味236g,6927797622304
95,24,乳制品酸奶,96.00,132.00,来思尔香草小酸奶180g,6927797622724
96,13,乳制品酸奶,52.00,71.50,来思尔原味小酸奶180g,6927797623370
98,24,乳制品纯奶,1392.00,1632.00,蒙牛特仑苏梦幻盖牛奶提装,6923644297251
99,13,乳制品纯奶,715.00,884.00,蒙牛特仑苏有机纯奶提装,6923644299804
100,70,乳制品纯奶,3500.00,4130.00,特仑苏纯牛奶,6923644266318
102,12,乳制品酸奶,186.00,228.00,小果泥酸奶草莓樱桃味,6973230891448
103,15,乳制品酸奶,232.50,285.00,小果泥酸奶香蕉牛油果味,6973230891547
106,166,调料,996.00,1278.20,阿一波橄榄菜185g,6926213559019
107,411,调料,3699.00,5343.00,阿一波虾皮50g,6926213560831
117,91,干货,1183.00,1601.60,阿一波紫菜海苔7枚装,6926213557985
119,10,调料,120.00,140.00,风球鲍汁蚝油390g,6920267909844
120,4,调料,54.00,64.00,风球黑胡椒汁250g,6920267904146
121,12,调料,138.00,192.00,风球黑椒牛排酱250g,6920267907420
122,6,调料,108.00,132.00,风球辣鲜露472g,6920267904344
123,10,调料,84.00,109.00,海天草菇老抽500ml,6902265210504
124,12,调料,90.00,144.00,海天海鲜酱,6902265440291
125,4,调料,32.00,42.00,海天红烧酱油500ml,6902265107057
126,3,调料,16.50,19.50,海天黄豆酱230g,6902265470236
127,6,调料,72.00,93.00,海天金标蚝油625g,6902265590712
128,9,调料,57.60,76.50,海天老抽王500ml,6902265240501
129,1,调料,6.50,7.90,海天上等蚝油700ml,6902265360018
130,6,调料,58.80,85.20,海天特级草菇老抽500ml,6902265114369
131,1,调料,8.30,11.00,海天特级金标生抽500ml,6902265114321
132,7,调料,56.00,69.30,海天特级味级鲜酱油500ml,6902265114888
133,5,调料,42.50,55.00,海天特级一品鲜酱油500ml,6902265114345
134,4,调料,25.60,34.00,海天鲜味生抽王500ml,6902265170501
135,9,调料,49.50,61.20,海天香醋445ml,6902265115496
136,42,调料,357.00,441.00,海天蒸鱼豉油450ml,6902265111719
137,88,调料,114.40,158.40,海藻盐350G,6926198012233
138,8,调料,84.00,100.00,亨氏烧烤酱200g,6921956645593
140,6,杂粮,33.00,48.00,精选园江米500g,6928710601406
142,9,调料,70.20,97.20,赖汤圆粉610g,6907661938854
143,21,调料,163.80,226.80,赖汤圆心340g,6907661938847
145,2,干货,10.40,15.00,龙须龙口火锅伴侣200g,6942848800050
146,320,干货,6400.00,8000.00,绿之林新疆灰枣400g,6924773600165
155,27,干货,945.00,1215.00,绿芝林秋木耳180g,6924773610010
157,5,调料,80.00,129.50,麻辣先生菜小方火锅料240g,6971851560439
158,35,调料,420.00,661.50,麻辣先生手工牛油火锅料200g,6971851560026
159,7,调料,56.00,84.00,梅林八宝饭350G,6902131130011
160,5,调料,67.50,82.50,梅林午餐肉340g,6902131110020
162,223,干货,11150.00,13937.50,米脂小米2.5kg,6928710602212
164,3,调料,27.00,35.10,千禾窖醋2年1.8升,6928312911668
165,10,调料,115.00,192.00,千禾糯米香醋1L,6928312961090
166,11,调料,93.50,112.20,千禾特级草菇老抽500ml,6928312918001
167,11,调料,181.50,231.00,千禾有机酱油210ml,6928312984228
168,18,调料,630.00,907.20,千禾有机酱油500ml,6928312900181
170,170,干货,5610.00,7650.00,森林味道核桃680g,6928710601611
171,545,干货,24525.00,31555.50,森林味道木耳280g,6928710602304
172,38,干货,209.00,288.80,手工空心挂面200g,6974919371374
173,31,干货,186.00,241.80,手工空心苦荞挂面200g,6974919371367
175,12,调料,228.00,288.00,苏伯西红柿蛋花汤80g,6932583203438
176,11,调料,209.00,264.00,苏伯紫菜蛋花汤80g,6932583206590
177,70,调料,420.00,553.00,王致和白腐乳240g,6907592007056
178,38,调料,224.20,285.00,王致和葱姜料酒500ml,6907592001948
179,42,调料,294.00,369.60,王致和红辣腐乳340g,6907592000040
180,12,调料,70.80,84.00,王致和精制料酒500ml,6907592001245
181,7,调料,49.00,61.60,王致和玫瑰腐乳340g,6907592000033
182,33,调料,363.00,458.70,窝窝醪糟600g,6924115086107
183,641,调料,1923.00,3205.00,雪天低钠盐350g,6956064018670
184,2,调料,2.40,4.00,雪天加碘盐400g,6956064018861
193,78,调料,1716.00,2496.00,野森林八角100g,6928710609594
195,198,干货,8118.00,10494.00,野森林巴达木500g,6928710601758
197,161,调料,4186.00,6118.00,野森林白寇90g,6928710609549
199,20,杂粮,220.00,270.00,野森林白糖1000g,6928710600331
200,31,杂粮,279.00,387.50,野森林白糖罐装700g,6928710660175
202,46,调料,483.00,690.00,野森林白芷200g,6928710609525
204,111,干货,2220.00,2886.00,野森林百合188g,6928710600034
205,264,干货,10032.00,13464.00,野森林碧根果350g,6928710660076
206,457,干货,24678.00,33361.00,野森林碧根果500g,6928710601741
208,175,杂粮,1400.00,1802.50,野森林冰糖500g精选,6928710600317
209,71,杂粮,639.00,958.50,野森林冰糖罐装600g,6928710660182
210,450,杂粮,4050.00,4860.00,野森林糙米1000g,6928710601017
212,36,干货,1044.00,1404.00,野森林茶树菇150g,6928710609075
214,71,调料,1278.00,1846.00,野森林丁香200g,6928710609563
216,855,干货,18810.00,24367.50,野森林腐竹500g,6928710600485
217,128,干货,1216.00,1651.20,野森林干柠檬片50g,6928710609235
218,7,干货,105.00,129.50,野森林干坛紫菜60g,6928710600980
220,217,调料,2278.50,3255.00,野森林高良姜150g,6928710609518
222,297,干货,9801.00,13662.00,野森林罐装巴旦木350g,6928710660083
232,35,杂粮,350.00,472.50,野森林罐装白芝麻238g,6928710660045
234,2,干货,96.00,129.80,野森林罐装开心果350g,6928710660069
235,12,干货,744.00,972.00,野森林罐装松子450g,6928710660090
236,274,干货,15892.00,20550.00,野森林罐装杏仁450g,6928710660106
237,26,干货,416.00,488.80,野森林桂圆450g,6928710600300
238,20,干货,140.00,198.00,野森林海带丝50g,6928710609174
240,37,杂粮,229.40,277.50,野森林黑豆500g,6928710601284
242,21,调料,119.70,168.00,野森林黑豆皮120g,6928710605138
244,91,干货,4368.00,6051.50,野森林黑枸杞188g,6928710609204
246,1051,杂粮,18918.00,24698.50,野森林黑米1000g,6928710600621
248,188,干货,2162.00,2951.60,野森林黑芝麻罐装238g,6928710660052
250,127,杂粮,876.30,1079.50,野森林红糖精选500g,6928710600805
251,635,杂粮,12700.00,16446.50,野森林红小豆1000g,6928710600560
253,358,调料,9666.00,13962.00,野森林花椒150g,6928710609570
255,26,杂粮,520.00,676.00,野森林花生米1000g,6928710600614
256,2,杂粮,24.00,31.60,野森林黄冰糖500g,6928710601147
257,13,杂粮,162.50,211.90,野森林黄豆1000g,6928710600584
259,53,干货,1060.00,1314.40,野森林黄花菜200g,6928710600065
269,21,调料,119.70,168.00,野森林火锅豆皮150g,6928710605176
271,17,杂粮,212.50,277.10,野森林江米1000g,6928710600546
272,7,杂粮,70.00,94.50,野森林菊花冰糖500G,6928710601734
274,20,干货,170.00,260.00,野森林厥根粉丝400g,6928710601222
276,12,调料,276.00,405.60,野森林菌汤料包100g,6974919370025
278,15,干货,975.00,1198.50,野森林开口松子500g,6928710601765
279,4,干货,260.00,319.60,野森林开心果500g,6928710601772
281,1,调料,6.00,8.50,野森林辣椒段150g,6928710609761
283,74,杂粮,2220.00,2952.60,野森林藜麦650g,6928710609211
285,30,干货,780.00,1044.00,野森林莲子180g,6928710600096
286,136,干货,1360.00,1876.80,野森林鹿茸菇50g,6974919370070
287,155,干货,2170.00,3084.50,野森林玫瑰花100g,6928710609228
289,101,杂粮,2626.00,3514.80,野森林每日粗粮700g,6928710602151
291,422,干货,23632.00,30806.00,野森林美国大杏仁500g,6928710601703
292,2654,干货,98198.00,131373.00,野森林木耳300g,6928710600362
293,307,干货,6447.00,8596.00,野森林葡萄干450g,6928710660113
295,123,调料,5289.00,7749.00,野森林肉蔻300g,6928710609532
297,5,干货,157.50,206.50,野森林三色藜麦米1kg,6974919370476
298,23,干货,92.00,174.80,野森林水晶粉丝150g,6974919370087
308,32,杂粮,368.00,480.00,野森林五谷粥500g,6928710601352
310,15,干货,240.00,319.50,野森林五色糙米1kg,6974919370254
311,4,干货,24.00,30.00,野森林虾片208g,6928710601215
312,5,干货,165.00,230.00,野森林夏威夷果350g,6928710660144
313,340,干货,15300.00,18632.00,野森林香菇300g,6928710600058
315,7,调料,21.00,38.50,野森林香叶40g,6974919371343
316,14,调料,119.00,182.00,野森林小茴香200g,6928710609556
318,783,杂粮,14094.00,17617.50,野森林小米1000g,6928710600553
320,274,干货,14248.00,18495.00,野森林新疆大枣1000g,6928710601512
322,504,杂粮,5544.00,7408.80,野森林燕麦片1000g,6928710600591
324,262,调料,4061.00,5213.80,野森林洋槐蜂蜜500g,6971947498080
326,10,干货,480.00,600.00,野森林腰果400g,6928710600195
328,161,杂粮,2576.00,3220.00,野森林薏米500g,6928710601437
329,214,杂粮,3852.00,5136.00,野森林薏米600g,6928710660496
331,190,干货,3420.00,4370.00,野森林银耳145g,6928710600072
332,4,干货,60.00,78.00,野森林有机紫菜45g,6928710602052
334,9,杂粮,63.00,90.00,野森林玉米粥1000g,6928710600713
336,21,干货,777.00,1029.00,野森林竹荪50g,6928710609082
345,635,干货,33020.00,41148.00,长白山秋木耳150g,6928710601925
347,7,调料,90.30,119.00,仲景花椒油258ml,6942806982989
348,22,调料,231.00,319.00,仲景辣椒油258ml,6942806983047
349,17,调料,238.00,306.00,仲景麻辣油258ml,6942806982972
350,20,调料,238.00,300.00,仲景牛肉酱五香210g,6942806983528
351,9,调料,107.10,135.00,仲景牛肉酱鲜辣210g,6942806983511
352,12,调料,126.00,162.00,仲景香菇酱麻辣210g,6942806982064
353,2,调料,20.00,27.00,仲景香菇酱原味210g,6942806981951
354,22,调料,231.00,297.00,仲景香辣香菇酱215g,6942806981999
357,113,调料,169.50,214.70,安琪酵母15g,6917790975323
358,8,调料,68.00,94.40,百梦多咖喱原味100g,6936749501109
359,10,调料,45.00,57.00,北美林红豆馅400g,6935616500016
360,1,调料,3.20,4.00,川南袋装干豆豉200g,6915993301895
361,4,调料,4.00,4.80,川南学生榨菜53g,6915993303028
363,36,干货,852.48,1152.00,打谷塬薄皮核桃500g,6970373120695
364,25,干货,333.00,450.00,打谷塬赤小豆500g,6970373125041
365,36,干货,586.08,792.00,打谷塬虫草花60g,6970373120350
366,31,干货,548.08,806.00,打谷塬菌汤包70g,6970373127564
368,15,调料,135.00,195.00,甘竹牌豆豉鱼184g,6902534238499
369,23,调料,204.70,299.00,甘竹牌香辣豆豉鱼184g,6902534238338
370,3,调料,34.50,39.00,海底捞番茄底料200g,6942032700050
371,7,调料,31.50,45.50,海底捞火锅蘸料香辣120g,6955381400700
372,16,调料,72.00,104.00,海底捞火锅蘸料原味120g,6955381400601
373,19,调料,241.30,302.10,海底捞麻辣香锅220g,6942032700098
374,3,调料,34.50,39.00,海底捞三鲜火锅底料200g,6942032700067
383,27,调料,94.50,126.90,好人家麻婆豆腐80g,6920143500509
384,10,调料,85.00,118.00,好时百梦多咖喱（微辣）,6936749501116
385,30,调料,324.00,420.00,红九九400g,6933453800078
386,10,调料,40.00,59.00,家家餐红薯淀粉200g,6970470758319
387,18,调料,95.40,113.40,家乐浓汤宝老母鸡64g,6922848608894
388,24,调料,127.20,151.20,家乐浓汤宝猪骨64g,6922848608870
389,3,调料,20.40,28.50,老才臣饺子醋500ml,6930628801304
390,10,调料,85.00,110.00,老干妈红油豆腐乳260g,6921804700184
391,9,调料,90.00,112.50,李锦记蒸鱼豉油410ml,6918678423035
392,1,调料,4.70,5.90,麻辣川师剁椒青200g,6924116170089
393,6,调料,28.20,35.40,麻辣川师小米辣200g,6924116170010
394,10,调料,65.00,88.00,桥头大盘鸡调料150g,6936072100154
395,20,调料,116.00,140.00,桥头粉蒸肉料香辣220g,6936072100468
396,7,调料,168.00,244.30,桥头老火锅500g,6936072100871
397,27,调料,243.00,324.00,丘比沙拉酱(香甜）200g,6910160312377
398,1,调料,8.50,10.80,蜀兴郫县豆瓣酱1kg,6939044610002
399,1,调料,8.50,9.50,太太乐鸡精200g,6922130101485
400,1,调料,13.00,16.50,太太乐鲜鸡汁238g,6922130118483
401,6,调料,13.20,16.80,天香杂酱面酱180g,6944296500049
402,42,调料,189.00,231.00,王守义白胡椒粉25g,6906303004612
403,33,调料,99.00,132.00,王守义炖肉24g,6906303004469
404,116,调料,440.80,638.00,王守义花椒粉20g,6906303004476
405,35,调料,105.00,136.50,王守义饺子馅料45g,6906303888908
406,83,调料,249.00,332.00,王守义卤料24g,6906303004643
407,8,调料,22.40,31.20,王守义十三香45g,6906303888885
408,32,调料,352.00,528.00,王守义十三香花椒55g,6906303002434
409,9,调料,19.80,25.20,王致和干黄酱180g,6907592001429
410,1,调料,3.20,4.10,乌江脆口榨菜120g,6901754040936
411,10,调料,110.00,152.00,象国芝麻沙拉汁260g,6972011730051
412,8,调料,100.00,119.20,小肥羊辣火锅235g,6935953399991
421,4,调料,56.00,76.00,小龙坎番茄火锅料250g,6971013100237
422,3,调料,42.00,57.00,小龙坎牛油火锅料198g,6970695160089
423,11,调料,63.80,85.80,欣和葱伴侣豆瓣酱300g,6921204802204
424,8,调料,10.40,12.00,营口大酱150g,6920633801048
425,67,调料,100.50,120.60,滋品源碱面150g,6942046300017
426,7,调料,9.80,12.60,滋品源小苏打200g,6942046300055
427,6,调料,39.00,57.00,紫林金牌陈醋3年500ml,6922165900787
428,11,调料,88.00,119.90,紫林金牌老陈醋5年500ml,6922165900770
431,17,乳制品,1105.00,1326.00,纯甄PET原味酸奶,6923644284947
433,16,零食,136.00,148.80,华丰三鲜5连包,6901715291247
434,32,零食,390.40,448.00,华丰油泼辣子5连包,6901715292527
435,1,零食,3.70,4.30,华丰油泼辣子碗装,6901715292541
436,79,零食,2370.00,3002.00,精品冻干即溶咖啡粉,6931051900893
438,41,乳制品,1004.50,1168.50,咖啡大师燕麦奶1升,6974613130109
439,88,乳制品,704.00,871.20,咖啡大师燕麦奶250ml,6974613130055
440,12,乳制品,552.00,660.00,咖啡大师燕麦奶6连包,6974613130383
442,13,零食,162.50,179.40,康师傅5连包麻辣牛肉,6921774286305
443,59,零食,737.50,814.20,康师傅5连包香菇炖鸡,6921774271622
444,10,零食,125.00,138.00,康师傅5连包香辣牛肉,6921774271547
445,8,零食,112.00,130.40,康师傅果香蓝莓三联375g,6919892634603
446,3,零食,40.50,48.00,康师傅妙芙巧克力蛋糕192g,6920731700205
447,3,零食,40.50,48.00,康师傅妙芙香芋蛋糕192g,6920731703305
448,16,零食,224.00,260.80,康师傅苏打夹心奶油三联375g,6919892634108
449,29,零食,406.00,472.70,康师傅苏打三联香草375g,6919892634306
459,46,乳制品,2438.00,3128.00,蒙牛特仑苏低脂250ml*12,6923644232658
461,3,鸡蛋,35.40,42.90,牧童红心咸鸭蛋6枚,6931303688579
463,48,乳制品,384.00,475.20,巧克力味燕麦奶250ml,6974613130086
465,7,鸡蛋,84.70,103.60,秦巴山鹌鹑蛋24枚,6943036809015
466,20,鸡蛋,446.00,516.00,秦巴山包泥松花蛋9枚,6957335216016
467,7,鸡蛋,469.00,553.00,秦巴山土鸡蛋36枚,6943036812046
468,28,鸡蛋,532.00,666.40,秦巴山五香变蛋6枚,6957335207168
470,17,零食,268.60,331.50,思郎无糖消化饼570g,6923250611281
471,22,零食,347.60,429.00,思朗纤麸黑芝麻饼570g,6923250611267
473,36,乳制品,2340.00,2808.00,特仑苏有机奶,6923644295844
475,33,零食,392.70,491.70,星巴克黑咖啡270ml,6970870270534
476,8,零食,64.00,79.20,星巴克焦香玛奇朵228ml,6970870270671
477,1,零食,8.00,9.90,星巴克经典浓郁228ml,6970870270657
478,24,零食,228.00,276.00,星巴克拿铁咖啡270ml,6970870270947
479,4,零食,58.00,70.40,星巴克星冰乐焦糖281ml,6970870270213
480,1,零食,14.50,17.60,星巴克星冰乐咖啡281ml,6970870270015
481,3,零食,43.50,52.80,星巴克星冰乐香草281ml,6970870270152
482,3,零食,28.50,34.50,星巴克芝士奶香拿铁270ml,6970870270961
484,8,乳制品,64.00,79.20,原味醇香燕麦奶250ml.,6974613130062
485,18,乳制品,828.00,990.00,原味醇香燕麦奶6连包,6974613130314
488,17,大米,1054.00,1358.30,十月稻田生态稻香米5kg,6953721703580
498,58,食用油,5423.00,6351.00,长安花高原小粒菜籽油5L,6933664901038
501,8,零食,108.00,150.40,aji蛋黄流心酥220g,4894375022547
502,5,零食,50.00,67.50,aji-酵母咸盐苏打饼简易装472.5g,4713507008337
503,10,零食,135.00,188.00,aji榴莲流心酥220g,4894375022530
504,1,零食,9.50,13.00,EGO灌心饼干草莓180g,029173092964
505,5,零食,47.50,65.00,EGO灌心饼干哈密瓜180g,029173094241
506,1,零食,9.50,13.00,EGO灌心饼干巧克力180g,029173092957
507,1,零食,8.00,11.50,EGO小鱼图形饼干海苔140g,029173093343
508,2,零食,16.00,23.00,EGO小鱼图形饼干奶酪140g,029173093329
509,1,零食,8.00,11.50,EGO小鱼图形饼干烧鸡140g,029173093336
510,7,零食,66.50,91.00,EGO益果智力动物饼干100g,029173093145
511,20,零食,800.00,1020.00,G7袋装咖啡800g,8935024149669
513,5,饮料,50.00,70.00,G7美式萃取黑咖啡30g,8935024140147
514,18,饮料,180.00,252.00,G7三合一咖啡160g,8935024141342
515,19,饮料,190.00,266.00,G7榛子咖啡108g,8935024141847
516,10,饮料,390.00,520.00,ZEK蜂蜜百香果柚子茶1kg,8807920893475
518,9,零食,351.00,459.00,ZEK蜂蜜柚子茶1kg,8809420330696
519,15,零食,405.00,525.00,ZEK蜂蜜柚子茶580g,8809420330740
520,32,零食,349.44,476.80,ZEK-玉米鳕鱼肠105g,8809420330641
521,52,零食,567.84,774.80,ZEK芝士鳕鱼肠105g袋装,8804007413540
522,16,零食,424.00,544.00,阿华田速溶豆浆粉420g,7612100500033
523,3,零食,75.60,102.00,阿华田芝麻豆浆粉403g,7612100063835
524,2,零食,34.00,46.00,阿孔特威化饼干202g,4600648566720
526,6,乳制品,570.00,756.00,澳牧儿童牛奶200ml*12,9315090201758
535,6,乳制品,570.00,756.00,澳牧风味酸奶200ml*10,4100910903203
536,1,乳制品,95.00,126.00,澳牧全脂纯奶250ml*10,9315090210507
538,85,饮料,1173.00,1657.50,芭提娅橙汁1L,8854761240111
539,12,饮料,177.60,246.00,芭提娅柑橘果汁1L,8854761000111
540,130,饮料,1794.00,2535.00,芭提娅红葡萄果汁1L,8854761010110
541,89,饮料,1228.20,1735.50,芭提娅蓝莓汁1L,8854761330119
542,101,饮料,1393.80,1969.50,芭提娅荔枝1L,8854761150113
543,141,饮料,1945.80,2749.50,芭提娅芒果1L,8854761170111
544,2,饮料,27.60,39.00,芭提娅石榴汁1L,8854761350117
545,51,饮料,703.80,994.50,芭提娅桃芒果汁1L,8854761070114
546,45,饮料,621.00,877.50,芭提娅柚子汁1L,8854761060115
548,48,零食,504.00,657.60,百朵怡意面2号直面500g,8006222600013
549,39,零食,409.50,534.30,百朵怡意面3号直面500g,8006222600037
550,9,零食,94.50,130.50,百果山黑糖杨梅200g,4718287594247
551,2,零食,21.00,29.00,百果山话梅皇120g,4718287594308
552,19,零食,199.50,275.50,百果山蓝莓李果200g,4718287594209
553,10,零食,120.00,165.00,百果山芒果干120g,4718287594568
554,7,零食,73.50,101.50,百果山盐津陈皮160g,4718287594520
556,12,乳制品,144.00,187.20,德亚低脂牛奶1L,4260290260027
557,9,乳制品,432.00,540.00,德亚低脂牛奶200ml*12,4260290262267
558,3,乳制品,144.00,180.00,德亚全脂牛奶提装,4260290260041
559,14,乳制品,770.00,994.00,德亚酸奶200ml*10,4260290262274
560,9,乳制品,108.00,140.40,德亚脱脂牛奶1L,4260290260034
561,3,乳制品,144.00,180.00,德亚脱脂牛奶提装,4260290263042
562,7,乳制品,385.00,483.00,德亚有机低脂奶提装,4260290264636
563,6,乳制品,339.00,474.00,德亚有机全脂高钙奶提装,4260290265190
564,3,乳制品,169.50,237.00,德亚有机脱脂高钙奶提装,4260290265206
573,16,乳制品,1040.00,1376.00,德运调制乳粉1kg,9300639602967
574,27,乳制品,283.50,367.20,德运脱脂牛奶1l,9300639400013
575,18,乳制品,1170.00,1548.00,德运脱脂乳粉1kg,9300639999005
577,5,饮料,165.00,225.00,都乐芒果复合果汁496ml,8809069306489
578,1,饮料,33.00,45.00,都乐桃子果汁496ml,8809654955146
580,4,零食,45.60,64.00,多良见蛋之果400g,4897044644392
581,17,零食,193.80,272.00,多良见水泡饼400g,4897044644613
582,1,零食,14.00,19.50,多良见铜锣烧红豆240g,4897044644293
584,124,饮料,806.00,1091.20,法国矿泉水青柠330ml,3179730010560
585,36,饮料,234.00,316.80,法国天然矿泉水330ml,3179730010041
587,9,零食,72.00,104.40,番薯青年倒蒸地瓜干150g,6954003201312
588,13,零食,162.50,223.60,番薯青年倒蒸地瓜干280g,6954003201107
589,2,零食,12.00,15.60,番薯青年地瓜干100g,6954003200612
590,13,零食,58.50,84.50,番薯青年水晶紫薯仔150g,6954003201305
591,2,零食,22.00,35.60,菲思图乳酪味薯片160g,9556023220952
592,3,零食,33.00,53.40,菲思图烧烤味薯片160g,9556023220945
593,10,零食,110.00,178.00,菲思图香辣味薯片160g,9556023220969
594,1,零食,11.00,17.80,菲思图原味薯片160g,9556023220921
596,9,饮料,99.00,148.50,芬特乐苹果汁1L,5290074002245
597,2,饮料,22.00,33.00,芬特乐葡萄汁1L,5290074002450
599,3,零食,56.16,75.00,福多提拉米苏蛋糕432g,9556023875985
600,5,零食,93.60,125.00,福多香兰味蛋糕432kg,9556023552138
602,58,乳制品,620.60,788.80,甘蒂牧场部分脱脂牛奶1L,4100290007089
611,3,乳制品,123.00,159.00,甘蒂牧场部分脱脂牛奶提装,4100290002756
612,24,乳制品,120.00,165.60,甘蒂牧场巧克力牛奶200ml,5711953044366
613,2,乳制品,24.00,31.20,甘蒂牧场全脂牛奶1L,4100290007096
614,15,乳制品,160.50,204.00,甘蒂牧场脱脂牛奶1L,4100290007072
616,1,零食,22.00,32.00,港式陈皮梅380g,4897025880696
617,2,零食,44.00,64.00,古法柠檬梅380g,4897025883499
618,5,零食,77.50,105.00,谷优谷物饼干酸奶夹心220g,8410376044775
619,10,零食,130.00,175.00,谷优无糖曲奇150g,8410376052893
620,13,零食,156.00,208.00,谷优燕麦饼干玉米265g,8410376039375
622,6,饮料,90.00,144.00,果满乐椰子水1L,8850161230264
624,7,零食,58.10,73.50,果子町-苏打饼干黑芝麻味360g,4713507019135
625,1,零食,8.30,10.50,果子町-苏打饼干奶盐味360g,4713507011535
626,3,零食,24.90,31.50,果子町-苏打饼干香葱味360g,4713507019128
627,1,零食,8.30,10.50,果子町-苏打饼干芝麻味360g,4713507011528
629,48,饮料,288.00,398.40,含气圣培露,8002270000225
630,12,饮料,432.00,600.00,虎标黑苦荞茶196g,4897031350015
631,1,饮料,18.00,25.00,虎标苦荞茶196g,4897031350008
633,230,副食,5865.00,7590.00,浣春风刀削面900g,4712968860102
634,348,副食,8874.00,11484.00,浣春风关庙宽面1200g,4712968860096
635,336,副食,8568.00,11088.00,浣春风关庙拉面1200g,4712968860089
637,21,零食,556.92,688.80,获爱怡混装华夫饼干400g,4002652000717
638,39,零食,370.50,542.10,胶圆堂阿胶黑芝麻丸108g,6974459960120
639,1,零食,9.50,13.90,胶圆堂黑芝麻丸108g,6974459960137
640,10,零食,168.00,236.00,胶圆堂黑芝麻丸126g,6974459960076
649,15,零食,165.00,219.00,酵母手撕面包蛋奶味338g,4894375011008
650,6,零食,66.00,87.60,酵母手撕面包原味338g,4894375010995
651,7,零食,54.60,80.50,杰克牛奶威化饼干100g,9556023564599
652,6,零食,46.80,69.00,杰克威化饼干花生100g,9556023788735
653,11,零食,85.80,126.50,杰克威化饼干巧克力100g,9556023453480
654,10,零食,160.00,226.00,今治轻烘焙咖啡粉三合一120g,6959629805524
655,3,零食,48.00,67.98,今治轻烘焙速溶咖啡粉36g,6959629805463
656,7,零食,40.60,55.30,今治轻烘焙速溶咖啡粉杯装22g,6959629805395
657,8,零食,128.00,180.80,今治深烘焙咖啡粉三合一120g,6959629805548
658,1,零食,16.00,22.66,今治深烘焙速溶咖啡粉36g,6959629805487
659,16,零食,256.00,361.60,今治中烘焙咖啡粉三合一120g,6959629805531
661,8,饮料,440.00,632.00,金罐咖啡粉250g,8002650008087
663,12,零食,216.00,288.00,金语虾肉鱼肠300g,9588552322494
664,2,零食,36.00,48.00,金语鳕鱼肠原味300g,9588552322296
665,7,零食,126.00,168.00,金语鳕鱼肠芝士300g,9588552322302
667,9,副食,396.00,522.00,卡乐比低糖麦片450g,4901330743826
668,8,副食,352.00,464.00,卡乐比水果麦片500g,4901330742386
670,6,零食,78.00,108.00,可意奇全麦松脆饼原味250g,8008620080244
671,4,零食,51.20,79.20,可意奇全麦苏打饼干250g,8008620009337
672,9,零食,115.20,178.20,可意奇原味苏打饼干250g,8008620009320
673,28,零食,616.00,862.40,克特多70可可黑巧克力100g,7622400006753
674,29,零食,754.00,1058.50,克特多黑巧克力150g,5410081201848
675,6,零食,330.00,468.00,克特多片装黑巧克力240g,7622200002290
676,3,零食,165.00,234.00,克特多片装牛奶巧克力240g,5410081206201
677,8,零食,184.00,257.60,克特多真味纯可可黑巧克力100g,7622400013935
687,14,乳制品,1092.00,1526.00,美力源全脂羊奶粉400g,6955801112596
689,7,零食,154.00,224.00,柠檬嘉应子380g,4897025880689
690,7,零食,49.00,65.10,牛奶棒棒饼干170g,4712832449983
691,24,零食,768.00,1056.00,牛肉粒沙爹200g,4897025882591
692,28,零食,896.00,1232.00,牛肉粒香辣200g,4897025882539
693,16,零食,512.00,704.00,牛肉粒原味200g,4897025882546
694,34,零食,901.68,1115.20,诺帕丽汉斯星期五曲奇饼干400g,4002652000748
695,31,零食,651.00,1041.60,巧美黑巧克力酱250g,5410291012760
696,16,零食,336.00,537.60,巧美榛仁巧克力酱250g,5410291012753
698,8,饮料,34.40,38.40,屈臣氏苏打水330ml,6920180209601
700,111,零食,1498.50,1942.50,瑞士三角白巧克力100g,7614500010310
701,36,零食,486.00,630.00,瑞士三角黑巧克力100g,7614500010617
702,14,零食,217.00,308.00,瑞特滋扁桃仁牛奶巧克力100g,4000417703002
703,51,零食,867.00,1377.00,瑞特滋加纳浓醇黑巧克力100g,4000417938008
705,24,饮料,408.00,648.00,瑞特滋秘鲁浓醇黑巧克力100g,4000417933003
707,68,零食,1156.00,1836.00,瑞特滋尼加拉瓜浓醇黑巧克力100g,4000417932006
708,1,零食,14.50,22.00,瑞特滋牛奶巧克力100g,4000417021007
709,4,零食,58.00,88.00,瑞特滋葡萄干榛子巧克力100g,4000417022004
710,8,零食,272.00,384.00,圣贵兰经典黑咖啡100g,8002650002177
711,8,零食,192.00,276.00,手撕牛肉干XO酱100g,4712883839818
712,9,零食,216.00,310.50,手撕牛肉干沙爹100g,4712883839832
713,9,零食,216.00,310.50,手撕牛肉干五香100g,4712883839825
714,2,零食,48.00,69.00,手撕牛肉干香辣100g,4712883839849
716,10,饮料,43.00,58.00,泰国含汽泰象325ml,8851994612012
725,9,饮料,387.00,585.00,特醇香浓咖啡粉250g,8002650000906
726,23,饮料,1725.00,2737.00,特醇香浓型咖啡豆500g,8002650000807
728,15,副食,285.00,420.00,威拿速溶麦片500g,8934683007235
730,1,零食,13.00,20.80,维趣多葡萄干燕麦饼干225g,8032755323778
731,11,零食,121.00,195.80,维趣多全麦饼干225g,8032755323730
732,10,零食,110.00,178.00,维趣多糖花饼干225g,8032755323723
733,5,零食,65.00,104.00,维趣多燕麦饼干225g,8032755323761
734,61,零食,854.00,1134.60,贤惠娘子虎皮凤爪160g麻辣,4712883837876
735,2,零食,16.00,24.00,贤惠娘子葡萄梅子陈皮味60g,4712883834264
736,25,零食,250.00,350.00,香蕉片原味100g,4806531360028
737,10,零食,135.00,189.00,萱萱麻辣牛肉95g,4897025889453
738,9,零食,121.50,170.10,萱萱烧烤牛肉95g,4897025889460
739,8,零食,80.00,108.00,燕麦苏打饼干,4713507023538
741,54,饮料,324.00,448.20,意大利普娜矿泉水250ml,8002270018459
742,12,饮料,708.00,1068.00,意式浓缩咖啡粉250g,8002650000296
744,1,零食,8.00,11.50,御之味海盐饼干黄油206g,4716076571745
745,5,零食,40.00,57.50,御之味海盐饼干香葱206g,4716076571769
746,8,零食,68.00,96.00,御之味栗蓉饼干300g,4716076571462
747,15,零食,127.50,180.00,御之味起士饼干300g,4716076571455
748,4,零食,34.00,48.00,御之味乳酸菌饼干300g,4716076571479
749,7,零食,36.40,52.50,御之味特浓牛乳大饼,4712832449037
750,10,零食,105.00,150.00,御之味燕麦饼干抹茶300g,4716076571509
751,7,零食,73.50,105.00,御之味燕麦饼干水果300g,4716076571486
752,6,零食,63.00,90.00,御之味燕麦饼坚果300g,4716076571493
753,3,零食,120.00,162.00,泽合香浓白咖啡600g,9556854006039
754,20,零食,800.00,1080.00,泽合原味白咖啡600g,9556854006008
763,11,零食,68.64,96.80,张君雅鸡汁点心面100g,4710199085509
764,21,零食,131.04,184.80,张君雅鸡汁拉面110g,4710199037010
765,17,零食,106.08,149.60,张君雅酱烧虾拉面饼65g,4710199080597
766,9,零食,56.16,79.20,张君雅辣鸡点心面78g,4710199087701
767,18,零食,112.32,158.40,张君雅巧克力甜甜圈45g,4710199086506
768,2,零食,12.48,17.60,张君雅日式串烧丸子95g,4710199085707
769,9,零食,56.16,79.20,张君雅五香海苔丸子80g,4710199080566
770,20,零食,250.00,340.00,珍维滋可可奥咸牛轧420g,4897044643081
771,9,零食,85.50,108.00,茱蒂丝草莓蛋卷100g,9556121003976
772,1,零食,8.80,11.50,茱蒂丝花生三明治135g,9556121001859
773,4,零食,132.00,174.00,茱蒂丝奶油苏打饼500g,9556121027149
774,2,零食,29.00,36.00,茱蒂丝柠檬夹心饼170g,9556121022496
775,20,零食,176.00,230.00,茱蒂丝起士三明治135g,9556121024025
776,20,零食,190.00,240.00,茱蒂丝巧克力蛋卷100g,9556121003884
777,4,零食,156.00,208.00,茱蒂丝三明治花生酱饼干540g,9556121027156
778,6,零食,234.00,312.00,茱蒂丝三明治乳酪饼干504g,9556121027163
779,9,零食,355.50,468.00,茱蒂丝什锦饼干650g,9556121009688
782,20,副食,880.00,1100.00,阿尔发果蔬麦片720g,6913405662855
784,20,零食,460.00,598.00,阿尔发零卡糖250g,6913405663777
785,14,零食,168.00,217.00,阿尔发全麦饼干360g,6913405660530
786,1,零食,12.00,15.60,阿尔发苏打饼干458g,6913405760681
787,6,零食,120.00,150.00,阿尔法木糖醇桃酥黑芝麻420g,6913405663524
788,14,零食,280.00,361.20,阿尔法木糖醇桃酥黎麦420g,6913405663517
789,7,零食,112.00,139.30,阿尔法木糖醇杂粮脆饼苦荞200g,6913405663579
790,2,零食,32.00,39.80,阿尔法木糖醇杂粮脆饼玉米200g,6913405663562
791,3,零食,45.00,59.70,爱时乐夹心棒草莓150g,8996001356500
792,32,零食,480.00,636.80,爱时乐夹心棒巧克力150g,8996001356326
802,5,冻货,150.00,185.00,白蕉海鲈鱼500g,6971893820010
804,7,零食,154.00,197.40,百年传奇无骨凤爪滕椒100g,6939730799882
805,15,零食,330.00,423.00,百年传奇无骨凤爪鲜辣100g,6939730799967
806,9,零食,198.00,253.80,百年传奇无骨鸭掌爆辣100g,6939730775640
808,393,冻货,15327.00,17645.70,北极甜虾500g,0101020211016
810,24,零食,528.00,669.60,蹦乐乐坚果酥海苔66g,4897038895472
811,10,零食,220.00,279.00,蹦乐乐坚果酥原味66g,4897038895465
812,6,零食,48.00,59.40,蹦乐乐葡萄梅子陈皮味35g,4897038895724
813,14,零食,112.00,138.60,蹦乐乐葡萄梅子原味35g,4897038895731
814,25,零食,650.00,820.00,蹦乐乐夏威夷果仁芥末60g,4897038895908
815,10,零食,260.00,328.00,蹦乐乐夏威夷果仁咸蛋黄60g,4897038895915
816,31,零食,604.50,759.50,蹦乐乐腰果白桃43g,4897038895762
817,26,零食,507.00,637.00,蹦乐乐腰果咸蛋黄43g,4897038895779
819,72,冻货,2016.00,2577.60,草小鸡鸡翅根700g,6943890900620
820,376,冻货,20304.00,25004.00,草小鸡鸡翅中700g,6943890900613
821,1,冻货,31.50,39.00,草小鸡鸡腿1kg,6943890900477
822,130,冻货,3445.00,4498.00,草小鸡鸡胸肉700g,6943890900637
823,440,冻货,14520.00,17160.00,草原宜品牛肉片380g,6943890900385
824,327,冻货,10791.00,12753.00,草原宜品羊肉片380g,6943890900392
826,5,零食,30.00,39.00,潮巴爷小米锅巴孜然160g,6922665300780
828,254,冻货,6858.00,8610.60,潮香村西冷牛排130g,6947773606388
829,227,冻货,6129.00,7695.30,潮香村整切眼肉牛排130g,6947773606395
839,2,零食,20.00,25.00,成央记老椰汁336ml,6972698570100
840,2,零食,14.00,18.00,脆升升杯装原味薯条50g,6937439920019
841,1,零食,9.86,12.80,脆升升川椒薯条100g,6937439916555
842,10,零食,100.00,128.00,脆升升番茄薯条100g,6937439915084
843,15,零食,147.90,192.00,脆升升海盐柠檬薯条100g,6937439915299
844,17,零食,170.00,217.60,脆升升黑胡椒薯条100g,6937439915121
845,5,零食,50.00,64.00,脆升升烧烤味薯条100g,6937439915145
846,3,零食,29.58,38.40,脆升升益生菌薯条100g,6937439914476
847,3,零食,30.00,38.40,脆升升原味薯条100g,6937439914988
849,300,冻货,4200.00,5550.00,大用鸡米花400g,6973669043081
850,582,冻货,8148.00,10185.00,大用金甲鸡柳400g,6973669041100
851,258,冻货,3612.00,4515.00,大用狮子头400g,6924750000995
853,16,零食,1032.00,1262.40,丹麦皇冠曲奇454g罐装,8886001012295
854,17,零食,1581.00,1955.00,丹麦皇冠曲奇750g,8996001303832
855,34,零食,782.00,986.00,福财核桃仁130g,6926507202591
856,16,零食,912.00,1136.00,福财记巴旦木450g,6926507201945
857,19,零食,627.00,798.00,福财记每日坚果174g,6926507203116
858,271,零食,1219.50,1463.40,福财记每日坚果25g,6926507202836
859,8,零食,300.00,384.00,福财记奶油葡萄干660g,6926507201594
860,41,零食,902.00,1127.50,福财记手剥大瓜子218g,6926507202379
861,9,零食,423.00,522.00,福财记手剥大瓜子900g,6926507202423
862,40,零食,1880.00,2352.00,福财记手剥大花生800g,6926507204991
863,6,零食,105.00,132.00,福财记五香蒸西瓜子380g,6926507299881
864,16,零食,448.00,560.00,福财每日坚果168g,6926507202300
866,52,副食,832.00,1029.60,桂柳螺狮粉400g,6970228680121
868,218,冻货,28340.00,34880.00,国产青虾1.4kg,6934624370680
877,8,冻货,120.00,144.00,海欣龙虾球120g,6920732113196
878,16,冻货,240.00,288.00,海欣撒尿牛肉丸120g,6920732115237
879,12,冻货,180.00,216.00,海欣蟹膏宝120g,6920732113165
880,7,冻货,105.00,126.00,海欣蟹味棒130g,6920732115244
881,4,冻货,94.00,116.00,海欣优选火锅包385g,6920732131244
882,9,冻货,130.50,162.00,海欣芝士宝120g,6920732113103
883,1,冻货,50.00,61.00,海之榕鲍鱼1,6971194100019
884,8,冻货,100.00,134.40,耗黄叉烧包300g,6973382093530
885,392,冻货,12936.00,16699.20,恒都板腱牛肉片200g,6954808610302
886,60,冻货,1050.00,1290.00,恒都儿童牛排2片装,6954808611156
887,60,冻货,1440.00,1788.00,恒都菲力牛排2片装,6954808611095
888,100,冻货,4700.00,5880.00,恒都谷饲牛腱子500g,6954808607234
889,65,冻货,1137.50,1397.50,恒都黑椒牛排2片装,6954808613334
890,60,冻货,1440.00,1788.00,恒都秘制牛排2片装,6954808611118
891,135,冻货,4725.00,6156.00,恒都牛肉馅500g,6954808603281
892,330,冻货,10890.00,14058.00,恒都上脑牛肉片200g,6954808610319
893,241,冻货,7953.00,10266.60,恒都涮烤牛肉片280g,6954808612139
894,61,冻货,2013.00,2598.60,恒都涮烤羊肉片280g,6954808612146
895,155,冻货,5890.00,7362.50,恒都原切牛腩块500g,6954808612351
896,15,冻货,3450.00,3870.00,红爪大对虾450g,6974622050009
898,5,零食,62.50,82.50,宏途山药片海苔180g,6957666000667
899,14,零食,147.00,203.00,宏香记原切肉干五香味58g,6936001302925
900,4,零食,36.00,48.00,宏亚泰式榴莲椰浆蛋卷140g,4897045427802
901,14,零食,126.00,168.00,宏亚泰式原味椰浆蛋卷140g,4897045427772
902,29,零食,638.00,812.00,虎标冬瓜荷叶茶,4897031353603
903,41,零食,1148.00,1496.50,虎标冻干柠檬70g,4897031352385
904,12,零食,264.00,336.00,虎标红豆薏米芡实茶,4897031353597
905,35,零食,1015.00,1277.50,虎标皇菊40g,4897031352422
906,11,零食,308.00,401.50,虎标玫瑰花100g,4897031352446
915,14,零食,308.00,392.00,虎标胖大海菊花茶,4897031353610
916,71,零食,2059.00,2591.50,虎标胎菊70g,4897031352477
917,25,零食,262.50,320.00,皇冠曲奇巧克力腰果90g,8996001303740
919,14,冻货,448.00,546.00,皇上皇佳福腊肠300g,6972251252245
920,19,冻货,1482.00,1814.50,皇上皇五花腊肉500g,6972251252436
921,5,冻货,150.00,184.50,皇上皇湘味腊肉200g,6972251252733
922,1,冻货,35.00,43.00,皇上皇中华老字号400g,6972251252856
924,7,零食,112.00,139.30,黄瓜籽粉加钙无糖220g,6975035340053
925,17,零食,272.00,338.30,黄瓜籽份原味无糖220g,6975035340046
927,370,冻货,32190.00,36630.00,黄金鲍500g,6974622051433
928,1,冻货,32.00,39.90,焦香蜜汁肠260g袋,6970079710763
930,5,零食,42.50,57.50,金语奥尔良脆脆香80g,9588552315670
931,84,零食,1596.00,2058.00,金语碧根果130g,9588552312266
932,13,零食,156.00,208.00,金语葱香味蟹片,9588552322814
933,8,零食,116.00,144.00,金语蛋仔烧咸蛋黄258g,9588552329103
934,5,零食,72.50,90.00,金语蛋仔烧原味258g,9588552329110
935,4,零食,60.84,78.00,金语低糖黑米饼干356g,9588552334954
936,9,零食,136.89,175.50,金语低糖绿豆饼干356g,9588552334961
937,7,零食,102.41,133.00,金语龟苓膏果冻560g,9588552338389
938,41,零食,922.50,1189.00,金语海苔肉松130g,9588552302854
939,1,零食,19.00,24.50,金语加州开心果115g,9588552312273
940,28,零食,630.00,812.00,金语金枪鱼肉松130g,9588552302861
941,17,零食,204.00,272.00,金语龙虾片柠檬80g,9588552322821
942,30,零食,570.00,747.00,金语麦丽素168g,9588552305312
943,168,零食,3528.00,4620.00,金语沙琪玛南瓜子588g,9588552313980
944,72,零食,1152.00,1440.00,金语松塔165g,9588552305725
953,165,零食,1815.00,2475.00,金语酸奶涂层酸奶块草莓味45g,9588552334251
954,169,零食,1859.00,2535.00,金语涂层坚果酸奶块蓝莓味45g,9588552334268
955,171,零食,1881.00,2565.00,金语涂层坚果酸奶块榴莲味45g,9588552334244
956,240,零食,4560.00,5880.00,金语夏威夷果140g,9588552312259
957,1,零食,12.00,15.90,金语咸蛋无蔗糖苏打饼380g,9588552314123
958,193,零食,4246.00,5442.60,金语小圆饼干焦糖300g,9588552320360
959,63,零食,1386.00,1776.60,金语小圆饼原味300g,9588552319661
960,8,零食,152.00,196.00,金语腰果86g,9588552312280
962,508,冻货,19304.00,21844.00,精选墨鱼仔500g,0101020211015
963,9,冻货,279.00,341.10,九生堂臻选黒毛肚150g,6970010922910
965,32,零食,448.00,576.00,久久丫奥尔良小鸡腿108g,6952675340735
966,52,零食,665.60,858.00,久久丫鸡翅尖118g,6952675340810
967,30,零食,384.00,495.00,久久丫甜辣鸭翅142g,6952675329938
968,8,零食,152.00,188.00,久久丫香辣鸭肫136g,6952675329921
969,87,零食,2262.00,2766.60,久久丫鸭舌70g,6952675321123
970,59,零食,767.00,955.80,久久鸭脖辣110g,6952675319915
971,72,零食,936.00,1166.40,久久鸭脖微辣110g,6952675311315
972,25,零食,625.00,825.00,可比可巴厘岛佛洛雷斯咖啡20条装,6953042701548
973,24,零食,600.00,792.00,可比可巴厘岛火山咖啡20条装,6953042701531
974,7,零食,175.00,231.00,可比可苏门答腊火山咖啡20条装,6953042701524
975,35,零食,490.00,626.50,拉面说番茄豚骨面158g,6970631040109
976,10,零食,140.00,179.00,拉面说金汤肥牛拉面158g,6970631040123
978,9,冻货,693.00,792.00,蓝雪阿根廷红虾500g,6970525359683
979,9,冻货,1080.00,1242.00,蓝雪阿根廷红虾生凤尾500g,6970525359362
980,1,冻货,43.00,49.80,蓝雪巴沙鱼柳680g,6970525359997
981,3,冻货,405.00,474.00,蓝雪青虾仁1kg,6970525356309
982,2,冻货,260.00,296.00,蓝雪三文鱼扒850g,6970525356118
992,35,零食,525.00,682.50,老爷爷铁板鱿鱼烧烤88g,6975048660827
993,31,零食,465.00,604.50,老爷爷铁板鱿鱼香辣88g,6975048660810
994,20,零食,240.00,310.00,力诚三文鱼肠原味150g,6941174499617
995,6,零食,52.80,64.80,力诚蟹柳辣味92g,6941174497156
996,16,零食,140.80,172.80,力诚蟹柳原味92g,6941174497149
997,32,零食,1264.00,1568.00,力诚鳕鱼肠原味350g,6941174497026
998,29,零食,1145.50,1421.00,力诚鳕鱼肠芝士350g,6941174497033
999,56,零食,392.00,498.40,栗栗家板栗仁50g,6975475660254
1001,728,冻货,32032.00,38584.00,柳伍麻辣小龙虾700g,6975235721362
1002,29,冻货,2871.00,3741.00,绿环真空大虾仁700g,6975471520019
1004,2,零食,22.00,29.00,马马妈布丁草莓味320g,4897045430383
1005,3,零食,33.00,43.50,马马妈布丁香草味320g,4897045430390
1006,9,零食,99.00,134.10,马马妈佛罗伦丹坚果松饼256g,6975287200266
1007,2,零食,22.00,29.00,马马妈泡椒魔芋爽140g,6957258516224
1008,37,零食,370.00,499.50,马马妈酸辣海带结200g,6957258513933
1009,26,零食,234.00,312.00,马马妈酸辣海带魔芋爽120g,6975287200358
1010,1,零食,14.50,18.50,马马妈香葱无糖饼干368g,6975287200747
1011,60,零食,600.00,810.00,马马妈香辣海带结200g,6957258513940
1012,41,零食,369.00,492.00,马马妈香辣海带魔芋爽120g,6975287200365
1013,24,零食,216.00,288.00,马马妈香辣莲藕118g,6957258516156
1014,7,零食,77.00,101.50,马马妈香辣魔芋爽140g,6957258516231
1015,12,零食,120.00,162.00,马马妈香辣柠檬鱼70g,6957258517108
1016,2,零食,20.00,27.00,马马妈香辣秋刀鱼70g,6957258517115
1017,26,零食,312.00,403.00,马马妈孜香牛板筋65g,6975287200037
1018,5,零食,37.50,47.50,莫小仙酸辣粉138g,6958770001403
1020,140,副食,1540.00,1946.00,莫小仙自热火锅麻辣烫260g,6958770002028
1029,11,副食,121.00,152.90,莫小仙自热火锅毛血旺340g,6958770001878
1030,44,副食,1012.00,1179.20,南方黑芝麻糊600g,6901333110524
1032,35,零食,840.00,1050.00,南方黑芝麻糊AD钙480g,6901333980196
1034,7,副食,161.00,187.60,南方无糖黑芝麻糊480g.,6901333212112
1036,93,冻货,12090.00,13764.00,南海大对虾400g,6974622051075
1038,56,零食,2296.00,2794.40,牛奶榛子巧克力威化250g,4014400924268
1039,26,零食,2860.00,3588.00,牛奶榛子巧克力威化600g,4014400470055
1040,2,零食,49.00,60.00,如约夹笋豆脯卤香270g,6974856040098
1041,4,零食,72.00,95.20,赛味馆福果日本豆+鱼皮花生280g,4897038890965
1042,17,零食,263.50,331.50,赛味馆果冻白桃280g,4897038894598
1043,6,零食,84.00,106.80,赛味馆海苔卷肉松100g,4897038892310
1044,1,零食,14.00,17.80,赛味馆海苔卷咸蛋黄100g,4897038892327
1045,7,零食,84.00,105.00,赛味馆海苔天妇罗墨西哥辣味45g,4897038892365
1046,1,零食,12.00,15.00,赛味馆海苔天妇罗咸蛋黄45g,4897038892372
1048,21,冻货,871.50,1047.90,三去珍珠石斑鱼451g,6974259420367
1049,18,冻货,693.00,891.00,叁宝呼伦贝尔鲜羊肉串（大）10串,6975086650040
1050,8,冻货,308.00,396.00,叁宝呼伦贝尔鲜羊肉串（小）15串,6975086650033
1051,11,冻货,528.00,682.00,叁宝精品羊排肉串10串,6975086650057
1052,10,冻货,300.00,395.00,叁宝烤鱿鱼50串,6975086650293
1053,18,冻货,126.00,171.00,叁宝烤鱼豆腐5串,6975086650316
1054,34,冻货,680.00,901.00,叁宝秘制鸡翅中香辣3串,6975086650071
1055,16,冻货,592.00,768.00,叁宝秘制鸡脆骨10串,6975086650064
1056,14,冻货,301.00,399.00,叁宝秘制小郡肝15串,6975086650095
1057,11,冻货,148.50,200.20,叁宝面筋小串40串,6975086650323
1058,12,冻货,366.00,474.00,叁宝秦川黄牛牛排肉筋大串10串,6975086650019
1067,10,冻货,375.00,485.00,叁宝秦川黄牛鲜肉串25串,6975086650026
1068,8,冻货,96.00,126.40,叁宝玉米粒（小串）30串,6975086650309
1070,19,零食,129.20,167.20,莎布蕾薄脆饼干番茄113g,6972914150758
1071,20,零食,136.00,176.00,莎布蕾薄脆饼干海苔113g,6972914150765
1072,12,零食,81.60,105.60,莎布蕾薄脆饼干黑椒113g,6972914150772
1073,7,零食,47.60,61.60,莎布蕾薄脆饼干柚子113g,6972914150789
1074,3,零食,22.50,30.00,莎布蕾曲奇蛋奶椰蓉70g,6972914150321
1075,22,零食,165.00,220.00,莎布蕾曲奇芒果蔓越莓70g,6972914150314
1076,2,零食,92.00,117.00,山姆农场蜂蜜杏仁250g,8809022200885
1077,8,零食,116.00,148.00,膳源泽纯西梅80g,6971657870893
1078,11,零食,159.50,203.50,膳源泽倒蒸甘薯条180g,6971657870343
1080,119,冻货,1999.20,2368.10,深海日记脆口须200g,6959540371092
1081,125,冻货,6500.00,7487.50,深海日记大西洋三文鱼200g,6959540361406
1082,238,冻货,6188.00,7116.20,深海日记国产翡翠白虾300g,6959540362274
1083,1,冻货,103.00,118.00,深海日记南极银鳕鱼块150g,6959540368115
1084,153,冻货,6548.40,7634.70,深海日记三文鱼扒200g,6959540361321
1085,7,冻货,129.50,153.30,深海日记速冻生蚝肉200g,6959540364063
1086,2,冻货,34.00,39.80,深海日记鱿鱼花200g,6959540371030
1088,7,零食,45.50,58.10,手工花椒锅巴爆辣158g,6971426300491
1089,4,零食,26.00,33.20,手工花椒锅巴麻辣158g,6971426300477
1091,183,冻货,3385.50,4575.00,蜀海筷子牛肉150g,6972605230073
1092,18,冻货,234.00,315.00,蜀海麻辣鸡胗150g,6972605230189
1093,188,冻货,3196.00,4136.00,蜀海麻辣牛肉150g,6972605230059
1094,120,冻货,2040.00,2640.00,蜀海嫩滑滑牛150g,6972605230370
1095,7,冻货,245.00,304.50,苏榄眉鱼1,6974036910050
1105,45,副食,607.50,742.50,笋尖牛肉饭275g,6958770001816
1107,6,零食,64.80,83.40,台湾米饼蛋黄320g,4897076061167
1108,3,零食,32.40,41.70,台湾米饼芝士320g,4897076061181
1110,665,冻货,38570.00,44555.00,特大青虾仁500g,0101020211011
1111,521,冻货,26571.00,30478.50,特级鲳鱼500g,0101020211017
1112,760,冻货,19760.00,22800.00,特级大青虾500g,0101020211013
1114,6,零食,57.00,72.00,特鲜蔬菜薄饼300g,9555118659530
1115,138,零食,1380.00,1780.20,天幕城神氢泉360ml,6971992140019
1117,39,冻货,2106.00,2710.50,万顺老母鸡1.45kg,6943890900408
1118,4,冻货,152.00,194.40,万顺童子鸡700g,6943890900422
1119,4,冻货,168.00,216.00,万顺土鸡900g,6943890900415
1121,5,零食,55.00,69.00,维度米果蔬菜味228g,4897076062393
1122,2,零食,22.00,27.60,维度米果芝士味228g,4897076062850
1124,3,副食,49.50,63.00,维维维他型豆奶粉460g,6904432800440
1126,1,零食,3.50,4.50,卫龙魔芋香辣50g,6935284415650
1128,79,冻货,2528.00,3081.00,味尔佳黄花鱼,6948431109968
1130,11,副食,385.00,475.20,西澳坚果燕麦脆450g,6905014301263
1131,15,副食,525.00,648.00,西澳莓果燕麦脆450g,6905014301287
1132,16,副食,560.00,691.20,西澳水果燕麦脆450g,6905014301270
1133,82,副食,2173.00,2747.00,西麦核桃高钙燕麦片700g,6905014000548
1134,55,副食,1457.50,1842.50,西麦红枣高钙麦片700g,6905014000401
1143,68,副食,1802.00,2278.00,西麦无糖燕麦片700g,6905014186839
1144,10,副食,250.00,280.00,西麦燕麦片1.5kg,6905014081288
1146,25,零食,625.00,700.00,西麦燕麦片1kg,6905014000890
1148,23,副食,333.50,425.50,西麦燕麦片700g,6905014000876
1150,8,零食,552.00,692.00,西缜迷你牛肉干180g,6924947838899
1151,10,零食,1184.00,1480.00,西缜优选牛肉干300g,6924947828883
1152,21,零食,451.50,583.80,喜桂子油栗仁蜂蜜158g,6973768117188
1153,17,零食,365.50,472.60,喜桂子油栗仁原味158g,6973768111179
1155,1,副食,12.80,16.00,雅子番茄意面肉酱200g,6904555694315
1156,76,副食,1140.00,1444.00,雅子咖喱鸡肉微辣250g,6904555694292
1157,31,副食,465.00,589.00,雅子咖喱鸡肉中辣250g,6904555694308
1158,12,副食,186.00,228.00,雅子咖喱牛肉微辣250g,6904555694278
1159,67,副食,1038.50,1273.00,雅子咖喱牛肉中辣250g,6904555694285
1160,48,副食,480.00,576.00,雅子罗宋汤200g,6904555694339
1161,34,副食,435.20,544.00,雅子牛肉意面酱200g,6904555694322
1162,30,副食,300.00,360.00,雅子玉米浓汤200g,6904555694346
1163,13,副食,104.00,140.40,一乐拉面海鲜,4897095270052
1164,25,副食,200.00,270.00,一乐拉面牛肉,4897095270021
1166,495,冻货,11385.00,14107.50,伊明烤翅500g,6933190801000
1168,2,副食,32.00,41.00,永和减糖豆浆350g,6931500340706
1169,5,副食,80.00,102.50,永和甜豆浆350g,6931500340904
1170,1,副食,16.00,20.50,永和无糖豆浆350g,6931500341000
1172,374,冻货,6358.00,8153.20,渔之萃蟹柳棒,6930287100107
1182,87,零食,5568.00,6873.00,越南带皮腰果450g,6970480320292
1184,25,冻货,3000.00,3687.50,珍品堂即食海参180g,6944318900734
1185,1,冻货,60.00,69.90,正洋冻小龙虾尾450g,6970212432866
1187,81,零食,5427.00,6804.00,中敖风干牛肉250g,6948042400034
1188,29,零食,1624.00,2027.10,中敖手撕牛肉200g,6948042400027
1190,920,冻货,38180.00,44160.00,舟山带鱼1kg,0101020211012
1191,25,冻货,1525.00,1747.50,舟山去嘴去尾带鱼1kg,6970805096345
1193,1,副食,16.00,19.80,自然派虾片80g,6945309351917
1194,66,副食,1716.00,2098.80,自热火锅番茄牛腩350g,6958770001946
1195,77,副食,2002.00,2448.60,自热火锅麻辣嫩牛390g,6958770001939
1196,17,副食,289.00,367.20,自热火锅麻辣蔬菜250g,6958770001922
1198,3,冻货,96.00,119.70,尊乐牌烤肠260g袋,6970079710336
1201,130,饮料,481.00,585.00,阿华田麦芽乳可可特浓250ml,6906791583613
1202,64,饮料,236.80,288.00,阿华田麦芽乳麦香椰汁250ml,6906791584191
1204,54,副食,248.40,324.00,阿宽红油面皮麻酱105g,6926410337250
1205,11,副食,50.60,66.00,阿宽红油面皮麻辣105g,6926410337090
1206,43,副食,197.80,258.00,阿宽红油面皮酸辣105g,6926410320214
1207,59,副食,271.40,354.00,阿宽酸辣粉130g,6926410321501
1208,30,副食,138.00,180.00,阿宽重庆小面麻辣105g,6926410330954
1210,254,饮料,2032.00,2463.80,白葡萄茉莉电解制水500ml,6974197980084
1219,41,饮料,86.10,102.50,百事可乐,6936571950052
1220,49,饮料,161.70,205.80,冰峰酸梅汤310ml,6903004568658
1221,5,饮料,11.00,12.00,冰锋330ml,6903004568511
1222,25,饮料,87.50,112.50,大瑶橙汁500ml,6974800840286
1224,15,副食,240.00,312.00,到饭点卤肉饭271g,6971885311830
1225,6,副食,96.00,124.80,到饭点梅菜烧肉271g,6971885311892
1227,88,饮料,440.00,572.00,电解质水荔枝海盐500ml,6970399922365
1228,1850,饮料,7400.00,8880.00,东方树叶红茶480ml,6921168558025
1229,58,饮料,278.40,336.40,谷物玉米汁330ml,6974878230101
1230,207,饮料,952.20,1242.00,果子熟了茶憨憨冰桃茶500ml,6973497200199
1231,12,饮料,55.20,72.00,果子熟了茶憨憨凤梨茶500ml,6973497200212
1232,144,饮料,662.40,864.00,果子熟了茶憨憨葡萄茶500ml,6973497200205
1233,226,饮料,3051.00,3796.80,果子熟了炖梨汁1L,6973497200045
1234,273,饮料,3685.50,4586.40,果子熟了红枣炖山楂1L,6973497200052
1235,152,饮料,760.00,988.00,果子熟了柠檬茶草莓500ml,6973497200311
1236,86,饮料,430.00,559.00,果子熟了柠檬茶凤梨500ml,6973497200328
1237,16,饮料,80.00,104.00,果子熟了柠檬茶香橙500ml,6973497200298
1239,8,副食,45.60,60.00,海福盛番茄鸡蛋面70g,6941541006349
1240,88,副食,396.00,519.20,海福盛家常海鲜粥38g,6941541002068
1241,52,副食,234.00,306.80,海福盛精炖牛肉粥38g,6941541002099
1242,3,副食,17.10,22.50,海福盛牛肉面64g,6941541005236
1243,85,副食,382.50,501.50,海福盛排骨菌菇粥38g,6941541002129
1244,74,副食,333.00,436.60,海福盛皮蛋瘦肉粥37g,6941541005175
1245,36,副食,205.20,270.00,海福盛滕椒牛肉面70g,6941541002655
1247,12,饮料,86.40,105.60,汉口二厂凤梨275ml,6971501250505
1248,38,饮料,273.60,334.40,汉口二厂樱花蜜桃275ml,6971501250048
1257,13,饮料,65.00,78.00,华洋1982果汁汽水白桃358ml,6973782440347
1258,89,饮料,498.40,614.10,黄大玉米须无糖茶500ml,6972537681233
1259,4,饮料,51.20,59.60,汇源橙汁1L,6923555210455
1260,26,饮料,332.80,387.40,汇源苹果汁1L,6923555210462
1261,16,饮料,204.80,238.40,汇源葡萄汁1L,6923555210479
1262,40,饮料,512.00,596.00,汇源桃汁1L,6923555212749
1263,300,饮料,1170.00,1410.00,康师傅蜂蜜柚子1L,6944839956852
1264,2,饮料,5.00,6.00,康师傅绿茶550ml,6944839905164
1265,312,饮料,1216.80,1466.40,康师傅茉莉蜜茶1L,6944839991983
1266,227,饮料,885.30,1066.90,康师傅茉莉清茶1L,6944839992065
1267,25,饮料,52.50,62.50,可口可乐330ml,6954767410388
1268,555,饮料,4051.50,4884.00,可口可乐白桃乌龙乳茶400ml,6956416208124
1269,15,饮料,87.00,105.00,可口可乐纯粹美式300ml,6956416206328
1270,240,饮料,1392.00,1680.00,可口可乐金妃焦糖拿铁300ml,6956416206991
1271,81,饮料,469.80,567.00,可口可乐浓醇摩卡300ml.,6954767401874
1272,510,饮料,3723.00,4488.00,可口可乐葡萄茉莉乳茶400ml,6956416208148
1273,36,饮料,169.20,198.00,可漾红豆水500ml,6972863230136
1274,2,饮料,9.60,11.80,可漾红豆薏仁水500ml,6972863230105
1275,3,饮料,14.10,17.10,可漾绿豆水500ml,6972863230259
1276,37,饮料,259.00,366.30,乐可哈密瓜饮料290ml,8859546600098
1277,39,饮料,273.00,386.10,乐可芒果椰子饮料290ml,8855044006684
1279,103,副食,875.50,1287.50,炉诱花椒锅巴220g,6972779770016
1281,28,饮料,120.40,145.60,脉动0糖香水柠檬600ml,6902538008425
1282,1,饮料,4.30,5.20,脉动青柠味600ml,6902538004045
1283,8,饮料,34.40,41.60,脉动水蜜桃600ml,6902538005141
1284,47,饮料,202.10,244.40,脉动雪柚橘子600ml,6902538004052
1285,23,饮料,184.00,248.40,每日橄清玻璃瓶330ml,6974106600027
1286,840,饮料,1932.00,2520.00,名仁玫瑰苏打375ml,6938309713403
1295,154,饮料,354.20,462.00,名仁苏打水375ml,6938309700526
1296,95,饮料,218.50,285.00,名仁苏打水6个柠檬375ml,6938309700533
1297,151,饮料,981.50,1192.90,奈雪荔枝红茶500ml,6971196385179
1298,111,饮料,721.50,876.90,奈雪蜜桃乌龙茶500ml,6971196385070
1299,22,饮料,145.20,158.40,农夫NFC番石榴300ml,6921168595099
1300,46,饮料,138.00,169.74,农夫白桃苏打水410ml,6921168594993
1301,74,饮料,170.20,207.20,农夫茶π蜜桃乌龙茶250ml,6921168595167
1302,15,饮料,34.50,42.00,农夫茶π柠檬红茶250ml,6921168595143
1303,331,饮料,2250.80,2813.50,农夫打奶茶红茶300ml,6921168597123
1304,104,饮料,707.20,884.00,农夫打奶茶乌龙300ml,6921168597116
1305,18,饮料,54.00,66.42,农夫柠檬苏打水410ml,6921168595006
1306,27,饮料,32.40,43.20,农夫山泉380ml,6921168511280
1307,120,饮料,960.00,1188.00,农夫山泉炭仌拿铁270ml,6921168594733
1308,26,饮料,106.60,127.40,农夫水溶柠檬445ml,6921168500956
1309,34,饮料,139.40,166.60,农夫水溶西柚445ml,6921168500970
1310,71,饮料,951.40,1136.00,清谷草莓汁330ml,6936700600599
1311,88,饮料,1179.20,1408.00,清谷橙汁330ml,6936700600353
1312,22,饮料,294.80,352.00,清谷芒果汁330ml,6936700600247
1313,101,饮料,1353.40,1616.00,清谷猕猴桃汁330ml,6936700600391
1314,74,饮料,370.00,481.00,雀巢咖啡焦糖268ml,6917878054780
1315,480,饮料,2400.00,3120.00,雀巢咖啡摩卡268ml,6917878036847
1316,197,饮料,985.00,1280.50,雀巢咖啡拿铁268ml,6917878030623
1317,48,饮料,240.00,312.00,雀巢咖啡榛果268ml,6917878054766
1318,75,饮料,360.00,442.50,日本达亦多大麦茶600ml,4904910060320
1319,66,饮料,316.80,389.40,日本达亦多红茶无糖600ml,4904910060344
1320,1584,饮料,9504.00,11880.00,三得利高浓度无糖乌龙茶350ml,6972549660035
1321,264,饮料,1108.80,1320.00,三得利橘皮乌龙茶无糖,6972549660929
1322,167,饮料,684.70,801.60,三得利橘意乌龙茶500ml,6972549661254
1323,98,饮料,411.60,490.00,三得利茉莉清香微甜500ml,6972549660677
1324,90,饮料,378.00,450.00,三得利茉莉无糖原味500ml,6972549660905
1333,30,饮料,444.00,555.00,山楂树下无糖1.25L,6935498309561
1334,1,饮料,5.00,6.30,外星人电解质水白桃500ml,6970399927247
1335,61,饮料,488.00,603.90,望山楂300ml,6971836970055
1336,89,饮料,712.00,881.10,望桃花300ml,6971836970123
1337,194,饮料,1552.00,1920.60,望杏福300ml,6971836970086
1338,116,饮料,464.00,556.80,无糖碳酸可乐330ml,6954767422688
1340,52,副食,1456.00,1705.60,五芳斋绿豆糕伴手礼桂花,6941044008031
1341,147,副食,1764.00,2058.00,五芳斋蔓越莓绿豆糕,6941044012649
1342,135,副食,2025.00,2551.50,五芳斋真空豆沙粽,6907619667669
1343,225,副食,4230.00,5152.50,五芳斋真空栗子鲜肉粽,6907619663432
1345,4,饮料,26.00,31.60,喜茶地中海桃金凤果汁茶450ml,6974348720002
1346,23,饮料,149.50,181.70,喜茶双莓嫣红果汁茶450ml,6974348720132
1347,16,饮料,104.00,126.40,喜茶杨梅绿妍果汁茶450ml,6974348720392
1348,3,饮料,19.50,23.70,喜茶伊比西柚绿研果汁茶450ml,6974348720019
1349,35,饮料,73.50,87.50,雪碧330ml,6954767430386
1350,16,饮料,196.80,238.40,椰树牌椰汁1升,6901347884343
1351,41,饮料,143.50,172.20,银鹭黑米粥280g,6926892566087
1352,21,饮料,73.50,88.20,银鹭莲子玉米粥280g,6926892565080
1353,20,饮料,70.00,84.00,银鹭薏仁红豆粥280g,6926892567084
1354,222,饮料,932.40,1110.00,元気气泡水橘480ml,6970399920439
1355,169,饮料,709.80,845.00,元気气泡水桃480ml,6970399920415
1356,5,饮料,23.00,28.50,元気燃醇香乌龙茶500ml,6970399920118
1357,675,饮料,3105.00,3847.50,元気燃桃香乌龙茶500ml,6970399920132
1358,312,饮料,1435.20,1778.40,元気森林燃茶500ml,6975176782460
1359,76,饮料,319.20,380.00,元気森林夏黑葡萄480ml,6970399923096
1360,167,饮料,868.40,1052.10,元気纤茶桑椹五黑茶500ml,6975176780510
1361,263,饮料,1367.60,1656.90,元気纤茶玉米须茶500ml,6970399921092
1372,7,零食,91.00,118.30,M豆-花生牛奶巧克力豆100g,6914973601567
1373,17,零食,340.00,425.00,奥利奥原味饼干418g,6901668937032
1374,40,零食,340.00,472.00,百草味板栗仁80g,6948939602572
1375,14,零食,133.00,180.60,百草味黄桃干100g,6948939602381
1376,44,零食,431.20,567.60,百草味蔓越莓干100g,6948939608208
1377,14,零食,89.60,110.60,百醇红酒巧克力味,6901845041248
1378,12,零食,76.80,94.80,百醇抹茶慕斯味,6901845040968
1379,55,零食,352.00,434.50,百醇牛奶味,6901845040692
1380,17,零食,108.80,134.30,百醇巧克力味48g,6901845040685
1381,37,零食,236.80,292.30,百醇提拉米苏味48g,6901845040951
1382,40,零食,256.00,316.00,百醇榛仁巧克力味48g,6901845041712
1383,12,零食,122.40,152.40,百吉猫锅巴孜然300g,6923668390181
1384,6,零食,102.00,147.00,波力海苔原味24g,6918598028105
1385,12,零食,120.00,165.60,不二家果味棒棒糖女孩125g,6937451831256
1386,25,零食,325.00,422.50,脆香米牛奶120g,6914973200685
1388,3,蛋糕,84.48,96.00,蛋黄酥64g*4,6371251252
1390,19,零食,579.50,703.00,德芙士力架碗装460g,6914973206106
1391,23,零食,713.00,839.50,德芙香白巧碗装,6914973604278
1392,13,零食,403.00,474.50,德芙香浓黑巧碗装,6914973604230
1393,6,零食,252.00,276.00,德芙心语98g,6914973300828
1394,1,零食,13.50,16.90,德福祥八宝咸油茶400g,6931802400078
1395,23,零食,425.50,641.70,德福祥牛骨髓油茶680g,6931802400085
1396,7,零食,94.50,118.30,德福祥伍仁油茶400g,6931802400047
1397,29,零食,188.50,246.50,法丽滋黑巧克力曲奇115g,6947929617176
1398,7,零食,45.50,59.50,法丽滋抹茶慕斯曲奇115g,6947929617183
1399,23,零食,149.50,195.50,法丽滋香草柠檬曲奇115g,6947929617169
1400,243,零食,2016.90,2381.40,费列罗3粒装巧克力,80050278
1409,2,零食,280.00,338.00,费列罗巧克力32粒,8000500067567
1410,13,零食,395.20,518.70,海底捞脆爽牛肚火锅435g,6971284200063
1411,6,零食,182.40,239.40,海底捞番茄牛腩火锅365g,6971284200049
1412,2,零食,60.80,79.80,海底捞麻辣嫩牛火锅405g,6971284200001
1413,24,零食,660.00,837.60,海底捞香辣素食火锅400g,6971284200087
1414,8,零食,29.60,36.00,好多鱼鸡翅味34g,6920907808278
1415,21,零食,77.70,94.50,好多鱼烧烤味34g,6920907808179
1416,59,零食,236.00,312.70,好丽友能量棒40g,6920907816044
1417,4,零食,28.00,34.00,好丽友薯愿番茄104g,6920907809909
1418,19,零食,133.00,161.50,好丽友薯愿红酒牛排味104g,6920907809886
1419,1,零食,7.00,8.50,好丽友薯愿原味104g,6920907809862
1420,6,零食,99.00,129.00,好丽友提拉米苏,6920907801347
1421,13,零食,884.00,1105.00,恒康巴达木420g罐装,6920771613787
1422,15,零食,154.50,195.00,恒康焦糖味瓜子250g袋装,6920771617792
1423,1,零食,75.00,95.00,恒康开口松子420g罐装,6920771613763
1424,19,零食,195.70,247.00,恒康山核桃味瓜子250g,6920771617785
1425,18,零食,113.40,135.00,黄飞鸿花生110g,6925843404249
1426,16,零食,120.00,152.00,金鸽多味葵花籽260g,6922133651086
1427,7,零食,70.00,89.60,可居吊炉花生（蒜茸味）308g,6927682700018
1429,1,蛋糕,17.60,20.00,老婆饼34g*4,6371251254
1431,22,零食,215.60,283.80,溜溜梅乌梅160g,6923976112161
1432,6,零食,58.80,77.40,溜溜梅雪梅160g,6923976181266
1434,2,蛋糕,35.20,40.00,榴莲酥42g*4,6371251253
1436,46,零食,170.20,207.00,露露杏仁露,6901808188881
1437,41,零食,528.90,697.00,螺霸王螺蛳粉麻辣,6970209860467
1438,25,零食,322.50,425.00,螺霸王螺蛳粉原味330g,6970209860221
1447,1,零食,80.00,105.00,绿盛牛肉粒200g16盒,6907149808969
1448,32,零食,352.00,464.00,纳宝帝奶酪威化饼干200g,8993175537391
1450,10,蛋糕,88.00,100.00,奶香片150g,6371251251
1452,12,零食,178.80,216.00,牛浪汉牛肉粒80g,6923228400381
1453,61,零食,1098.00,1403.00,牛浪汉泡椒牛肉160g,6923228400817
1454,12,零食,384.00,514.80,洽洽坚果酸奶水果燕麦片350g,6924187876576
1455,12,零食,336.00,432.00,洽洽坚果燕麦片家庭装350g,6924187875333
1456,17,零食,115.60,151.30,洽洽焦糖瓜子108g,6924187851160
1457,12,零食,396.00,534.00,洽洽每日坚果182g,6924187858725
1458,8,零食,36.80,49.60,洽洽每日坚果26g,6924187858084
1459,25,零食,230.00,312.50,洽洽香瓜子奶油味285g,6924187824959
1460,2,零食,22.40,31.80,洽洽原香瓜子285g,6924187821989
1461,4,零食,420.00,560.00,雀巢醇品速溶咖啡500g,6903473015103
1462,44,零食,946.00,1452.00,三胖蛋瓜子罐装218g,6925723000028
1463,25,零食,300.00,400.00,三胖蛋原味瓜子白袋180g,6925723000080
1464,1,零食,2.40,3.00,舒碱茉莉花苏打水,6970783730132
1465,1,零食,2.40,3.00,舒碱苏打水,6970783730019
1466,2,零食,10.40,13.40,太阳锅巴麻辣130g,6901306180714
1467,25,零食,87.50,107.50,统一阿萨姆奶茶500ml,6925303730574
1468,40,零食,560.00,716.00,王小卤凤爪椒麻105g,6972636670244
1469,32,零食,448.00,572.80,王小卤凤爪香辣105g,6972636670237
1470,13,零食,279.50,331.50,旺旺仙贝520g,6909995101676
1471,11,零食,236.50,280.50,旺旺雪饼520g,6909995110326
1472,23,零食,690.00,920.00,沃隆坚果175gA白,6959479300422
1473,13,零食,390.00,520.00,沃隆坚果B黄175g,6959479300439
1474,14,零食,126.00,152.60,小猪佩奇草莓饼干160g,6924546000802
1475,9,零食,81.00,98.10,小猪佩奇柠檬饼干160g,6924546000819
1476,1,零食,9.00,10.90,小猪佩奇巧克力160g,6924546000826
1485,19,零食,180.50,262.20,雪海梅乡草莓干66g,6920130971879
1486,26,零食,247.00,358.80,雪海梅乡黄桃干66g,6920130971886
1487,21,零食,199.50,289.80,雪海梅乡葡萄干165g,6920130971107
1488,13,零食,65.00,76.70,呀土豆薯条烤鸡70g,6920907808612
1489,3,零食,15.00,17.70,呀土豆薯条里脊牛排70g,6920907808575
1490,5,零食,50.00,62.50,益达薄荷口味40粒装,6923450656181
1491,23,零食,230.00,287.50,益达草莓40粒装,6923450656150
1492,34,零食,340.00,425.00,益达蓝莓40粒装,6923450657935
1493,49,零食,490.00,612.50,益达西瓜味40粒装.,6923450657638
1494,37,零食,370.00,462.50,益达香橙40粒装,6923450656860
1496,1,副食,7.50,9.90,雨润低脂鸡胸肉切片110g,6911569140158
1497,4,副食,48.00,67.60,雨润火锅午餐肉340g,6911569126411
1498,15,副食,262.50,321.00,雨润火腿排120g,6911569107274
1499,48,副食,182.40,240.00,雨润鸡蛋干150g,6924640202225
1500,4,副食,42.80,52.80,雨润鸡肉香肠50g*10,6911569014145
1501,5,副食,82.50,107.50,雨润精制培根200g,6911569506848
1502,17,副食,234.60,299.20,雨润烤肉香辣味240g,6911569143364
1503,17,副食,323.00,457.30,雨润腊肠260g,6911569113497
1504,36,副食,720.00,936.00,雨润牛肉火腿180g,6911569200289
1505,4,副食,48.00,67.60,雨润台式香肠300g,6911569126398
1506,1,副食,16.50,21.50,雨润特级王中王60g*10,6911569009943
1507,36,副食,684.00,1040.40,雨润无淀粉火腿380g,6911569114456
1508,2,副食,36.00,45.00,雨润无淀粉腱子肉火腿280g,6911569145061
1509,3,副食,54.00,70.50,雨润熏烤火腿450g,6911569202573
1510,1,副食,11.00,14.90,雨润鱼你共享15g*12,6911569011229
1512,4,蛋糕,34.48,39.20,杂粮吐司270g,6948942511069
1514,24,零食,216.00,276.00,芝麻官胡豆280g,6920609900362
1523,6,零食,186.00,214.80,智力桂花莲子藕粉420g,6925785605797
1524,6,零食,186.00,233.40,智力红豆薏米燕麦520g,6925785605902
1525,5,零食,105.00,130.00,智力奶香金典麦片480g,6925785605773
1526,21,零食,630.00,837.90,智力水果坚果麦脆300g,6925785606404
1527,2,零食,80.00,105.80,智力酸奶麦脆316g,6925785606442
1528,38,零食,190.00,247.00,众望麻花咸味200g,6922895401226
1531,8,蛋糕,100.00,119.20,白汉堡200g,1008861919350452
1532,4,蛋糕,55.60,67.20,草莓盛宴190g,1008861919353248
1533,19,蛋糕,285.00,338.20,超绵白吐司无蛋350g,1008861919350322
1534,3,蛋糕,22.50,28.50,醇臻全麦面包400g,6924877506202
1535,16,蛋糕,160.00,192.00,法式熏鸡三明治110g,1008861919350469
1536,10,蛋糕,205.00,260.00,黑森林180g,1008861919351329
1537,1,蛋糕,15.00,17.80,黑钻110g,1008861919350384
1538,9,蛋糕,112.50,151.20,厚切三明治160g,1008862021070018
1539,3,蛋糕,45.00,53.40,花生酥,1008861919350261
1540,2,蛋糕,24.60,32.00,黄油布利330g,6924877502488
1541,16,蛋糕,160.00,192.00,金枪鱼三明治110g,1008861919350438
1542,8,蛋糕,200.00,256.00,榴莲千层200g,1008861919351350
1543,5,蛋糕,75.00,90.00,蔓越莓饼干150g,1008861919350087
1544,9,蛋糕,124.20,162.00,美式燕麦核桃90g,1008861919352104
1545,7,蛋糕,81.20,96.60,奶香片120g,1008861919353057
1546,24,蛋糕,276.00,348.00,南瓜牛角180g,1008861919352159
1547,8,蛋糕,135.20,159.20,南国椰蓉450g,1008861919350360
1548,16,蛋糕,200.00,256.00,牛奶喜多块200g,1008861919352135
1549,13,蛋糕,143.00,182.00,泡芙,1008862021070005
1550,18,蛋糕,243.00,288.00,全麦吐司350g,1008861919350056
1551,14,蛋糕,231.00,278.60,日式低糖红豆土司450g,1008861919353064
1552,5,蛋糕,67.50,81.50,日式冷切饼干120g,1008861919350613
1561,12,蛋糕,96.00,117.60,肉松沙拉90g,1008861919353323
1562,18,蛋糕,234.00,297.00,肉松手撕300g,1008862021070008
1563,15,蛋糕,180.00,220.50,肉松小贝140g,1008861919350616
1564,7,蛋糕,84.00,102.90,寿司卷150g,1008861919350614
1565,7,蛋糕,68.60,98.00,司康饼干100g,1008862021070012
1566,9,蛋糕,175.50,216.00,提拉米苏230g,1008861919353231
1567,13,蛋糕,162.50,214.50,阳光提子餐包5个装,1008861919370120
1568,11,蛋糕,132.00,198.00,椰香芒果卷200g,1008861919352081
1569,3,蛋糕,42.00,50.40,椰子球110g,1008861919353347
1570,3,蛋糕,45.00,53.40,原味曲奇120g,1008861919350377
1571,13,蛋糕,182.00,218.40,早安日光220g,1008861919353361
1574,10,冻货,130.00,158.00,安井蟹味宝240g,6971738655395
1575,9,冻货,630.00,810.00,北极甜虾750g,6943890900333
1576,3,冻货,30.00,38.40,思念大黄米黑芝麻汤圆454g,6921665732577
1577,3,冻货,30.00,38.40,思念无糖黑芝麻汤圆400g,6921665700194
1578,3,冻货,27.00,35.40,思念原味手抓饼450g,6921665714429
1579,5,冻货,160.00,199.50,湾仔码头韭黄水饺400g,4891913367344
1580,1,冻货,27.00,33.90,湾仔码头虾皇小云吞400g,4891913750351
1581,2,冻货,60.00,75.80,湾仔码头猪肉白菜水饺720g,4891913367238
1582,2,冻货,150.00,190.00,虾仁650g,6971881050054
1583,7,冻货,143.50,180.60,鲜美来火锅八爪鱼200g,6950327001041
1584,2,冻货,39.00,47.80,鲜美来火锅鱿鱼须200g,6950327001058
1585,2,冻货,300.00,370.00,屿品堂海参,6973820980132
1586,8,冻货,384.00,478.40,众厨乐臭鲑鱼350g,6971081780034
1589,24,零食,355.20,456.00,来伊份日式梅饼80g,6933211412246
1590,13,零食,120.90,156.00,来伊份益生菌芒果条48g,6933211432459
1599,45,零食,243.00,310.50,石磨小镇贡菜香辣味85g,6956405213610
1602,1,副食,11.00,14.00,韩国辣白菜400g,6972399750016
1603,7,副食,68.60,83.30,韩国苑岛干裙带菜100g,6954665300330
1604,5,副食,115.00,144.00,农心辛拉面香菇牛肉5连包,6920238066019
1607,14,乳制品,770.00,952.00,A2酪蛋白纯奶梦幻盖250ml*10,6970037311148
1608,14,乳制品,1008.00,1232.00,安慕希高端橙+凤梨,6907992515533
1609,7,乳制品,98.00,122.50,百吉福棒棒缤纷莓子味100g,6922477411575
1610,8,乳制品,112.00,140.00,百吉福棒棒酸奶果粒100g,6922477411568
1611,1,乳制品,14.00,17.50,百吉福棒棒香草冰淇淋100g,6922477411599
1612,4,乳制品,56.00,70.00,百吉福棒棒原味100g,6922477411544
1613,21,乳制品,262.50,331.80,百吉福成长草莓100g,6922477400333
1614,24,乳制品,300.00,379.20,百吉福成长蓝莓100g,6922477400524
1615,17,乳制品,212.50,268.60,百吉福成长原味100g,6922477400777
1616,4,乳制品,62.00,79.20,百吉福果心奶酪橙子100g,6922477411384
1617,1,乳制品,16.50,21.80,百吉福特浓奶酪原味100g,6922477411063
1618,10,乳制品,84.00,108.00,百吉福一杯芝士白桃70g,6922477410547
1619,20,乳制品,168.00,216.00,百吉福一杯芝士草莓70g,6922477410530
1620,26,乳制品,218.40,280.80,百吉福一杯芝士原味70g,6922477410523
1621,52,乳制品,598.00,722.80,百吉福芝士片100g,6922477400227
1622,49,乳制品,931.00,1171.10,百吉福芝士片低脂166g,6922477400685
1624,29,副食,232.00,304.50,陈克明鸡蛋风味面800g,6922507821695
1625,15,副食,120.00,157.50,陈克明鸡蛋龙须面800g,6922507821688
1626,25,副食,200.00,262.50,陈克明鸡蛋爽滑面800g,6922507821701
1627,30,副食,330.00,414.00,陈克明荞麦挂面1kg.,6922507805022
1628,23,副食,138.00,172.50,陈克明蔬菜小面280g,6922507823903
1637,6,副食,60.00,76.80,陈克明细圆面1kg,6922507804087
1638,38,副食,380.00,486.40,陈克明银丝挂面1kg,6922507800638
1639,30,副食,180.00,225.00,陈克明杂粮小面280g,6922507823910
1641,51,乳制品,3162.00,3978.00,纯澳纯浓燕麦奶礼盒250ml*12,6942022012149
1642,106,乳制品,4028.00,5194.00,纯澳早餐燕麦奶礼盒250ml*10,6942022012316
1643,2,乳制品,50.00,65.60,达芬奇家庭装西柚1kg,6971550820094
1644,3,乳制品,27.00,35.40,达芬奇西柚净酸奶100g*2,6971550820155
1646,31,食用油,3069.00,3689.00,福临门葵花油5L,6941499122627
1648,33,大米,1221.00,1485.00,福临门麦香粉5kg,6944910355765
1650,12,食用油,1188.00,1428.00,福临门小榨菜籽油5L,6941499119399
1652,1,乳制品,72.00,88.00,金典蛋白有机纯牛奶,6907992518077
1653,13,乳制品,689.00,845.00,金典高钙低脂奶,6907992513157
1654,8,乳制品,520.00,624.00,金典有机脱脂奶提装,6907992516691
1655,18,乳制品,126.00,158.40,卡士第二餐原味发酵乳85g,6924810824608
1656,2,乳制品,53.40,67.60,卡士风味发酵乳1kg,6924810822376
1657,5,乳制品,95.00,120.00,卡士双倍蛋白发酵乳奇亚籽,6924810812223
1659,5,大米,320.00,379.00,老哥俩米5kg,6947475900913
1660,6,大米,408.00,486.00,老哥五常稻花香米5kg,6947475902405
1662,18,食用油,1134.00,1510.20,品利初榨橄榄油750ml,8411342000115
1663,19,食用油,1957.00,2565.00,品利初榨橄榄油礼盒,8411342000177
1665,11,大米,1100.00,1416.80,奇亚籽,6970866090580
1675,31,乳制品,1240.00,1546.90,认养一头牛3.6g纯牛奶250ml*12,6970037312640
1676,6,乳制品,378.00,468.00,认养一头牛PET白桃燕麦酸奶230g*10,6970037311421
1677,13,乳制品,819.00,1014.00,认养一头牛PET常温酸奶230g*10,6970037311247
1678,1,乳制品,39.00,49.00,认养一头牛纯牛奶200ml*12,6970037313272
1679,147,乳制品,10290.00,12936.00,新疆有机奶,6935739919337
1680,2,乳制品,19.60,25.60,新希望黄桃芒果酸奶370g,6928494805267
1681,22,乳制品,1452.00,1716.00,伊利安慕希PET原味,6907992514178
1682,5,乳制品,270.00,330.00,伊利安慕希菠萝酸奶205g*12,6907992518992
1683,4,乳制品,280.00,352.00,伊利安慕希丹东草莓230ml*10,6907992518930
1684,34,乳制品,1938.00,2312.00,伊利安慕希黄桃燕麦,6907992513829
1685,5,乳制品,275.00,325.00,伊利安慕希原味,6907992512761
1687,3,大米,255.00,288.00,有机大米长粒香5kg,6937191310844
1688,15,大米,810.00,1173.00,有机黑芝麻668g,6970866090177
1689,9,大米,1125.00,1429.20,有机三色黎麦,6970866090597
1690,15,大米,1020.00,1230.00,中粮柬埔寨香米5kg,6944910358360
1691,24,大米,2544.00,3096.00,中粮泰国茉莉香米5kg,8853969008035
1694,14,蛋糕,196.00,249.20,原味曲奇110g(一客),2302122979222
1697,18,腊肉,846.00,1026.00,葫芦鸡600g,6916323200628
1698,16,腊肉,784.00,976.00,贾永信酱香鸡600g,6916323180104
1699,16,腊肉,856.00,1024.00,贾永信辣子鸡700g,6916323180111
1700,7,腊肉,252.00,336.00,贾永信五连包泡馍825g,6916323200413
1701,13,腊肉,695.50,832.00,贾永信孜然鸡700g,6916323180128
1702,67,腊肉,2814.00,3484.00,腱子肉（酱牛肉）200g,6916323200659
1703,44,腊肉,1848.00,2288.00,腱子肉（腊牛肉）200g,6916323200635
1704,42,腊肉,1617.00,1974.00,腊牛肉200g,6916323936039
1713,1,腊肉,76.00,93.00,腊牛肉400g,6916323935018
1714,22,腊肉,990.00,1232.00,腊羊肉200g,6916323937043
1715,6,腊肉,564.00,708.00,腊羊肉400g,6916323935025
1716,20,腊肉,230.00,300.00,牛骨髓油茶,6916323963226
1717,8,腊肉,308.00,376.00,十香酱牛肉200g,6916323943525
1718,26,腊肉,1950.00,2418.00,十香酱牛肉400g,6916323942313
1719,16,腊肉,184.00,240.00,五仁油茶400g,6916323200222
1720,7,腊肉,329.00,399.00,五香烧鸡600g,6916323200611
