,importPrice,serialNum,sumAmount,sumTotal,supplier,unit
1,143.00,6916168616554,88.00,"13,112.00",山东鲁花集团商贸有限公司西安分公司,桶
3,10.00,6934230050129,8.00,111.20,山东鲁花集团商贸有限公司西安分公司,瓶
4,7.00,6931299062605,6.00,51.00,山东鲁花集团商贸有限公司西安分公司,瓶
5,11.50,6931299062681,8.00,119.20,山东鲁花集团商贸有限公司西安分公司,瓶
6,12.00,6958104100321,4.00,60.00,山东鲁花集团商贸有限公司西安分公司,瓶
7,4.80,6958104101007,1.00,6.80,山东鲁花集团商贸有限公司西安分公司,瓶
8,12.00,6958104101021,3.00,44.70,山东鲁花集团商贸有限公司西安分公司,瓶
9,9.00,6973141130179,2.00,22.60,山东鲁花集团商贸有限公司西安分公司,袋
10,7.00,6934126261844,3.00,26.40,山东鲁花集团商贸有限公司西安分公司,瓶
11,6.00,6934126261899,12.00,90.00,山东鲁花集团商贸有限公司西安分公司,瓶
12,7.00,6934126262933,2.00,19.60,山东鲁花集团商贸有限公司西安分公司,瓶
13,25.00,6971114920178,12.00,394.80,山东鲁花集团商贸有限公司西安分公司,瓶
15,89.00,6916168620773,4.00,399.60,山东鲁花集团商贸有限公司西安分公司,桶
16,65.00,6971114920017,1.00,75.00,山东鲁花集团商贸有限公司西安分公司,瓶
18,39.50,6973141120088,24.00,"1,176.00",山东鲁花集团商贸有限公司西安分公司,袋
20,87.00,6938749816122,24.00,"2,397.60",山东鲁花集团商贸有限公司西安分公司,桶
23,10.50,8003477500013,2.00,27.00,西安菲达食品商贸有限公司,袋
24,17.00,4000417932006,5.00,135.00,西安菲达食品商贸有限公司,盒
26,36.00,4897031350015,1.00,50.00,西安菲达食品商贸有限公司,袋
27,17.00,4000417933003,2.00,54.00,西安菲达食品商贸有限公司,盒
95,0.00,6933190910566,20.00,80.00,西安市碑林区祥坤蔬菜店,盒
96,0.00,6933190900031,20.00,60.00,西安市碑林区祥坤蔬菜店,盒
97,0.00,6933190900048,12.00,54.00,西安市碑林区祥坤蔬菜店,盒
98,0.00,6933190900062,5.00,20.00,西安市碑林区祥坤蔬菜店,盒
99,0.00,6933190900116,9.00,36.00,西安市碑林区祥坤蔬菜店,盒
100,0.00,6933190900147,22.00,99.00,西安市碑林区祥坤蔬菜店,盒
101,0.00,6933190900185,20.00,80.00,西安市碑林区祥坤蔬菜店,盒
102,0.00,6933190900208,16.00,56.00,西安市碑林区祥坤蔬菜店,盒
140,22.80,6933276212058,17.00,459.00,西安傲涵贸易有限公司,盒
141,21.00,6933276212119,47.00,"1,175.00",西安傲涵贸易有限公司,盒
144,16.00,6954113701504,76.00,"1,482.00",西安秦南农副产品贸易有限公司,盒
147,26.50,6905014000081,1.00,33.50,西安丰泰永泽商贸有限公司,袋
148,25.00,6905014000890,2.00,56.00,西安丰泰永泽商贸有限公司,桶
149,24.50,6974856040081,6.00,180.00,西安丰泰永泽商贸有限公司,袋
150,24.50,6974856040098,2.00,60.00,西安丰泰永泽商贸有限公司,袋
151,14.00,6970631040109,3.00,53.70,西安丰泰永泽商贸有限公司,盒
152,14.00,6970631040123,2.00,35.80,西安丰泰永泽商贸有限公司,袋
153,14.00,6970631040130,3.00,53.70,西安丰泰永泽商贸有限公司,袋
154,5.80,4897082059974,1.00,7.50,西安丰泰永泽商贸有限公司,盒
155,5.80,4897082059998,2.00,15.00,西安丰泰永泽商贸有限公司,盒
156,10.80,4897076061181,5.00,69.50,西安丰泰永泽商贸有限公司,袋
157,11.00,4897076062379,1.00,13.80,西安丰泰永泽商贸有限公司,袋
158,11.00,4897076062393,2.00,27.60,西安丰泰永泽商贸有限公司,袋
159,21.50,6973768111179,1.00,27.80,西安丰泰永泽商贸有限公司,袋
160,25.00,4979365122718,1.00,29.80,西安丰泰永泽商贸有限公司,盒
161,25.00,4979365122725,1.00,29.80,西安丰泰永泽商贸有限公司,盒
162,46.00,6971062128855,1.00,49.00,西安丰泰永泽商贸有限公司,盒
163,33.00,6971062129289,2.00,77.60,西安丰泰永泽商贸有限公司,袋
164,5.30,6922621132783,3.00,19.50,西安丰泰永泽商贸有限公司,包
165,13.00,6975287200020,8.00,134.40,西安丰泰永泽商贸有限公司,袋
166,46.00,8809022200885,4.00,234.00,西安丰泰永泽商贸有限公司,袋
167,18.57,6926507201143,1.00,23.50,西安丰泰永泽商贸有限公司,袋
168,37.50,6926507201594,1.00,48.00,西安丰泰永泽商贸有限公司,袋
169,62.00,6926507201884,3.00,234.00,西安丰泰永泽商贸有限公司,袋
170,28.00,6926507202300,4.00,140.00,西安丰泰永泽商贸有限公司,袋
171,22.00,6926507202379,1.00,27.50,西安丰泰永泽商贸有限公司,袋
172,12.00,6926507202430,2.00,31.20,西安丰泰永泽商贸有限公司,袋
173,23.00,6926507202591,3.00,87.00,西安丰泰永泽商贸有限公司,袋
174,4.50,6926507202836,14.00,75.60,西安丰泰永泽商贸有限公司,袋
175,6.50,6971791203571,2.00,18.00,西安丰泰永泽商贸有限公司,盒
176,6.50,6971791203588,2.00,18.00,西安丰泰永泽商贸有限公司,盒
177,6.50,6971791203595,1.00,9.00,西安丰泰永泽商贸有限公司,盒
178,9.00,6971791203618,3.00,36.00,西安丰泰永泽商贸有限公司,盒
179,23.00,6926507204182,1.00,29.90,西安丰泰永泽商贸有限公司,袋
180,23.00,6926507204342,1.00,29.90,西安丰泰永泽商贸有限公司,袋
181,47.00,6926507204991,1.00,58.80,西安丰泰永泽商贸有限公司,袋
182,10.50,6974176260176,1.00,13.50,西安丰泰永泽商贸有限公司,袋
183,10.80,6974176260183,3.00,43.50,西安丰泰永泽商贸有限公司,袋
184,14.00,6974176260367,5.00,90.00,西安丰泰永泽商贸有限公司,袋
185,10.50,6974176260541,1.00,13.50,西安丰泰永泽商贸有限公司,袋
186,15.50,6976488300267,4.00,79.20,西安丰泰永泽商贸有限公司,袋
187,6.50,6971426300477,7.00,58.10,西安丰泰永泽商贸有限公司,袋
188,6.50,6971426300491,1.00,8.30,西安丰泰永泽商贸有限公司,袋
189,22.50,9588552302854,1.00,29.00,西安丰泰永泽商贸有限公司,盒
190,19.80,9588552304506,7.00,180.60,西安丰泰永泽商贸有限公司,袋
191,19.00,9588552305312,3.00,74.70,西安丰泰永泽商贸有限公司,袋
192,16.00,9588552305725,1.00,20.00,西安丰泰永泽商贸有限公司,盒
193,19.00,9588552312259,1.00,24.50,西安丰泰永泽商贸有限公司,袋
194,19.00,9588552312266,1.00,24.50,西安丰泰永泽商贸有限公司,袋
195,12.00,9588552314123,1.00,15.90,西安丰泰永泽商贸有限公司,袋
196,12.00,9588552314338,1.00,15.90,西安丰泰永泽商贸有限公司,袋
197,13.00,6952675319915,8.00,129.60,西安丰泰永泽商贸有限公司,袋
198,64.00,6970480320292,5.00,395.00,西安丰泰永泽商贸有限公司,盒
199,26.00,6952675321123,15.00,477.00,西安丰泰永泽商贸有限公司,袋
200,10.00,9588552322692,5.00,67.50,西安丰泰永泽商贸有限公司,袋
201,10.00,9588552322708,8.00,108.00,西安丰泰永泽商贸有限公司,袋
202,12.00,9588552322821,5.00,80.00,西安丰泰永泽商贸有限公司,袋
203,19.00,6952675329921,13.00,305.50,西安丰泰永泽商贸有限公司,袋
204,12.80,6952675329938,11.00,181.50,西安丰泰永泽商贸有限公司,袋
205,12.00,9588552332912,6.00,99.00,西安丰泰永泽商贸有限公司,盒
206,10.50,9588552333902,1.00,14.50,西安丰泰永泽商贸有限公司,盒
207,11.00,9588552334244,2.00,30.00,西安丰泰永泽商贸有限公司,盒
208,11.00,9588552334251,1.00,15.00,西安丰泰永泽商贸有限公司,盒
209,11.00,9588552334268,1.00,15.00,西安丰泰永泽商贸有限公司,盒
210,15.21,9588552334954,1.00,19.50,西安丰泰永泽商贸有限公司,袋
211,15.21,9588552334978,1.00,19.50,西安丰泰永泽商贸有限公司,袋
212,14.04,9588552335128,3.00,54.00,西安丰泰永泽商贸有限公司,袋
213,14.04,9588552335135,8.00,144.00,西安丰泰永泽商贸有限公司,袋
214,11.31,9588552337450,7.00,101.50,西安丰泰永泽商贸有限公司,袋
215,11.31,9588552337474,1.00,14.50,西安丰泰永泽商贸有限公司,袋
216,31.00,9588552337498,3.00,118.50,西安丰泰永泽商贸有限公司,袋
217,14.04,9588552337528,2.00,36.00,西安丰泰永泽商贸有限公司,袋
218,10.50,6952675337735,3.00,39.60,西安丰泰永泽商贸有限公司,袋
219,14.00,6952675340735,4.00,72.00,西安丰泰永泽商贸有限公司,袋
220,29.00,4897031352422,1.00,36.50,西安丰泰永泽商贸有限公司,盒
221,22.00,4897031353597,1.00,28.00,西安丰泰永泽商贸有限公司,盒
222,22.00,4897031353603,4.00,112.00,西安丰泰永泽商贸有限公司,盒
223,15.00,8996001356500,2.00,39.80,西安丰泰永泽商贸有限公司,盒
224,11.50,6972508380417,2.00,30.00,西安丰泰永泽商贸有限公司,袋
225,12.00,6952675390211,10.00,150.00,西安丰泰永泽商贸有限公司,袋
226,13.60,4710484398970,1.00,17.00,西安丰泰永泽商贸有限公司,袋
227,21.73,4014400400007,1.00,27.50,西安丰泰永泽商贸有限公司,袋
228,56.00,6948042400027,10.00,699.00,西安丰泰永泽商贸有限公司,袋
229,67.00,6948042400034,6.00,504.00,西安丰泰永泽商贸有限公司,袋
230,9.40,6935036401306,2.00,26.00,西安丰泰永泽商贸有限公司,盒
231,17.50,6935036401580,4.00,96.00,西安丰泰永泽商贸有限公司,袋
232,18.80,6935036401597,2.00,51.00,西安丰泰永泽商贸有限公司,袋
233,16.50,6935036401603,3.00,67.50,西安丰泰永泽商贸有限公司,袋
234,10.20,6935036401849,2.00,27.00,西安丰泰永泽商贸有限公司,盒
235,67.00,6948042403929,3.00,252.00,西安丰泰永泽商贸有限公司,袋
236,10.50,6971827490623,1.00,13.50,西安丰泰永泽商贸有限公司,袋
237,39.50,6941174497026,1.00,49.00,西安丰泰永泽商贸有限公司,袋
238,8.80,6941174497149,1.00,10.80,西安丰泰永泽商贸有限公司,袋
239,8.80,6941174497156,1.00,10.80,西安丰泰永泽商贸有限公司,袋
240,12.00,6941174499631,3.00,46.50,西安丰泰永泽商贸有限公司,袋
241,14.50,653314503486,2.00,35.60,西安丰泰永泽商贸有限公司,袋
242,14.50,653314503493,5.00,89.00,西安丰泰永泽商贸有限公司,袋
243,6.00,6972535520886,7.00,54.60,西安丰泰永泽商贸有限公司,袋
244,6.00,6972535520893,6.00,46.80,西安丰泰永泽商贸有限公司,袋
245,15.00,6972933561467,5.00,97.50,西安丰泰永泽商贸有限公司,袋
246,7.00,6972933562051,10.00,90.00,西安丰泰永泽商贸有限公司,盒
247,8.50,6972933562761,9.00,103.50,西安丰泰永泽商贸有限公司,袋
248,8.00,6972933562884,4.00,43.20,西安丰泰永泽商贸有限公司,盒
249,8.00,6972933562891,1.00,10.80,西安丰泰永泽商贸有限公司,盒
250,14.00,6972933563706,2.00,39.00,西安丰泰永泽商贸有限公司,盒
251,9.20,6972933565540,1.00,12.50,西安丰泰永泽商贸有限公司,袋
252,9.20,6972933565557,1.00,12.50,西安丰泰永泽商贸有限公司,袋
253,9.40,6972933566035,4.00,52.00,西安丰泰永泽商贸有限公司,袋
254,7.80,6972933566080,3.00,31.50,西安丰泰永泽商贸有限公司,袋
255,14.00,6972933566226,3.00,57.00,西安丰泰永泽商贸有限公司,袋
256,8.00,6972698570216,4.00,39.60,西安丰泰永泽商贸有限公司,盒
257,27.50,6947705608107,2.00,71.60,西安丰泰永泽商贸有限公司,袋
258,9.50,9555118659530,1.00,12.00,西安丰泰永泽商贸有限公司,袋
259,12.00,6913405660530,1.00,15.50,西安丰泰永泽商贸有限公司,袋
260,15.00,6975048660810,2.00,39.00,西安丰泰永泽商贸有限公司,袋
261,24.00,6975048660834,8.00,236.00,西安丰泰永泽商贸有限公司,袋
262,20.00,6913405663517,1.00,25.80,西安丰泰永泽商贸有限公司,袋
263,20.00,6913405663524,4.00,100.00,西安丰泰永泽商贸有限公司,袋
264,27.00,6913405670317,1.00,33.80,西安丰泰永泽商贸有限公司,袋
265,9.00,6941025701968,3.00,37.50,西安丰泰永泽商贸有限公司,袋
266,9.00,6941025701975,2.00,25.00,西安丰泰永泽商贸有限公司,袋
267,9.00,6941025701999,4.00,50.00,西安丰泰永泽商贸有限公司,袋
268,12.00,6913405760681,1.00,15.60,西安丰泰永泽商贸有限公司,袋
269,22.00,6939730799967,1.00,28.20,西安丰泰永泽商贸有限公司,袋
270,26.50,6973968810063,3.00,102.00,西安丰泰永泽商贸有限公司,袋
271,13.00,6973968810094,3.00,51.00,西安丰泰永泽商贸有限公司,盒
272,13.00,6973968810988,2.00,34.00,西安丰泰永泽商贸有限公司,盒
273,17.00,6904432813037,1.00,22.00,西安丰泰永泽商贸有限公司,袋
274,11.50,4897119860825,3.00,45.00,西安丰泰永泽商贸有限公司,袋
275,11.50,4897119860832,2.00,30.00,西安丰泰永泽商贸有限公司,袋
276,14.50,6971657870343,1.00,18.50,西安丰泰永泽商贸有限公司,袋
277,14.50,6971657870503,6.00,111.00,西安丰泰永泽商贸有限公司,袋
278,14.50,6971657870893,3.00,55.50,西安丰泰永泽商贸有限公司,袋
279,18.00,4897038890965,2.00,47.60,西安丰泰永泽商贸有限公司,盒
280,18.00,4897038890972,3.00,71.40,西安丰泰永泽商贸有限公司,盒
281,14.00,4897038892327,2.00,35.60,西安丰泰永泽商贸有限公司,袋
282,12.00,4897038892372,1.00,15.00,西安丰泰永泽商贸有限公司,袋
283,8.50,4897038892754,4.00,46.00,西安丰泰永泽商贸有限公司,袋
284,8.50,4897038892761,4.00,46.00,西安丰泰永泽商贸有限公司,袋
285,8.50,4897038893362,5.00,57.50,西安丰泰永泽商贸有限公司,袋
286,8.50,4897038893379,4.00,46.00,西安丰泰永泽商贸有限公司,袋
287,7.00,4897038895809,5.00,47.50,西安丰泰永泽商贸有限公司,袋
288,7.00,4897038895816,3.00,28.50,西安丰泰永泽商贸有限公司,袋
289,14.50,4897038896264,3.00,57.00,西安丰泰永泽商贸有限公司,盒
290,14.50,4897038896271,6.00,114.00,西安丰泰永泽商贸有限公司,盒
291,14.50,4897038896288,2.00,38.00,西安丰泰永泽商贸有限公司,盒
292,10.00,6937439914988,4.00,51.20,西安丰泰永泽商贸有限公司,袋
293,10.00,6937439915251,11.00,140.80,西安丰泰永泽商贸有限公司,袋
294,10.80,6975840950034,1.00,15.00,西安丰泰永泽商贸有限公司,袋
295,10.80,6975840950041,3.00,45.00,西安丰泰永泽商贸有限公司,袋
296,10.80,6975840950058,2.00,30.00,西安丰泰永泽商贸有限公司,袋
297,23.50,6975840950065,1.00,31.80,西安丰泰永泽商贸有限公司,袋
298,12.00,6975840950089,1.00,16.00,西安丰泰永泽商贸有限公司,袋
299,12.00,6975840950096,1.00,16.00,西安丰泰永泽商贸有限公司,袋
300,24.00,6901333980196,1.00,30.00,西安丰泰永泽商贸有限公司,袋
302,14.50,6905014000876,6.00,111.00,西安丰泰永泽商贸有限公司,袋
303,25.00,6905014081288,3.00,84.00,西安丰泰永泽商贸有限公司,袋
304,23.00,6901333110524,3.00,80.40,西安丰泰永泽商贸有限公司,袋
305,35.00,6905014301263,1.00,43.20,西安丰泰永泽商贸有限公司,袋
306,35.00,6905014301270,4.00,172.80,西安丰泰永泽商贸有限公司,盒
307,35.00,6905014301287,5.00,216.00,西安丰泰永泽商贸有限公司,袋
308,16.00,6931500340706,1.00,20.50,西安丰泰永泽商贸有限公司,袋
309,16.00,6931500340904,5.00,102.50,西安丰泰永泽商贸有限公司,袋
310,16.00,6931500341000,2.00,41.00,西安丰泰永泽商贸有限公司,袋
311,16.00,6945309351917,2.00,39.60,西安丰泰永泽商贸有限公司,袋
312,16.00,6970228680121,5.00,99.00,西安丰泰永泽商贸有限公司,袋
313,15.00,6904555694292,2.00,38.00,西安丰泰永泽商贸有限公司,盒
315,14.00,6973669041100,4.00,70.00,西安丰泰永泽商贸有限公司,袋
316,230.00,6974622050009,2.00,516.00,西安丰泰永泽商贸有限公司,袋
317,87.00,6974622051433,4.00,396.00,西安丰泰永泽商贸有限公司,盒
318,32.00,6948431109968,11.00,429.00,西安丰泰永泽商贸有限公司,袋
319,15.00,6949884200547,2.00,37.60,西安丰泰永泽商贸有限公司,袋
320,41.50,0101020211012,6.00,288.00,西安丰泰永泽商贸有限公司,袋
321,32.00,6972251252245,7.00,273.00,西安丰泰永泽商贸有限公司,袋
322,135.00,6970525356309,2.00,316.00,西安丰泰永泽商贸有限公司,袋
323,60.00,6970525358211,4.00,279.20,西安丰泰永泽商贸有限公司,盒
324,120.00,6970525359362,4.00,552.00,西安丰泰永泽商贸有限公司,袋
325,43.00,6970525359997,5.00,249.00,西安丰泰永泽商贸有限公司,袋
326,42.80,6959540361321,3.00,149.70,西安丰泰永泽商贸有限公司,袋
327,32.00,6940747410813,6.00,234.00,西安丰泰永泽商贸有限公司,袋
328,32.00,6940747410912,8.00,312.00,西安丰泰永泽商贸有限公司,袋
329,18.00,6940747414910,3.00,67.50,西安丰泰永泽商贸有限公司,袋
330,15.00,6940747415115,1.00,19.00,西安丰泰永泽商贸有限公司,袋
331,99.00,6975471520019,11.00,"1,419.00",西安丰泰永泽商贸有限公司,袋
332,33.00,6954808610302,3.00,127.80,西安丰泰永泽商贸有限公司,袋
333,33.00,6954808610319,1.00,42.60,西安丰泰永泽商贸有限公司,袋
334,33.00,6954808612139,1.00,42.60,西安丰泰永泽商贸有限公司,袋
335,38.00,6954808612351,3.00,142.50,西安丰泰永泽商贸有限公司,袋
336,20.00,6971680630297,2.00,50.00,西安丰泰永泽商贸有限公司,盒
337,130.00,6974739650178,1.00,160.00,西安丰泰永泽商贸有限公司,盒
338,44.00,6975235721362,2.00,106.00,西安丰泰永泽商贸有限公司,盒
339,30.00,6971893820010,12.00,444.00,西安丰泰永泽商贸有限公司,袋
340,54.00,6943890900408,1.00,69.50,西安丰泰永泽商贸有限公司,袋
341,31.50,6943890900477,1.00,39.00,西安丰泰永泽商贸有限公司,袋
342,22.50,6970599913842,5.00,147.50,西安丰泰永泽商贸有限公司,盒
343,25.50,6970010925010,3.00,89.70,西安丰泰永泽商贸有限公司,盒
344,35.00,6975849950004,5.00,217.50,西安丰泰永泽商贸有限公司,袋
347,100.00,6970866090580,1.00,128.80,西安腾旺贸易有限公司,盒
348,68.00,6944910358360,1.00,82.00,西安腾旺贸易有限公司,袋
349,65.00,6971947498264,1.00,86.00,西安腾旺贸易有限公司,袋
350,64.00,6947475900913,13.00,985.40,西安腾旺贸易有限公司,袋
351,68.00,6947475902405,10.00,810.00,西安腾旺贸易有限公司,袋
352,114.00,6947475903242,1.00,144.00,西安腾旺贸易有限公司,袋
354,39.00,6970037310158,8.00,392.00,西安腾旺贸易有限公司,提
355,55.00,6970037311148,8.00,544.00,西安腾旺贸易有限公司,提
356,63.00,6970037311247,1.00,78.00,西安腾旺贸易有限公司,提
357,63.00,6970037311421,2.00,156.00,西安腾旺贸易有限公司,提
358,56.00,6970037314354,10.00,675.00,西安腾旺贸易有限公司,提
359,11.50,6922477400227,1.00,13.90,西安腾旺贸易有限公司,盒
360,12.50,6922477400333,1.00,15.80,西安腾旺贸易有限公司,盒
361,12.50,6922477400524,2.00,31.60,西安腾旺贸易有限公司,盒
362,19.00,6922477400685,6.00,143.40,西安腾旺贸易有限公司,盒
363,12.50,6922477400777,2.00,31.60,西安腾旺贸易有限公司,盒
364,8.40,6922477410530,3.00,32.40,西安腾旺贸易有限公司,盒
365,8.40,6922477410547,2.00,21.60,西安腾旺贸易有限公司,盒
366,15.50,6922477411087,10.00,198.00,西安腾旺贸易有限公司,袋
367,15.50,6922477411407,6.00,118.80,西安腾旺贸易有限公司,袋
368,14.00,6922477411544,7.00,122.50,西安腾旺贸易有限公司,袋
369,14.00,6922477411551,2.00,35.00,西安腾旺贸易有限公司,袋
370,14.00,6922477411575,3.00,52.50,西安腾旺贸易有限公司,袋
371,14.00,6922477411599,1.00,17.50,西安腾旺贸易有限公司,袋
372,6.00,6941704425000,4.00,31.60,西安腾旺贸易有限公司,盒
373,14.50,6941704425017,6.00,112.80,西安腾旺贸易有限公司,盒
374,55.00,6907992512761,1.00,65.00,西安腾旺贸易有限公司,提
375,53.00,6907992513157,6.00,390.00,西安腾旺贸易有限公司,提
376,57.00,6907992513829,4.00,272.00,西安腾旺贸易有限公司,提
377,66.00,6907992514178,2.00,156.00,西安腾旺贸易有限公司,提
378,56.00,6907992514406,3.00,204.00,西安腾旺贸易有限公司,提
379,72.00,6907992515533,1.00,88.00,西安腾旺贸易有限公司,提
380,72.00,6907992518077,2.00,176.00,西安腾旺贸易有限公司,提
381,54.00,6907992518992,3.00,198.00,西安腾旺贸易有限公司,提
382,78.00,6907992519241,1.00,96.00,西安腾旺贸易有限公司,提
383,12.00,6924810801807,7.00,108.50,西安腾旺贸易有限公司,瓶
384,12.00,6924810801838,3.00,46.50,西安腾旺贸易有限公司,瓶
385,9.80,6928494805250,5.00,64.00,西安腾旺贸易有限公司,盒
386,9.80,6928494805267,2.00,25.60,西安腾旺贸易有限公司,盒
387,15.80,6928494805717,1.00,19.80,西安腾旺贸易有限公司,盒
388,11.50,6928494806448,2.00,29.60,西安腾旺贸易有限公司,盒
389,31.00,6924810810014,5.00,205.00,西安腾旺贸易有限公司,盒
390,19.00,6924810812216,1.00,24.00,西安腾旺贸易有限公司,盒
391,6.50,6971550820001,4.00,34.00,西安腾旺贸易有限公司,盒
392,11.50,6971550820599,3.00,44.40,西安腾旺贸易有限公司,盒
393,11.60,6971550820643,5.00,74.00,西安腾旺贸易有限公司,盒
394,11.60,6971550820650,4.00,59.20,西安腾旺贸易有限公司,盒
395,5.00,6971550820698,6.00,39.60,西安腾旺贸易有限公司,盒
396,5.00,6971550821046,7.00,46.20,西安腾旺贸易有限公司,盒
397,10.00,6971550821107,3.00,39.00,西安腾旺贸易有限公司,瓶
398,15.20,6971550821114,5.00,98.00,西安腾旺贸易有限公司,排
399,15.20,6971550821121,5.00,98.00,西安腾旺贸易有限公司,排
400,28.70,6924810822222,6.00,220.80,西安腾旺贸易有限公司,盒
401,26.70,6924810822376,3.00,101.40,西安腾旺贸易有限公司,盒
402,27.00,6924810822406,4.00,143.20,西安腾旺贸易有限公司,瓶
403,7.00,6924810824608,9.00,79.20,西安腾旺贸易有限公司,盒
404,70.00,6935739919337,16.00,"1,408.00",西安腾旺贸易有限公司,提
406,84.00,6944910337563,1.00,99.00,西安腾旺贸易有限公司,袋
407,10.00,6922507800621,3.00,38.40,西安腾旺贸易有限公司,袋
408,10.00,6922507800638,3.00,38.40,西安腾旺贸易有限公司,袋
409,10.00,6922507804087,3.00,38.40,西安腾旺贸易有限公司,袋
410,5.50,6922507804117,1.00,6.90,西安腾旺贸易有限公司,袋
411,11.00,6922507805022,1.00,13.80,西安腾旺贸易有限公司,袋
412,3.50,6922507809754,11.00,49.50,西安腾旺贸易有限公司,袋
413,8.00,6922507821688,4.00,42.00,西安腾旺贸易有限公司,袋
414,8.00,6922507821701,1.00,10.50,西安腾旺贸易有限公司,袋
415,6.00,6922507823903,3.00,22.50,西安腾旺贸易有限公司,袋
416,6.00,6922507823910,1.00,7.50,西安腾旺贸易有限公司,袋
418,13.00,6944910352412,4.00,67.60,西安腾旺贸易有限公司,袋
419,37.00,6944910355765,13.00,585.00,西安腾旺贸易有限公司,袋
420,39.00,6974919372371,2.00,110.00,西安腾旺贸易有限公司,袋
422,99.00,6941499119399,2.00,238.00,西安腾旺贸易有限公司,桶
425,3.80,6970339116120,48.00,216.00,陕西小大贸易有限公司,盒
426,3.80,6970339116137,4.00,18.00,陕西小大贸易有限公司,盒
427,2.80,6970339116144,32.00,144.00,陕西小大贸易有限公司,盒
428,56.00,6970339116151,9.00,585.00,陕西小大贸易有限公司,提
429,3.00,6970339116373,44.00,176.00,陕西小大贸易有限公司,盒
430,5.80,6970339116588,18.00,124.20,陕西小大贸易有限公司,盒
431,8.50,6970339116915,2.00,21.00,陕西小大贸易有限公司,盒
432,3.50,6970339117097,16.00,72.00,陕西小大贸易有限公司,瓶
433,3.00,6970339117233,30.00,120.00,陕西小大贸易有限公司,瓶
434,11.00,6970339117523,5.00,72.50,陕西小大贸易有限公司,盒
435,11.00,6970339117554,4.00,58.00,陕西小大贸易有限公司,盒
436,5.80,6970339117646,1.00,7.50,陕西小大贸易有限公司,瓶
437,20.00,6970339117677,8.00,208.00,陕西小大贸易有限公司,盒
438,3.70,6970339117844,24.00,105.60,陕西小大贸易有限公司,盒
439,10.50,6970339117998,2.00,25.80,陕西小大贸易有限公司,盒
440,11.20,6970339118186,4.00,55.60,陕西小大贸易有限公司,盒
441,10.00,6970618570001,3.00,37.50,陕西小大贸易有限公司,盒
442,30.50,6970618570056,1.00,38.00,陕西小大贸易有限公司,盒
443,7.50,6970618570070,20.00,190.00,陕西小大贸易有限公司,盒
444,9.50,6970618570209,3.00,35.40,陕西小大贸易有限公司,盒
445,9.30,6970618570384,5.00,54.00,陕西小大贸易有限公司,盒
446,22.00,6970618570414,5.00,150.00,陕西小大贸易有限公司,盒
447,7.50,6970618570599,20.00,190.00,陕西小大贸易有限公司,盒
448,5.50,6927797622304,2.00,13.00,陕西小大贸易有限公司,盒
449,4.00,6927797622700,24.00,132.00,陕西小大贸易有限公司,盒
450,4.00,6927797622724,30.00,165.00,陕西小大贸易有限公司,盒
451,4.00,6927797623370,42.00,231.00,陕西小大贸易有限公司,盒
452,4.00,6927797623530,48.00,264.00,陕西小大贸易有限公司,盒
454,16.50,6970339116557,6.00,117.00,陕西小大贸易有限公司,盒
455,52.00,6923644232658,9.00,585.00,陕西小大贸易有限公司,提
456,50.00,6923644266318,18.00,"1,062.00",陕西小大贸易有限公司,提
457,60.50,6923644295844,2.00,152.00,陕西小大贸易有限公司,提
458,58.00,6923644297251,7.00,476.00,陕西小大贸易有限公司,提
459,55.00,6923644299804,2.00,136.00,陕西小大贸易有限公司,提
462,0.44,3,175.00,87.50,新城区西华陶瓷厨具经营部,条
465,4.30,6902538004045,1.00,5.20,西安海和景商贸有限公司,瓶
466,4.30,6902538004052,1.00,5.20,西安海和景商贸有限公司,瓶
467,7.00,8855044004628,2.00,19.80,西安海和景商贸有限公司,瓶
468,4.30,6902538005141,2.00,10.40,西安海和景商贸有限公司,瓶
469,7.00,8855044006684,1.00,9.90,西安海和景商贸有限公司,瓶
470,5.00,6917878030623,2.00,13.00,西安海和景商贸有限公司,瓶
471,11.50,6943851102674,1.00,14.50,西安海和景商贸有限公司,瓶
472,11.50,6943851102780,2.00,29.00,西安海和景商贸有限公司,瓶
473,13.50,6973497200045,5.00,84.00,西安海和景商贸有限公司,瓶
474,13.50,6973497200052,7.00,117.60,西安海和景商贸有限公司,瓶
475,4.60,6973497200205,4.00,24.00,西安海和景商贸有限公司,瓶
476,5.00,6973497200304,20.00,130.00,西安海和景商贸有限公司,瓶
477,4.60,6973497202346,3.00,17.40,西安海和景商贸有限公司,瓶
478,4.60,6973497202360,20.00,116.00,西安海和景商贸有限公司,瓶
479,4.60,6973497202940,9.00,52.20,西安海和景商贸有限公司,瓶
480,12.80,6923555210462,3.00,44.70,西安海和景商贸有限公司,盒
481,12.80,6923555210479,2.00,29.80,西安海和景商贸有限公司,盒
482,12.80,6923555212749,3.00,44.70,西安海和景商贸有限公司,盒
483,4.80,6974878230101,17.00,98.60,西安海和景商贸有限公司,瓶
484,4.80,6972863230105,21.00,123.90,西安海和景商贸有限公司,瓶
485,4.00,6935498308793,34.00,166.60,西安海和景商贸有限公司,瓶
486,6.50,6971196385070,18.00,142.20,西安海和景商贸有限公司,瓶
487,6.50,6971196385162,5.00,39.50,西安海和景商贸有限公司,瓶
488,6.50,6971196385179,5.00,39.50,西安海和景商贸有限公司,瓶
489,5.80,6954767401836,2.00,14.00,西安海和景商贸有限公司,瓶
490,4.00,6954767422688,15.00,72.00,西安海和景商贸有限公司,瓶
491,2.10,6954767430386,10.00,25.00,西安海和景商贸有限公司,瓶
492,5.00,6973782440347,1.00,6.00,西安海和景商贸有限公司,瓶
493,1.80,6922255447833,26.00,62.40,西安海和景商贸有限公司,瓶
494,10.00,6901818460878,3.00,37.50,西安海和景商贸有限公司,瓶
495,6.50,6973852490005,50.00,375.00,西安海和景商贸有限公司,瓶
496,4.10,6921168500956,7.00,34.30,西安海和景商贸有限公司,瓶
497,3.50,6926892501033,2.00,8.40,西安海和景商贸有限公司,瓶
498,1.30,6921168509256,48.00,81.60,西安海和景商贸有限公司,瓶
499,1.20,6921168511280,73.00,116.80,西安海和景商贸有限公司,瓶
500,22.00,6975131550721,18.00,534.60,西安海和景商贸有限公司,瓶
501,4.00,6921168558018,17.00,81.60,西安海和景商贸有限公司,瓶
502,4.00,6921168558025,30.00,144.00,西安海和景商贸有限公司,瓶
503,4.00,6921168558032,17.00,81.60,西安海和景商贸有限公司,瓶
504,4.00,6921168558049,34.00,163.20,西安海和景商贸有限公司,瓶
505,7.50,6921168559176,13.00,114.40,西安海和景商贸有限公司,瓶
506,3.50,6926892568081,1.00,4.20,西安海和景商贸有限公司,瓶
507,2.20,6903004568511,157.00,376.80,西安海和景商贸有限公司,瓶
508,6.60,6921168593804,11.00,79.20,西安海和景商贸有限公司,瓶
509,8.00,6921168594726,4.00,39.60,西安海和景商贸有限公司,瓶
510,8.00,6921168594733,2.00,19.80,西安海和景商贸有限公司,瓶
511,3.00,6921168594993,2.00,7.38,西安海和景商贸有限公司,瓶
512,3.00,6921168595006,2.00,7.38,西安海和景商贸有限公司,瓶
513,4.20,6921168596348,1.00,5.00,西安海和景商贸有限公司,瓶
514,6.00,6972549660035,18.00,135.00,西安海和景商贸有限公司,瓶
515,3.80,6972549660097,16.00,78.40,西安海和景商贸有限公司,瓶
516,3.80,6972549660134,19.00,93.10,西安海和景商贸有限公司,瓶
517,4.20,6972549660677,31.00,155.00,西安海和景商贸有限公司,瓶
518,4.20,6972549660905,18.00,90.00,西安海和景商贸有限公司,瓶
519,4.20,6972549660929,3.00,15.00,西安海和景商贸有限公司,瓶
520,4.10,6972549661254,4.00,19.20,西安海和景商贸有限公司,瓶
521,5.70,8859015700168,87.00,669.90,西安海和景商贸有限公司,瓶
522,2.30,6938309700526,6.00,18.00,西安海和景商贸有限公司,瓶
523,7.30,6937003701327,19.00,167.20,西安海和景商贸有限公司,瓶
524,8.00,4891028707899,5.00,47.50,西安海和景商贸有限公司,盒
525,6.50,6974348720002,1.00,7.90,西安海和景商贸有限公司,瓶
526,6.50,6974348720019,4.00,31.60,西安海和景商贸有限公司,瓶
527,6.50,6974348720392,17.00,134.30,西安海和景商贸有限公司,瓶
528,4.60,6975176782460,17.00,96.90,西安海和景商贸有限公司,瓶
529,4.00,6957735788861,0.00,0.00,西安海和景商贸有限公司,罐
530,3.50,6974800840286,2.00,9.00,西安海和景商贸有限公司,瓶
531,3.50,6974800840330,1.00,4.50,西安海和景商贸有限公司,瓶
532,12.30,6901347880390,10.00,149.00,西安海和景商贸有限公司,盒
533,4.20,6970399920415,15.00,75.00,西安海和景商贸有限公司,瓶
534,5.20,6970399921092,1.00,6.30,西安海和景商贸有限公司,瓶
535,5.00,6970399922365,33.00,214.50,西安海和景商贸有限公司,瓶
536,5.00,6970399922518,34.00,221.00,西安海和景商贸有限公司,瓶
537,5.00,6970399927247,1.00,6.30,西安海和景商贸有限公司,瓶
538,2.10,6936571950052,1.00,2.50,西安海和景商贸有限公司,罐
539,8.00,6971836970123,2.00,19.80,西安海和景商贸有限公司,瓶
540,8.10,6971836970444,2.00,19.20,西安海和景商贸有限公司,瓶
541,4.40,6974906990588,3.00,16.20,西安海和景商贸有限公司,瓶
542,4.40,6974906990595,4.00,21.60,西安海和景商贸有限公司,瓶
543,3.90,6944839992065,1.00,4.70,西安海和景商贸有限公司,瓶
545,15.50,6920509001251,4.00,91.20,西安海和景商贸有限公司,袋
546,24.80,6920509001404,8.00,292.00,西安海和景商贸有限公司,袋
547,4.50,6941541002068,1.00,5.90,西安海和景商贸有限公司,盒
548,4.50,6941541002129,1.00,5.90,西安海和景商贸有限公司,盒
549,5.70,6941541005236,1.00,7.50,西安海和景商贸有限公司,盒
550,5.70,6941541006349,1.00,7.50,西安海和景商贸有限公司,盒
551,10.00,6971284201206,12.00,152.40,西安海和景商贸有限公司,盒
552,7.00,6971284201220,5.00,44.50,西安海和景商贸有限公司,盒
553,10.00,6971284201244,7.00,88.90,西安海和景商贸有限公司,盒
554,16.00,6971885311816,4.00,83.20,西安海和景商贸有限公司,盒
555,16.00,6971885311892,2.00,41.60,西安海和景商贸有限公司,盒
556,4.60,6926410320214,3.00,18.00,西安海和景商贸有限公司,盒
557,4.60,6926410321501,8.00,48.00,西安海和景商贸有限公司,盒
558,4.60,6926410330954,4.00,24.00,西安海和景商贸有限公司,盒
559,15.50,6971807592699,5.00,97.50,西安海和景商贸有限公司,袋
560,15.50,6971807593382,8.00,156.00,西安海和景商贸有限公司,袋
561,15.50,6971807593764,4.00,78.00,西安海和景商贸有限公司,袋
562,8.50,6972779770016,10.00,125.00,西安海和景商贸有限公司,袋
563,8.50,6972779770023,2.00,25.00,西安海和景商贸有限公司,袋
566,9.00,6922824000643,12.00,138.00,陕西臻泽农业发展有限公司,瓶
567,9.00,6922824001329,2.00,23.00,陕西臻泽农业发展有限公司,瓶
568,2.20,6907592001429,1.00,2.80,陕西臻泽农业发展有限公司,袋
569,6.50,4893888001575,3.00,25.50,陕西臻泽农业发展有限公司,瓶
570,11.00,6906303002434,2.00,33.00,陕西臻泽农业发展有限公司,瓶
571,6.50,6906303002441,1.00,8.50,陕西臻泽农业发展有限公司,袋
572,5.00,6901377002502,4.00,28.00,陕西臻泽农业发展有限公司,袋
573,3.30,6906303004469,4.00,18.00,陕西臻泽农业发展有限公司,袋
574,3.80,6906303004476,11.00,60.50,陕西臻泽农业发展有限公司,袋
575,3.80,6906303004605,2.00,11.00,陕西臻泽农业发展有限公司,袋
576,5.00,6906303004612,20.00,130.00,陕西臻泽农业发展有限公司,包
577,3.00,6906303004643,1.00,4.00,陕西臻泽农业发展有限公司,袋
578,3.50,6901754040936,14.00,63.00,陕西臻泽农业发展有限公司,袋
579,7.50,6922824055018,2.00,20.00,陕西臻泽农业发展有限公司,瓶
580,6.00,6922824055063,11.00,83.60,陕西臻泽农业发展有限公司,瓶
581,10.00,6922824075016,2.00,25.00,陕西臻泽农业发展有限公司,瓶
582,6.50,6936072100154,1.00,8.80,陕西臻泽农业发展有限公司,袋
583,7.50,6936072100369,1.00,9.50,陕西臻泽农业发展有限公司,袋
584,5.80,6936072100468,3.00,21.00,陕西臻泽农业发展有限公司,袋
585,24.00,6936072100871,1.00,34.90,陕西臻泽农业发展有限公司,袋
586,8.80,6922130101485,21.00,220.50,陕西臻泽农业发展有限公司,袋
587,13.00,6922130118483,6.00,99.00,陕西臻泽农业发展有限公司,瓶
588,1.70,6901754150505,16.00,35.20,陕西臻泽农业发展有限公司,袋
589,4.70,6924116170010,2.00,11.80,陕西臻泽农业发展有限公司,瓶
590,4.70,6924116188879,2.00,11.80,陕西臻泽农业发展有限公司,瓶
591,8.90,6902534238338,1.00,13.00,陕西臻泽农业发展有限公司,盒
592,1.60,6942046300017,1.00,2.00,陕西臻泽农业发展有限公司,袋
593,1.60,6942046300055,9.00,18.00,陕西臻泽农业发展有限公司,袋
594,3.50,6915993301895,3.00,13.50,陕西臻泽农业发展有限公司,袋
595,1.20,6915993302229,11.00,16.50,陕西臻泽农业发展有限公司,袋
596,1.20,6915993303028,19.00,28.50,陕西臻泽农业发展有限公司,袋
597,1.20,6915993303363,24.00,36.00,陕西臻泽农业发展有限公司,袋
598,11.00,6915993304650,3.00,43.80,陕西臻泽农业发展有限公司,袋
599,8.50,6918678310014,2.00,21.00,陕西臻泽农业发展有限公司,瓶
600,11.80,6935953399984,3.00,43.50,陕西臻泽农业发展有限公司,袋
601,12.50,6935953399991,5.00,74.50,陕西臻泽农业发展有限公司,袋
602,4.50,6955381400601,5.00,32.50,陕西臻泽农业发展有限公司,盒
603,4.50,6955381400700,6.00,39.00,陕西臻泽农业发展有限公司,盒
604,11.00,6918678423035,2.00,29.00,陕西臻泽农业发展有限公司,瓶
605,4.50,6935616500016,4.00,22.80,陕西臻泽农业发展有限公司,袋
606,18.00,6930305500049,3.00,65.40,陕西臻泽农业发展有限公司,瓶
607,2.20,6944296500049,4.00,11.20,陕西臻泽农业发展有限公司,袋
608,3.50,6920143500509,11.00,51.70,陕西臻泽农业发展有限公司,袋
609,8.50,6936749501109,9.00,106.20,陕西臻泽农业发展有限公司,盒
610,8.50,6936749501116,3.00,35.40,陕西臻泽农业发展有限公司,盒
611,5.30,6922848608870,1.00,6.30,陕西臻泽农业发展有限公司,盒
612,10.50,6939044610002,1.00,12.50,陕西臻泽农业发展有限公司,袋
613,12.70,6942032700029,12.00,190.80,陕西臻泽农业发展有限公司,袋
614,11.50,6942032700050,8.00,104.00,陕西臻泽农业发展有限公司,袋
615,11.50,6942032700067,7.00,91.00,陕西臻泽农业发展有限公司,袋
616,12.70,6942032700098,5.00,79.50,陕西臻泽农业发展有限公司,袋
617,8.50,6921804700184,3.00,33.00,陕西臻泽农业发展有限公司,瓶
618,9.00,6921804700757,3.00,34.50,陕西臻泽农业发展有限公司,瓶
619,10.00,6972011732017,3.00,38.40,陕西臻泽农业发展有限公司,瓶
620,22.50,6922877745508,5.00,165.00,陕西臻泽农业发展有限公司,盒
621,4.00,6970470758319,7.00,41.30,陕西臻泽农业发展有限公司,袋
622,13.00,6933453800078,6.00,102.00,陕西臻泽农业发展有限公司,袋
623,4.30,6925714800569,2.00,11.80,陕西臻泽农业发展有限公司,袋
624,1.30,6920633801048,3.00,4.50,陕西臻泽农业发展有限公司,袋
625,5.50,6972559820108,3.00,20.40,陕西臻泽农业发展有限公司,瓶
626,5.50,6920319827799,2.00,13.80,陕西臻泽农业发展有限公司,瓶
627,5.00,6911567886096,1.00,6.40,陕西臻泽农业发展有限公司,瓶
628,3.40,6906303888885,28.00,126.00,陕西臻泽农业发展有限公司,盒
629,3.40,6906303888908,3.00,13.50,陕西臻泽农业发展有限公司,袋
630,6.50,6928454900087,7.00,59.50,陕西臻泽农业发展有限公司,瓶
631,9.00,6947769900766,7.00,81.20,陕西臻泽农业发展有限公司,瓶
632,8.00,6922165900770,1.00,10.90,陕西臻泽农业发展有限公司,瓶
633,8.80,6947769901008,5.00,54.00,陕西臻泽农业发展有限公司,瓶
634,11.20,6909689901483,9.00,121.50,陕西臻泽农业发展有限公司,瓶
635,1.50,6917790975323,46.00,87.40,陕西臻泽农业发展有限公司,袋
638,21.80,6957335213015,7.00,180.60,西安超乐惠商贸有限公司,盒
639,37.00,6957335215026,2.00,91.20,西安超乐惠商贸有限公司,盒
640,23.00,6957335216023,8.00,214.40,西安超乐惠商贸有限公司,盒
641,29.50,6943036808032,20.00,718.00,西安超乐惠商贸有限公司,盒
642,12.10,6943036809015,6.00,88.80,西安超乐惠商贸有限公司,盒
643,67.00,6943036812046,1.00,79.00,西安超乐惠商贸有限公司,盒
645,8.00,6974613130079,1.00,9.90,西安超乐惠商贸有限公司,盒
646,8.00,6974613130086,1.00,9.90,西安超乐惠商贸有限公司,盒
647,46.00,6974613130345,2.00,110.00,西安超乐惠商贸有限公司,袋
649,12.50,6921774200639,4.00,55.20,西安超乐惠商贸有限公司,袋
650,4.00,6921774214070,2.00,8.80,西安超乐惠商贸有限公司,桶
651,4.00,6921774241540,2.00,8.80,西安超乐惠商贸有限公司,桶
652,4.00,6921774242714,4.00,17.60,西安超乐惠商贸有限公司,桶
653,14.50,6970870270152,1.00,17.60,西安超乐惠商贸有限公司,瓶
654,8.00,6970870270664,1.00,9.90,西安超乐惠商贸有限公司,瓶
655,8.00,6970870270671,6.00,59.40,西安超乐惠商贸有限公司,瓶
656,12.50,6921774271547,6.00,82.80,西安超乐惠商贸有限公司,袋
657,12.50,6921774271561,2.00,27.60,西安超乐惠商贸有限公司,袋
658,12.50,6921774271622,4.00,55.20,西安超乐惠商贸有限公司,袋
659,11.90,6970870272231,1.00,14.90,西安超乐惠商贸有限公司,瓶
660,12.50,6921774286305,2.00,27.60,西安超乐惠商贸有限公司,袋
661,23.20,3800014288381,1.00,28.50,西安超乐惠商贸有限公司,瓶
662,8.50,6901715291247,8.00,74.40,西安超乐惠商贸有限公司,袋
663,12.20,6901715292527,3.00,42.00,西安超乐惠商贸有限公司,袋
664,89.00,6954434300851,3.00,324.00,西安超乐惠商贸有限公司,盒
665,15.80,6923250611267,2.00,39.00,西安超乐惠商贸有限公司,袋
666,15.80,6923250611281,1.00,19.50,西安超乐惠商贸有限公司,袋
667,14.00,6919892634108,1.00,16.30,西安超乐惠商贸有限公司,袋
668,14.00,6919892634603,2.00,32.60,西安超乐惠商贸有限公司,袋
669,15.80,6923250642193,2.00,39.00,西安超乐惠商贸有限公司,袋
670,13.50,6920731700106,3.00,48.00,西安超乐惠商贸有限公司,盒
671,30.00,6931051900893,2.00,76.00,西安超乐惠商贸有限公司,盒
674,4.00,6974919370087,3.00,22.80,陕西野森林现代农业有限公司,袋
675,16.00,6974919370254,2.00,42.60,陕西野森林现代农业有限公司,袋
676,31.50,6974919370476,1.00,41.30,陕西野森林现代农业有限公司,袋
677,6.00,6974919371367,4.00,31.20,陕西野森林现代农业有限公司,袋
678,5.50,6974919371374,1.00,7.60,陕西野森林现代农业有限公司,袋
679,22.50,6974919371923,6.00,174.00,陕西野森林现代农业有限公司,袋
680,6.50,6974919372210,2.00,17.00,陕西野森林现代农业有限公司,袋
681,13.00,6926213557985,1.00,17.60,陕西野森林现代农业有限公司,袋
682,20.00,6928710600034,7.00,182.00,陕西野森林现代农业有限公司,袋
683,45.00,6928710600058,1.00,54.80,陕西野森林现代农业有限公司,包
684,20.00,6928710600065,5.00,124.00,陕西野森林现代农业有限公司,袋
685,18.00,6928710600072,4.00,92.00,陕西野森林现代农业有限公司,袋
686,18.00,6928710600089,7.00,166.60,陕西野森林现代农业有限公司,包
687,26.00,6928710600096,8.00,278.40,陕西野森林现代农业有限公司,袋
688,7.50,6928710600164,7.00,62.30,陕西野森林现代农业有限公司,袋
689,20.00,6924773600257,8.00,200.00,陕西野森林现代农业有限公司,袋
690,37.00,6928710600362,6.00,297.00,陕西野森林现代农业有限公司,包
691,22.00,6928710600485,11.00,313.50,陕西野森林现代农业有限公司,包
692,15.00,6928710600980,1.00,18.50,陕西野森林现代农业有限公司,袋
693,15.00,6928710601178,1.00,19.50,陕西野森林现代农业有限公司,袋
694,6.00,6928710601215,5.00,37.50,陕西野森林现代农业有限公司,包
695,52.00,6928710601512,4.00,270.00,陕西野森林现代农业有限公司,包
696,33.00,6928710601611,1.00,45.00,陕西野森林现代农业有限公司,袋
697,65.00,6928710601765,5.00,399.50,陕西野森林现代农业有限公司,袋
698,65.00,6928710601772,1.00,79.90,陕西野森林现代农业有限公司,袋
699,50.00,6928710602212,1.00,62.50,陕西野森林现代农业有限公司,袋
700,45.00,6928710602304,3.00,173.70,陕西野森林现代农业有限公司,袋
701,29.00,6928710609075,2.00,78.00,陕西野森林现代农业有限公司,袋
702,14.00,6928710609228,2.00,39.80,陕西野森林现代农业有限公司,瓶
703,11.50,6928710660052,3.00,47.10,陕西野森林现代农业有限公司,袋
704,48.00,6928710660069,1.00,64.90,陕西野森林现代农业有限公司,袋
706,7.00,6907592000026,1.00,8.80,陕西野森林现代农业有限公司,瓶
707,5.90,6907592001245,3.00,21.00,陕西野森林现代农业有限公司,瓶
708,5.90,6907592001948,8.00,60.00,陕西野森林现代农业有限公司,瓶
709,9.00,6907592002013,8.00,102.40,陕西野森林现代农业有限公司,瓶
710,6.00,6907592007025,1.00,7.90,陕西野森林现代农业有限公司,瓶
711,1.30,6926198012233,45.00,81.00,陕西野森林现代农业有限公司,袋
712,11.00,6924115086107,2.00,27.80,陕西野森林现代农业有限公司,瓶
713,8.00,6902265107057,2.00,21.00,陕西野森林现代农业有限公司,瓶
714,13.50,6902131110020,9.00,148.50,陕西野森林现代农业有限公司,盒
715,8.30,6902265114321,2.00,22.00,陕西野森林现代农业有限公司,瓶
716,9.80,6902265114369,1.00,14.20,陕西野森林现代农业有限公司,瓶
717,8.00,6902265114888,4.00,39.60,陕西野森林现代农业有限公司,瓶
718,5.50,6902265115496,3.00,20.40,陕西野森林现代农业有限公司,瓶
719,8.00,6902131130011,5.00,60.00,陕西野森林现代农业有限公司,盒
720,18.00,6902131130882,11.00,255.20,陕西野森林现代农业有限公司,盒
721,9.90,6902265150015,6.00,69.00,陕西野森林现代农业有限公司,瓶
722,6.40,6902265170501,8.00,68.00,陕西野森林现代农业有限公司,瓶
723,7.00,6925316299556,3.00,25.50,陕西野森林现代农业有限公司,瓶
724,6.50,6902265360018,9.00,71.10,陕西野森林现代农业有限公司,瓶
725,23.00,6974919370025,13.00,439.40,陕西野森林现代农业有限公司,袋
726,4.50,6974919370124,1.00,8.00,陕西野森林现代农业有限公司,袋
727,7.50,6902265440291,2.00,24.00,陕西野森林现代农业有限公司,瓶
728,5.50,6902265470236,5.00,32.50,陕西野森林现代农业有限公司,瓶
729,7.00,6926213558272,1.00,8.80,陕西野森林现代农业有限公司,盒
730,6.00,6926213559019,2.00,15.40,陕西野森林现代农业有限公司,瓶
731,12.00,6971851560026,3.00,56.70,陕西野森林现代农业有限公司,袋
732,9.00,6926213560831,1.00,13.00,陕西野森林现代农业有限公司,袋
733,5.70,6928710605176,2.00,16.00,陕西野森林现代农业有限公司,袋
734,43.00,6928710609532,1.00,63.00,陕西野森林现代农业有限公司,盒
735,26.00,6928710609549,1.00,38.00,陕西野森林现代农业有限公司,盒
736,8.50,6928710609556,2.00,26.00,陕西野森林现代农业有限公司,盒
737,27.00,6928710609570,1.00,39.00,陕西野森林现代农业有限公司,盒
738,8.50,6928710609587,4.00,52.00,陕西野森林现代农业有限公司,盒
739,22.00,6928710609594,7.00,224.00,陕西野森林现代农业有限公司,盒
740,19.00,6928710609600,4.00,112.00,陕西野森林现代农业有限公司,盒
741,6.00,6928710609761,3.00,25.50,陕西野森林现代农业有限公司,袋
742,11.50,6928710609778,4.00,62.80,陕西野森林现代农业有限公司,袋
743,4.60,6902265610014,8.00,51.20,陕西野森林现代农业有限公司,瓶
744,10.50,6921956645586,1.00,12.50,陕西野森林现代农业有限公司,瓶
745,9.00,6972786771242,4.00,46.00,陕西野森林现代农业有限公司,瓶
746,7.00,6972786771389,7.00,80.50,陕西野森林现代农业有限公司,瓶
747,18.50,6972786771433,1.00,25.00,陕西野森林现代农业有限公司,瓶
748,19.00,6972786772775,1.00,26.00,陕西野森林现代农业有限公司,瓶
749,23.00,6972786773505,2.00,64.00,陕西野森林现代农业有限公司,瓶
750,8.50,6972786775387,5.00,67.00,陕西野森林现代农业有限公司,瓶
751,12.00,6928312900204,5.00,87.50,陕西野森林现代农业有限公司,瓶
752,24.00,6928312900525,8.00,299.20,陕西野森林现代农业有限公司,瓶
753,11.50,6928312900709,4.00,76.80,陕西野森林现代农业有限公司,瓶
754,9.00,6928312911668,7.00,81.90,陕西野森林现代农业有限公司,瓶
755,8.50,6928312918001,1.00,10.20,陕西野森林现代农业有限公司,瓶
756,11.50,6928312961090,2.00,38.40,陕西野森林现代农业有限公司,瓶
757,10.50,6942806981999,1.00,13.50,陕西野森林现代农业有限公司,瓶
758,12.90,6942806983429,3.00,51.00,陕西野森林现代农业有限公司,瓶
759,11.90,6942806983511,1.00,15.00,陕西野森林现代农业有限公司,瓶
760,16.50,6928312984228,1.00,21.00,陕西野森林现代农业有限公司,瓶
762,11.00,6928710600331,8.00,108.00,陕西野森林现代农业有限公司,袋
763,18.00,6928710600553,17.00,382.50,陕西野森林现代农业有限公司,包
764,20.00,6928710600560,6.00,155.40,陕西野森林现代农业有限公司,包
765,17.50,6928710600577,5.00,114.00,陕西野森林现代农业有限公司,包
766,12.50,6928710600584,2.00,32.60,陕西野森林现代农业有限公司,包
767,20.00,6928710600614,16.00,416.00,陕西野森林现代农业有限公司,包
768,18.00,6928710600621,4.00,94.00,陕西野森林现代农业有限公司,包
769,12.00,6928710601147,3.00,47.40,陕西野森林现代农业有限公司,袋
770,6.20,6928710601284,1.00,7.50,陕西野森林现代农业有限公司,包
771,5.50,6928710601406,2.00,16.00,陕西野森林现代农业有限公司,包
772,9.00,6928710660175,1.00,12.50,陕西野森林现代农业有限公司,袋
775,15.00,6950327000884,16.00,302.40,西安品优兴农产品有限公司,袋
776,20.50,6950327001041,1.00,25.80,西安品优兴农产品有限公司,袋
777,19.50,6950327001058,5.00,119.50,西安品优兴农产品有限公司,袋
778,75.00,6971881050054,23.00,"2,185.00",西安品优兴农产品有限公司,袋
779,90.00,6971881050238,4.00,472.00,西安品优兴农产品有限公司,袋
780,18.00,6947689112102,7.00,161.00,西安品优兴农产品有限公司,袋
781,50.00,6947689112454,13.00,767.00,西安品优兴农产品有限公司,袋
782,30.00,4891913367238,1.00,37.90,西安品优兴农产品有限公司,袋
783,17.00,6945482421773,9.00,189.00,西安品优兴农产品有限公司,盒
784,17.00,6976354450034,2.00,42.00,西安品优兴农产品有限公司,袋
785,63.00,6976354450058,4.00,312.00,西安品优兴农产品有限公司,袋
786,36.00,6947773601949,2.00,98.00,西安品优兴农产品有限公司,盒
787,18.00,6971738655333,3.00,64.50,西安品优兴农产品有限公司,袋
788,13.00,6971738655364,3.00,47.40,西安品优兴农产品有限公司,袋
789,13.00,6971738655371,6.00,94.80,西安品优兴农产品有限公司,袋
790,13.00,6971738655395,4.00,63.20,西安品优兴农产品有限公司,袋
791,19.00,6971738656095,4.00,87.20,西安品优兴农产品有限公司,袋
792,9.00,6921665714429,2.00,23.60,西安品优兴农产品有限公司,袋
793,9.00,6921665714436,4.00,47.20,西安品优兴农产品有限公司,袋
794,10.00,6921665732577,2.00,25.60,西安品优兴农产品有限公司,袋
795,52.00,6958196800338,22.00,"1,353.00",西安品优兴农产品有限公司,袋
796,34.00,6958196800499,8.00,320.00,西安品优兴农产品有限公司,盒
797,75.00,6957890900335,1.00,98.00,西安品优兴农产品有限公司,袋
798,103.00,6957890900336,8.00,"1,024.00",西安品优兴农产品有限公司,盒
799,150.00,6973820980132,5.00,925.00,西安品优兴农产品有限公司,袋
802,19.00,6952480000800,7.00,166.60,西安和天熙商贸有限公司,袋
803,8.50,3185610001139,2.00,22.00,西安和天熙商贸有限公司,袋
804,34.00,8002650002177,1.00,45.00,西安和天熙商贸有限公司,袋
805,13.50,6925723002411,7.00,116.20,西安和天熙商贸有限公司,袋
806,40.00,9556854006008,2.00,104.00,西安和天熙商贸有限公司,袋
807,10.00,4713507008337,1.00,13.00,西安和天熙商贸有限公司,盒
808,10.00,4713507008344,1.00,13.00,西安和天熙商贸有限公司,盒
809,11.00,4894375010995,5.00,70.00,西安和天熙商贸有限公司,袋
810,11.00,4894375011008,6.00,84.00,西安和天熙商贸有限公司,袋
811,8.30,4713507011528,3.00,30.60,西安和天熙商贸有限公司,包
812,8.30,4713507019135,6.00,61.20,西安和天熙商贸有限公司,包
813,13.50,4894375022530,2.00,35.60,西安和天熙商贸有限公司,袋
814,13.50,4894375022547,1.00,17.80,西安和天熙商贸有限公司,袋
815,8.80,9556121024025,1.00,11.00,西安和天熙商贸有限公司,袋
816,33.00,9556121027149,2.00,84.00,西安和天熙商贸有限公司,袋
817,39.00,9556121027163,1.00,50.00,西安和天熙商贸有限公司,袋
818,17.00,6918598028105,5.00,122.50,西安和天熙商贸有限公司,袋
819,6.40,6901845040685,1.00,7.90,西安和天熙商贸有限公司,盒
820,6.40,6901845040692,1.00,7.90,西安和天熙商贸有限公司,盒
821,6.40,6901845040951,2.00,15.80,西安和天熙商贸有限公司,盒
822,8.30,80050278,15.00,147.00,西安和天熙商贸有限公司,支
823,9.50,029173092964,1.00,12.00,西安和天熙商贸有限公司,袋
824,9.50,029173092971,1.00,12.00,西安和天熙商贸有限公司,袋
825,21.50,6909995101676,1.00,25.50,西安和天熙商贸有限公司,袋
826,9.80,6923976110136,3.00,38.70,西安和天熙商贸有限公司,袋
827,21.50,6909995110326,1.00,25.50,西安和天熙商贸有限公司,袋
828,9.80,6923976112161,1.00,12.90,西安和天熙商贸有限公司,袋
829,10.00,8935024140147,9.00,117.00,西安和天熙商贸有限公司,袋
830,40.00,8935024149669,1.00,50.00,西安和天熙商贸有限公司,袋
831,5.20,6901306180707,1.00,6.70,西安和天熙商贸有限公司,袋
832,5.20,6901306180714,13.00,87.10,西安和天熙商贸有限公司,袋
833,5.20,6901306180738,1.00,6.70,西安和天熙商贸有限公司,袋
834,9.80,6923976181266,4.00,51.60,西安和天熙商贸有限公司,袋
835,30.40,6971284200049,3.00,119.70,西安和天熙商贸有限公司,盒
836,30.40,6971284200063,2.00,79.80,西安和天熙商贸有限公司,盒
837,13.00,6914973200685,4.00,67.60,西安和天熙商贸有限公司,袋
838,4.50,6954003201299,3.00,18.00,西安和天熙商贸有限公司,
839,26.00,5410081201848,1.00,35.00,西安和天熙商贸有限公司,盒
840,30.50,6914973206106,3.00,111.00,西安和天熙商贸有限公司,盒
841,30.00,6959479300422,2.00,80.00,西安和天熙商贸有限公司,袋
842,42.00,6914973300828,4.00,184.00,西安和天熙商贸有限公司,条
843,18.00,9588552322302,2.00,46.00,西安和天熙商贸有限公司,盒
844,13.00,8032755323761,1.00,17.00,西安和天熙商贸有限公司,袋
845,27.00,8809420330740,1.00,34.00,西安和天熙商贸有限公司,瓶
846,10.20,6923668390075,7.00,88.90,西安和天熙商贸有限公司,袋
847,10.20,6923668390181,6.00,76.20,西安和天熙商贸有限公司,袋
848,13.50,6931802400047,15.00,253.50,西安和天熙商贸有限公司,袋
849,13.50,6931802400078,6.00,101.40,西安和天熙商贸有限公司,袋
850,18.00,6923228400404,4.00,92.00,西安和天熙商贸有限公司,袋
851,5.00,6922895401226,10.00,65.00,西安和天熙商贸有限公司,袋
852,6.30,6925843404249,6.00,45.00,西安和天熙商贸有限公司,包
853,11.00,8993175537391,1.00,14.50,西安和天熙商贸有限公司,袋
854,7.80,9556023564599,1.00,10.50,西安和天熙商贸有限公司,
855,8.50,4716076571462,2.00,22.00,西安和天熙商贸有限公司,袋
856,8.50,4716076571479,1.00,11.00,西安和天熙商贸有限公司,袋
857,8.00,4716076571691,1.00,10.50,西安和天熙商贸有限公司,袋
858,8.00,4716076571707,2.00,21.00,西安和天熙商贸有限公司,袋
859,8.00,4716076571714,1.00,10.50,西安和天熙商贸有限公司,袋
860,8.00,4716076571745,1.00,10.50,西安和天熙商贸有限公司,袋
861,8.00,4716076571769,1.00,10.50,西安和天熙商贸有限公司,袋
862,28.00,4712764583595,2.00,76.00,西安和天熙商贸有限公司,瓶
863,13.00,6914973601567,2.00,33.80,西安和天熙商贸有限公司,条
864,27.00,6925785601898,1.00,33.80,西安和天熙商贸有限公司,袋
865,9.50,6948939602381,4.00,51.60,西安和天熙商贸有限公司,袋
866,9.50,6948939602404,3.00,38.70,西安和天熙商贸有限公司,袋
867,8.50,6948939602572,1.00,11.80,西安和天熙商贸有限公司,袋
868,27.00,6925785603441,2.00,67.80,西安和天熙商贸有限公司,袋
869,31.00,6914973604223,4.00,146.00,西安和天熙商贸有限公司,盒
870,31.00,6914973604230,2.00,73.00,西安和天熙商贸有限公司,盒
871,31.00,6925785605797,1.00,35.80,西安和天熙商贸有限公司,袋
872,54.00,6925785605865,2.00,131.80,西安和天熙商贸有限公司,罐
873,31.00,6925785605902,1.00,38.90,西安和天熙商贸有限公司,袋
874,14.00,6920153606215,1.00,17.50,西安和天熙商贸有限公司,袋
875,14.00,6920153606222,2.00,35.00,西安和天熙商贸有限公司,袋
876,9.80,6948939608208,2.00,25.80,西安和天熙商贸有限公司,袋
877,12.50,4897044643081,1.00,16.00,西安和天熙商贸有限公司,袋
878,11.40,4897044644613,1.00,15.00,西安和天熙商贸有限公司,袋
879,10.00,6923450656150,5.00,62.50,西安和天熙商贸有限公司,瓶
880,10.00,6923450656181,8.00,100.00,西安和天熙商贸有限公司,盒
881,10.00,6923450656860,8.00,100.00,西安和天熙商贸有限公司,瓶
882,10.00,6923450657638,2.00,25.00,西安和天熙商贸有限公司,瓶
883,10.00,6923450657935,5.00,62.50,西安和天熙商贸有限公司,瓶
884,7.70,6923450662106,9.00,89.10,西安和天熙商贸有限公司,瓶
885,14.00,6972636670213,7.00,125.30,西安和天熙商贸有限公司,袋
886,14.00,6972636670237,7.00,125.30,西安和天熙商贸有限公司,袋
887,14.00,6972636670244,2.00,35.80,西安和天熙商贸有限公司,袋
888,80.00,6974900680270,4.00,388.00,西安和天熙商贸有限公司,盒
889,32.00,6974900680560,3.00,117.00,西安和天熙商贸有限公司,盒
890,36.00,6974900680737,2.00,88.00,西安和天熙商贸有限公司,盒
891,10.00,6927682700018,5.00,64.00,西安和天熙商贸有限公司,袋
892,14.00,4715219771615,2.00,37.00,西安和天熙商贸有限公司,袋
893,16.50,6920907801347,1.00,21.50,西安和天熙商贸有限公司,盒
894,9.50,6940188801560,2.00,24.00,西安和天熙商贸有限公司,包
895,10.00,6940188801591,1.00,13.00,西安和天熙商贸有限公司,包
896,10.00,6940188801607,1.00,13.00,西安和天熙商贸有限公司,包
897,10.00,6940188801638,11.00,143.00,西安和天熙商贸有限公司,袋
898,16.00,6959629805463,3.00,63.00,西安和天熙商贸有限公司,盒
899,16.00,6959629805470,2.00,42.00,西安和天熙商贸有限公司,盒
900,16.00,6959629805487,2.00,42.00,西安和天熙商贸有限公司,盒
901,16.00,6959629805531,1.00,21.00,西安和天熙商贸有限公司,盒
902,16.00,6959629805548,1.00,21.00,西安和天熙商贸有限公司,盒
903,3.70,6920907808179,2.00,9.00,西安和天熙商贸有限公司,盒
904,3.70,6920907808278,2.00,9.00,西安和天熙商贸有限公司,盒
905,5.00,6920907808575,2.00,11.80,西安和天熙商贸有限公司,袋
906,5.00,6920907808612,2.00,11.80,西安和天熙商贸有限公司,袋
907,7.00,6920907809862,3.00,25.50,西安和天熙商贸有限公司,罐
908,7.00,6920907809886,6.00,51.00,西安和天熙商贸有限公司,罐
909,7.00,6920907809909,4.00,34.00,西安和天熙商贸有限公司,桶
910,15.00,6934364814697,8.00,152.00,西安和天熙商贸有限公司,袋
911,10.70,6924187821644,8.00,111.20,西安和天熙商贸有限公司,袋
912,11.20,6924187821989,2.00,31.80,西安和天熙商贸有限公司,袋
913,13.50,6924187822337,6.00,114.00,西安和天熙商贸有限公司,包
914,8.00,4712883834257,3.00,31.50,西安和天熙商贸有限公司,袋
915,14.00,4712883837876,2.00,36.00,西安和天熙商贸有限公司,袋
916,14.00,4712883837883,2.00,36.00,西安和天熙商贸有限公司,袋
917,6.80,6924187851160,8.00,71.20,西安和天熙商贸有限公司,袋
918,33.00,6924187858725,2.00,89.00,西安和天熙商贸有限公司,袋
919,12.90,6970209860221,4.00,68.00,西安和天熙商贸有限公司,袋
920,12.90,6970209860467,4.00,68.00,西安和天熙商贸有限公司,袋
921,10.00,6971529861257,1.00,13.00,西安和天熙商贸有限公司,袋
922,28.00,6924187875333,1.00,36.00,西安和天熙商贸有限公司,盒
923,18.70,9556023875985,3.00,72.00,西安和天熙商贸有限公司,盒
924,32.00,6924187876576,2.00,85.80,西安和天熙商贸有限公司,盒
925,32.00,4897025882539,2.00,82.00,西安和天熙商贸有限公司,盒
926,11.50,6937451883118,1.00,15.00,西安和天熙商贸有限公司,盒
927,14.00,6937451883231,1.00,18.00,西安和天熙商贸有限公司,盒
928,23.00,6924187889309,1.00,29.00,西安和天熙商贸有限公司,盒
929,23.00,6924187889316,1.00,29.00,西安和天熙商贸有限公司,盒
930,13.50,4897025889453,2.00,36.00,西安和天熙商贸有限公司,袋
931,13.50,4897025889460,5.00,90.00,西安和天熙商贸有限公司,袋
932,72.00,6924187892637,1.00,95.00,西安和天熙商贸有限公司,盒
933,9.00,6920609900362,16.00,184.00,西安和天熙商贸有限公司,袋
934,9.50,6920130971879,4.00,55.20,西安和天熙商贸有限公司,袋
935,9.50,6920130971886,2.00,27.60,西安和天熙商贸有限公司,袋
936,18.70,9556023986476,1.00,24.00,西安和天熙商贸有限公司,盒
937,11.00,6926972995202,1.00,13.50,西安和天熙商贸有限公司,盒
938,11.00,6926972995219,2.00,27.00,西安和天熙商贸有限公司,盒
939,11.00,6926972995226,1.00,13.50,西安和天熙商贸有限公司,盒
941,16.50,6911569009943,17.00,365.50,西安和天熙商贸有限公司,袋
942,10.70,6911569014145,4.00,52.80,西安和天熙商贸有限公司,袋
943,19.00,6911569113497,6.00,161.40,西安和天熙商贸有限公司,袋
944,19.00,6911569114456,15.00,433.50,西安和天熙商贸有限公司,袋
945,12.00,6911569126398,4.00,67.60,西安和天熙商贸有限公司,袋
946,12.00,6911569126411,1.00,16.90,西安和天熙商贸有限公司,袋
947,10.50,6911569132313,3.00,40.50,西安和天熙商贸有限公司,袋
948,7.50,6911569140158,4.00,39.60,西安和天熙商贸有限公司,袋
949,18.00,6911569145061,9.00,202.50,西安和天熙商贸有限公司,袋
950,20.00,6911569200289,2.00,52.00,西安和天熙商贸有限公司,袋
951,3.80,6924640202225,12.00,60.00,西安和天熙商贸有限公司,袋
952,16.50,6911569506848,2.00,43.00,西安和天熙商贸有限公司,袋
954,12.00,4100290007072,2.00,30.00,西安和天熙商贸有限公司,盒
955,12.00,4100290007089,1.00,15.00,西安和天熙商贸有限公司,盒
956,5.00,5711953044366,7.00,43.40,西安和天熙商贸有限公司,盒
957,5.00,5711953044380,11.00,68.20,西安和天熙商贸有限公司,盒
958,78.00,6955801118659,2.00,208.00,西安和天熙商贸有限公司,盒
959,12.00,4260290260010,16.00,240.00,西安和天熙商贸有限公司,盒
960,12.00,4260290260027,2.00,30.00,西安和天熙商贸有限公司,盒
961,48.00,4260290263042,1.00,59.00,西安和天熙商贸有限公司,提
962,10.50,9300639500041,13.00,169.00,西安和天熙商贸有限公司,盒
963,36.00,6904007602578,1.00,40.00,西安和天熙商贸有限公司,提
964,36.00,6904007605920,1.00,40.00,西安和天熙商贸有限公司,提
965,38.00,6904007606606,7.00,312.90,西安和天熙商贸有限公司,提
966,15.00,6904007607856,1.00,18.00,西安和天熙商贸有限公司,盒
967,10.00,6904007607917,8.00,100.00,西安和天熙商贸有限公司,袋
968,16.00,6904007608211,2.00,40.20,西安和天熙商贸有限公司,盒
969,6.50,6904007608563,1.00,7.90,西安和天熙商贸有限公司,杯
970,6.50,6904007608570,5.00,39.50,西安和天熙商贸有限公司,盒
971,15.20,6904007610542,1.00,18.90,西安和天熙商贸有限公司,盒
973,6.50,3179730010560,24.00,204.00,西安和天熙商贸有限公司,瓶
974,6.50,3179730010591,24.00,204.00,西安和天熙商贸有限公司,瓶
975,5.20,3068320055008,4.00,26.40,西安和天熙商贸有限公司,瓶
976,3.70,6901808188881,42.00,189.00,西安和天熙商贸有限公司,罐
977,64.00,4891599331288,1.00,78.00,西安和天熙商贸有限公司,盒
978,3.20,6956367338680,16.00,64.00,西安和天熙商贸有限公司,罐
979,2.40,6970783730019,16.00,48.00,西安和天熙商贸有限公司,瓶
980,2.40,6970783730132,1.00,3.00,西安和天熙商贸有限公司,瓶
981,3.50,6925303730574,1.00,4.30,西安和天熙商贸有限公司,瓶
984,5.40,6956405212927,8.00,53.60,西安其林贸易有限公司,袋
985,5.40,6956405213610,1.00,6.90,西安其林贸易有限公司,袋
986,5.40,6956405213627,8.00,53.60,西安其林贸易有限公司,袋
987,5.40,6956405213962,1.00,6.70,西安其林贸易有限公司,袋
988,10.20,6941297400217,1.00,12.70,西安其林贸易有限公司,袋
989,15.90,6975624411010,3.00,56.10,西安其林贸易有限公司,盒
990,3.70,6947798800112,41.00,192.70,西安其林贸易有限公司,瓶
991,5.30,6974197980008,24.00,165.60,西安其林贸易有限公司,瓶
1009,13.40,6975915740010,4.00,66.80,西安草滩金牛餐饮管理有限公司,袋
1010,32.00,6975915740027,2.00,79.60,西安草滩金牛餐饮管理有限公司,盒
1011,8.00,6975915740034,5.00,50.00,西安草滩金牛餐饮管理有限公司,瓶
1012,8.00,6975915740041,11.00,110.00,西安草滩金牛餐饮管理有限公司,瓶
1013,8.00,6975915740058,6.00,60.00,西安草滩金牛餐饮管理有限公司,瓶
1014,2.00,6975915740065,33.00,82.50,西安草滩金牛餐饮管理有限公司,杯
1017,174.00,8412253001437,6.00,"1,314.00",西安阜隆商贸有限公司,瓶
1018,84.00,6909931264151,1.00,98.00,西安阜隆商贸有限公司,桶
1019,70.00,6926650313151,1.00,86.00,西安阜隆商贸有限公司,桶
1020,64.00,6926650331483,1.00,78.00,西安阜隆商贸有限公司,桶
1022,31.00,6921555521236,9.00,333.00,西安阜隆商贸有限公司,袋
1025,24.00,6972808381992,4.00,119.60,西安市禾采商贸有限公司,瓶
1026,98.00,6972808388922,3.00,357.00,西安市禾采商贸有限公司,桶
1028,37.20,6972808381145,1.00,45.50,西安市禾采商贸有限公司,袋
1030,47.00,6939656100090,5.00,287.50,西安市禾采商贸有限公司,瓶
1031,47.00,6939656100663,2.00,115.00,西安市禾采商贸有限公司,瓶
1032,55.00,6972808380421,2.00,133.80,西安市禾采商贸有限公司,盒
1033,19.50,6972808382180,1.00,25.50,西安市禾采商贸有限公司,盒
1034,22.00,6972808382388,1.00,27.00,西安市禾采商贸有限公司,盒
1035,19.20,6973044387731,1.00,24.50,西安市禾采商贸有限公司,盒
