,amount,categoryName,cost,currPrice,productName,serialNum
2,29.0,大米,106.0,129.0,中粮泰国茉莉香米5kg,8853969008035
3,32.0,大米,68.0,81.0,老哥五常稻花香米5kg,6947475902405
4,4.0,大米,62.0,73.9,鲁花松嫩源香大米,6971938360150
5,14.0,大米,85.0,96.0,有机大米长粒香5kg,6937191310844
6,2.0,大米,37.0,45.0,福临门麦香粉5kg,6944910355765
7,4.0,大米,114.0,144.0,老哥俩有机稻花香米5kg,6947475903242
8,23.0,大米,68.0,82.0,中粮柬埔寨香米5kg,6944910358360
9,69.0,大米,62.0,79.9,鲁花生态粳米5kg,6971938360006
10,18.0,大米,64.0,75.8,老哥俩米5kg,6947475900913
11,24.0,大米,65.0,79.9,鲁花长粒香米5kg,6971938360044
12,15.0,大米,54.0,78.2,有机黑芝麻668g,6970866090177
13,7.0,大米,112.0,139.9,鲁花五常大米5kg,6971938360075
14,17.0,大米,62.0,79.9,十月稻田生态稻香米5kg,6953721703580
15,10.0,大米,125.0,158.8,有机三色黎麦,6970866090597
16,11.0,大米,100.0,128.8,奇亚籽,6970866090580
18,18.0,蛋糕,13.5,16.0,全麦吐司350g,1008861919350056
19,2.0,蛋糕,7.04,8.0,甜甜圈60g,6371251244
20,15.0,蛋糕,11.26,12.8,丹麦可颂100g,6371251242
21,19.0,蛋糕,21.12,24.0,蛋挞60g*4,6371251245
22,8.0,蛋糕,16.9,19.9,南国椰蓉450g,1008861919350360
23,8.0,蛋糕,12.5,14.9,白汉堡200g,1008861919350452
24,1.0,蛋糕,33.6,42.8,奇亚籽蓝莓果仁吐司5片装,2010311951431
25,7.0,蛋糕,12.0,14.7,寿司卷150g,1008861919350614
26,5.0,蛋糕,13.5,16.3,日式冷切饼干120g,1008861919350613
27,16.0,蛋糕,10.0,12.0,法式熏鸡三明治110g,1008861919350469
28,5.0,蛋糕,15.0,18.0,蔓越莓饼干150g,1008861919350087
29,16.0,蛋糕,10.0,12.0,金枪鱼三明治110g,1008861919350438
30,1.0,蛋糕,15.0,17.8,黑钻110g,1008861919350384
31,3.0,蛋糕,15.0,17.8,原味曲奇120g,1008861919350377
40,19.0,蛋糕,15.0,17.8,超绵白吐司无蛋350g,1008861919350322
41,3.0,蛋糕,15.0,17.8,花生酥,1008861919350261
42,15.0,蛋糕,12.0,14.7,肉松小贝140g,1008861919350616
43,3.0,蛋糕,15.84,18.0,安琪彩虹慕斯135g,6371251261
44,9.0,蛋糕,22.88,26.0,看家鳗鱼寿司204g,6371251273
45,18.0,蛋糕,32.4,40.8,生椰拿铁135g,2302128712597
46,1.0,蛋糕,28.16,32.0,帝王蟹柳寿司302g,6371251272
47,4.0,蛋糕,34.32,39.0,缤纷组合寿司272g,6371251271
48,6.0,蛋糕,20.1,25.8,全麦果仁吐司5片装,2010317194674
49,3.0,蛋糕,25.52,29.0,一人食寿司231g,6371251270
50,3.0,蛋糕,33.6,42.8,榛子巧克力吐司5片装,2010305181708
51,23.0,蛋糕,34.8,43.8,招牌榴莲110g,2302126180537
52,2.0,蛋糕,31.68,36.0,京禾八点寿司284g,6371251269
53,7.0,蛋糕,16.54,18.8,椰蓉红豆200g,6371251246
54,2.0,蛋糕,15.84,18.0,水果盒子220g,6371251260
55,3.0,蛋糕,15.84,18.0,雪媚娘230g,6371251258
56,5.0,蛋糕,15.84,18.0,桃你喜欢160g,6371251257
57,5.0,蛋糕,17.6,20.0,榴莲酥42g*4,6371251253
58,8.0,蛋糕,28.16,32.0,蛋黄酥64g*4,6371251252
59,8.0,蛋糕,8.8,10.0,奶香片150g,6371251251
60,9.0,蛋糕,8.8,10.0,肉松包60g,6371251249
61,12.0,蛋糕,12.14,13.8,丹麦干果条130g,6371251248
62,19.0,蛋糕,34.8,43.8,流心小芒150g,2302129018543
63,3.0,蛋糕,13.9,15.8,草莓魔法棒120g,6371251247
64,2.0,蛋糕,10.56,12.0,传统寿司卷寿司234g,6371251274
65,7.0,蛋糕,9.8,14.0,司康饼干100g,1008862021070012
66,3.0,蛋糕,13.2,15.0,脏脏包250g,6371251235
67,8.0,蛋糕,13.2,15.0,奶油毛毛虫250g,6371251234
68,5.0,蛋糕,17.8,22.8,原味吐司5片装,2010319242255
69,38.0,蛋糕,34.8,43.8,G0g0Iemon(柠檬)150g,2302124568167
78,28.0,蛋糕,32.4,40.8,紫薯芋泥170g,2302122979120
79,14.0,蛋糕,19.6,24.8,柠檬玛德琳130g,2302122979121
80,20.0,蛋糕,14.0,17.8,原味曲奇110g(一客),2302122979222
81,13.0,蛋糕,11.0,14.0,泡芙,1008862021070005
82,18.0,蛋糕,13.0,16.5,肉松手撕300g,1008862021070008
83,11.0,蛋糕,10.56,12.0,小章鱼60g,6371251236
84,9.0,蛋糕,12.5,16.8,厚切三明治160g,1008862021070018
85,16.0,蛋糕,10.38,11.8,低糖吐司350g,6948942512691
86,8.0,蛋糕,8.62,9.8,玉米吐司270g,6948942511618
87,12.0,蛋糕,28.0,35.8,黑糖红枣吐司5片装,2010314031598
88,7.0,蛋糕,8.62,9.8,杂粮吐司270g,6948942511069
89,3.0,蛋糕,7.5,9.5,醇臻全麦面包400g,6924877506202
90,29.0,蛋糕,34.8,43.8,整个开心125g,2302123079794
91,2.0,蛋糕,12.3,16.0,黄油布利330g,6924877502488
92,1.0,蛋糕,15.6,19.8,榛子巧克力曲奇120g,2301229871234
93,10.0,蛋糕,20.5,26.0,黑森林180g,1008861919351329
94,16.0,蛋糕,12.5,16.0,牛奶喜多块200g,1008861919352135
95,9.0,蛋糕,19.5,24.0,提拉米苏230g,1008861919353231
96,14.0,蛋糕,16.5,19.9,日式低糖红豆土司450g,1008861919353064
97,7.0,蛋糕,11.6,13.8,奶香片120g,1008861919353057
98,24.0,蛋糕,11.5,14.5,南瓜牛角180g,1008861919352159
99,4.0,蛋糕,13.9,16.8,草莓盛宴190g,1008861919353248
100,9.0,蛋糕,13.8,18.0,美式燕麦核桃90g,1008861919352104
101,11.0,蛋糕,12.0,18.0,椰香芒果卷200g,1008861919352081
102,8.0,蛋糕,25.0,32.0,榴莲千层200g,1008861919351350
103,31.0,蛋糕,34.8,43.8,卡百利135g,2302127954082
104,5.0,蛋糕,34.8,43.8,至臻125g,2302122953946
105,13.0,蛋糕,11.26,12.8,乳酸布里欧120g,6371251237
106,3.0,蛋糕,14.0,16.8,椰子球110g,1008861919353347
107,13.0,蛋糕,14.0,16.8,早安日光220g,1008861919353361
116,5.0,蛋糕,13.2,15.0,芝士海苔肉松120g,6371251241
117,12.0,蛋糕,8.0,9.8,肉松沙拉90g,1008861919353323
118,1.0,蛋糕,13.9,15.8,脏脏焦120g,6371251238
119,13.0,蛋糕,11.26,12.8,香橙五指山150g,6371251239
120,13.0,蛋糕,12.5,16.5,阳光提子餐包5个装,1008861919370120
122,8.0,调料,11.5,13.0,海底捞番茄底料200g,6942032700050
123,2.0,调料,12.7,15.9,海底捞清油麻辣火锅底料220g,6942032700029
124,24.0,调料,12.7,15.9,海底捞麻辣香锅220g,6942032700098
125,15.0,调料,8.5,11.0,老干妈红油豆腐乳260g,6921804700184
126,16.0,调料,11.5,13.0,海底捞三鲜火锅底料200g,6942032700067
127,13.0,调料,19.0,24.0,苏伯西红柿蛋花汤80g,6932583203438
128,21.0,调料,8.5,9.5,太太乐鸡精200g,6922130101485
129,13.0,调料,8.0,9.9,海天特级味级鲜酱油500ml,6902265114888
130,7.0,调料,9.8,14.2,海天特级草菇老抽500ml,6902265114369
131,10.0,调料,8.5,11.0,海天特级一品鲜酱油500ml,6902265114345
132,3.0,调料,8.3,11.0,海天特级金标生抽500ml,6902265114321
133,43.0,调料,8.5,10.5,海天蒸鱼豉油450ml,6902265111719
134,5.0,调料,13.5,16.5,梅林午餐肉340g,6902131110020
135,5.0,调料,8.0,10.5,海天红烧酱油500ml,6902265107057
136,6.0,调料,12.0,16.8,鲁花黑豆味极鲜500ml,6958104101861
137,4.0,调料,5.8,8.5,恒顺镇江香醋500ML,6902007115180
138,2012.0,调料,11.0,14.9,鲁花生鲜蚝油518ml,6958104101021
139,12.0,调料,24.0,34.9,桥头老火锅500g,6936072100871
140,341.0,调料,11.0,12.5,鲁花炒菜香酱油500ml,6958104100796
141,20.0,调料,5.8,7.0,桥头粉蒸肉料香辣220g,6936072100468
142,141.0,调料,11.5,13.8,自然鲜红烧酱油500ml,6958104100321
143,7.0,调料,14.0,19.0,小龙坎番茄火锅料250g,6971013100237
144,13.0,调料,6.5,8.8,桥头大盘鸡调料150g,6936072100154
145,35.0,调料,11.0,13.9,窝窝醪糟600g,6924115086107
154,7.0,调料,8.5,10.5,老干妈豆豉油辣椒280g,6921804700757
155,18.0,调料,1.3,1.5,营口大酱150g,6920633801048
156,13.0,调料,11.0,15.2,象国芝麻沙拉汁260g,6972011730051
157,13.0,调料,4.0,5.9,家家餐红薯淀粉200g,6970470758319
158,2.0,调料,4.7,5.9,麻辣川师剁辣椒200g,6924116188879
159,36.0,调料,10.8,14.0,红九九400g,6933453800078
160,13.0,调料,6.4,8.5,海天鲜味生抽王500ml,6902265170501
161,7.0,调料,4.7,5.9,麻辣川师剁椒青200g,6924116170089
162,13.0,调料,4.7,5.9,麻辣川师小米辣200g,6924116170010
163,5.0,调料,14.0,19.0,小龙坎牛油火锅料198g,6970695160089
164,17.0,调料,5.5,6.8,海天香醋445ml,6902265115496
165,6.0,调料,6.8,9.5,老才臣饺子醋500ml,6930628801304
166,15.0,调料,5.8,7.8,欣和葱伴侣豆瓣酱300g,6921204802204
167,6.0,调料,9.9,11.5,海天味极鲜750ml,6902265150015
168,8.0,调料,18.0,23.2,梅林精制午餐肉258g,6902131130882
169,11.0,调料,8.0,12.0,梅林八宝饭350G,6902131130011
170,11.0,调料,13.0,16.5,太太乐鲜鸡汁238g,6922130118483
171,1.0,调料,5.5,6.8,淘大黄豆酱油550ml,6972559820108
172,5.0,调料,4.5,5.9,瓜渚湖黄酒500ml,6920319827799
173,74.0,调料,1.5,1.8,滋品源碱面150g,6942046300017
174,1.0,调料,4.5,8.0,野森林海带结80g,6974919370124
175,12.0,调料,12.0,15.5,海天金标蚝油625g,6902265590712
176,34.0,调料,4.5,6.5,海底捞火锅蘸料香辣120g,6955381400700
177,28.0,调料,4.5,6.5,海底捞火锅蘸料原味120g,6955381400601
178,9.0,调料,12.5,14.9,小肥羊辣火锅235g,6935953399991
179,11.0,调料,3.0,5.5,野森林香叶40g,6974919371343
180,411.0,调料,9.0,13.0,阿一波虾皮50g,6926213560831
181,14.0,调料,23.0,33.8,野森林菌汤料包100g,6974919370025
182,8.0,调料,6.5,7.9,海天上等蚝油700ml,6902265360018
183,25.0,调料,5.7,8.0,野森林黑豆皮120g,6928710605138
192,25.0,调料,5.7,8.0,野森林火锅豆皮150g,6928710605176
193,24.0,调料,5.3,6.3,家乐浓汤宝猪骨64g,6922848608870
194,31.0,调料,5.3,6.3,家乐浓汤宝老母鸡64g,6922848608894
195,218.0,调料,10.5,15.0,野森林高良姜150g,6928710609518
196,267.0,调料,15.5,19.9,野森林洋槐蜂蜜500g,6971947498080
197,53.0,调料,3.5,4.7,好人家麻婆豆腐80g,6920143500509
198,16.0,调料,2.2,2.8,天香杂酱面酱180g,6944296500049
199,2.0,调料,18.0,21.8,冠生园蜂蜜500g,6930305500049
200,19.0,调料,8.5,11.8,好时百梦多咖喱（微辣）,6936749501116
201,13.0,调料,4.5,5.7,北美林红豆馅400g,6935616500016
202,8.0,调料,16.0,25.9,麻辣先生菜小方火锅料240g,6971851560439
203,8.0,调料,5.5,6.5,海天黄豆酱230g,6902265470236
204,13.0,调料,7.5,12.0,海天海鲜酱,6902265440291
205,9.0,调料,4.5,5.9,海天番茄沙司250g,6902265540250
206,10.0,调料,10.0,12.5,李锦记蒸鱼豉油410ml,6918678423035
207,169.0,调料,6.0,7.7,阿一波橄榄菜185g,6926213559019
208,39.0,调料,12.0,18.9,麻辣先生手工牛油火锅料200g,6971851560026
209,16.0,调料,19.0,24.0,苏伯紫菜蛋花汤80g,6932583206590
210,649.0,调料,7.0,9.8,鲁花糯米香醋500ml,6934126262933
211,26.0,调料,1.0,1.2,川南麻辣萝卜丝53g,6915993302229
212,1.0,调料,3.2,4.0,川南袋装干豆豉200g,6915993301895
213,2.0,调料,10.5,12.5,亨氏黑胡椒酱200g,6921956645586
214,13.0,调料,10.5,12.5,亨氏烧烤酱200g,6921956645593
215,11.0,调料,1.4,1.8,滋品源小苏打200g,6942046300055
216,4.0,调料,1.0,1.2,川南学生榨菜53g,6915993303028
217,237.0,调料,11.0,16.9,鲁花黑糯米醋500ml,6934126262346
218,110.0,调料,6.0,7.5,鲁花9度白醋500ml,6934126261899
219,12.0,调料,6.4,8.5,海天老抽王500ml,6902265240501
220,23.0,调料,9.0,13.0,甘竹牌豆豉鱼184g,6902534238499
221,27.0,调料,8.9,13.0,甘竹牌香辣豆豉鱼184g,6902534238338
230,11.0,调料,8.4,10.9,海天草菇老抽500ml,6902265210504
231,46.0,调料,10.5,15.0,野森林白芷200g,6928710609525
232,88.0,调料,22.0,32.0,野森林八角100g,6928710609594
233,124.0,调料,43.0,63.0,野森林肉蔻300g,6928710609532
234,162.0,调料,26.0,38.0,野森林白寇90g,6928710609549
235,17.0,调料,8.5,13.0,野森林小茴香200g,6928710609556
236,74.0,调料,18.0,26.0,野森林丁香200g,6928710609563
237,359.0,调料,27.0,39.0,野森林花椒150g,6928710609570
238,3.0,调料,8.5,10.5,李锦记财神蚝油255g,6918678310014
239,2.0,调料,19.0,28.0,野森林草果200g,6928710609600
240,1.0,调料,6.0,8.5,野森林辣椒段150g,6928710609761
241,8.0,调料,11.5,15.7,野森林辣椒面300g,6928710609778
242,4.0,调料,8.5,10.8,蜀兴郫县豆瓣酱1kg,6939044610002
243,-1.0,调料,4.6,6.4,海天白米醋500ml,6902265610014
244,28.0,调料,9.0,12.0,丘比沙拉酱(香甜）200g,6910160312377
245,19.0,调料,8.5,11.8,百梦多咖喱原味100g,6936749501109
246,132.0,调料,1.3,1.8,海藻盐350G,6926198012233
247,18.0,调料,35.0,50.4,千禾有机酱油500ml,6928312900181
248,6.0,调料,18.0,22.0,风球辣鲜露472g,6920267904344
249,7.0,调料,6.0,7.6,李锦记锦珍生抽500ml,6922824055063
250,8.0,调料,7.8,9.9,李锦记凉拌汁207ml,4893888001360
251,4.0,调料,9.0,11.5,李锦记特级味极鲜500ml,6922824001329
252,5.0,调料,13.5,16.0,风球黑胡椒汁250g,6920267904146
253,42.0,调料,3.0,3.9,王守义饺子馅料45g,6906303888908
254,38.0,调料,2.8,3.9,王守义十三香45g,6906303888885
255,7.0,调料,7.0,9.9,李锦记精选生抽500ml,6922824055018
256,6.0,调料,12.0,17.5,千禾头道原香180天,6928312900204
257,3.0,调料,11.2,13.5,六必居纯芝麻酱300g,6909689901483
258,7.0,调料,8.8,10.8,好运多香菇牛肉酱218g,6947769901008
259,9.0,调料,6.5,9.5,紫林金牌陈醋3年500ml,6922165900787
268,12.0,调料,8.0,10.9,紫林金牌老陈醋5年500ml,6922165900770
269,641.0,调料,3.0,5.0,雪天低钠盐350g,6956064018670
270,2.0,调料,1.2,2.0,雪天加碘盐400g,6956064018861
271,9.0,调料,9.0,11.6,好运多夹馍酱辣280g,6947769900766
272,20.0,调料,5.9,7.0,王致和精制料酒500ml,6907592001245
273,7.0,调料,9.0,12.8,王致和纯芝麻酱225g,6907592002013
274,126.0,调料,3.8,5.5,王守义花椒粉20g,6906303004476
275,37.0,调料,3.0,4.0,王守义炖肉24g,6906303004469
276,21.0,调料,7.8,10.8,赖汤圆心340g,6907661938847
277,10.0,调料,7.8,10.8,赖汤圆粉610g,6907661938854
278,89.0,调料,3.0,4.0,王守义卤料24g,6906303004643
279,-1.0,调料,6.5,8.5,王守义八角55g,6906303002441
280,38.0,调料,11.0,16.5,王守义十三香花椒55g,6906303002434
281,1.0,调料,3.2,4.1,乌江脆口榨菜120g,6901754040936
282,13.0,调料,11.5,19.2,千禾糯米香醋1L,6928312961090
283,38.0,调料,5.9,7.5,王致和葱姜料酒500ml,6907592001948
284,5.0,调料,9.0,11.7,千禾窖醋2年1.8升,6928312911668
285,13.0,调料,12.0,14.0,风球鲍汁蚝油390g,6920267909844
286,2.0,调料,7.0,8.8,王致和大块腐乳340g,6907592000026
287,12.0,调料,11.5,16.0,风球黑椒牛排酱250g,6920267907420
288,10.0,调料,6.5,8.5,喜神醪糟500g,6928454900087
289,5.0,调料,6.0,7.9,李锦记金标生抽500ml,4893888001575
290,14.0,调料,2.2,2.8,王致和干黄酱180g,6907592001429
291,69.0,调料,4.5,5.5,王守义白胡椒粉25g,6906303004612
292,7.0,调料,12.9,17.0,仲景花椒油258ml,6942806982989
293,18.0,调料,14.0,18.0,仲景麻辣油258ml,6942806982972
294,12.0,调料,8.5,10.2,千禾特级草菇老抽500ml,6928312918001
295,12.0,调料,10.5,13.5,仲景香菇酱麻辣210g,6942806982064
296,4.0,调料,10.0,13.5,仲景香菇酱原味210g,6942806981951
297,9.0,调料,9.0,11.5,李锦记薄盐生抽500ml,6922824000643
306,3041.0,调料,10.0,13.9,鲁花芝麻香油180ML,6934230050129
307,4.0,调料,24.0,37.4,千禾180天头道酱油1.28L,6928312900525
308,133.0,调料,1.5,1.9,安琪酵母15g,6917790975323
309,24.0,调料,10.5,13.5,仲景香辣香菇酱215g,6942806981999
310,18.0,调料,16.5,21.0,千禾有机酱油210ml,6928312984228
311,22.0,调料,11.9,15.0,仲景牛肉酱五香210g,6942806983528
312,8.0,调料,7.0,8.8,王致和玫瑰腐乳340g,6907592000033
313,74.0,调料,6.0,7.9,王致和白腐乳240g,6907592007056
314,45.0,调料,7.0,8.8,王致和红辣腐乳340g,6907592000040
315,2058.0,调料,25.0,32.9,鲁花小磨香油260ml,6971114920178
316,2841.0,调料,11.5,14.9,自然鲜酱香酱油500ml,6931299062681
317,12.0,调料,11.9,15.0,仲景牛肉酱鲜辣210g,6942806983511
318,23.0,调料,10.5,14.5,仲景辣椒油258ml,6942806983047
319,789.0,调料,7.2,8.5,鲁花料酒500ml,6931299062605
321,728.0,冻货类,44.0,53.0,柳伍麻辣小龙虾700g,6975235721362
322,13.0,冻货类,13.5,18.2,叁宝面筋小串40串,6975086650323
323,1.0,冻货类,13.0,15.8,安井鱼籽包240g,6971738655326
324,60.0,冻货类,17.5,21.5,恒都儿童牛排2片装,6954808611156
325,5.0,冻货类,9.0,11.8,思念葱香手抓饼450g,6921665714436
326,-1.0,冻货类,18.0,21.5,安井撒尿牛丸240g,6971738655333
327,1.0,冻货类,13.0,15.8,安井鱼豆腐240g,6971738655371
328,11.0,冻货类,9.0,11.8,思念原味手抓饼450g,6921665714429
329,60.0,冻货类,24.0,29.8,恒都秘制牛排2片装,6954808611118
330,18.0,冻货类,37.0,48.0,叁宝秘制鸡脆骨10串,6975086650064
331,20.0,冻货类,52.0,61.5,美尔滋原切上脑肥牛肉片500g,6958196800338
332,584.0,冻货类,14.0,17.5,大用金甲鸡柳400g,6973669041100
333,11.0,冻货类,48.0,62.0,叁宝精品羊排肉串10串,6975086650057
334,18.0,冻货类,38.5,49.5,叁宝呼伦贝尔鲜羊肉串（大）10串,6975086650040
335,8.0,冻货类,38.5,49.5,叁宝呼伦贝尔鲜羊肉串（小）15串,6975086650033
344,34.0,冻货类,20.0,26.5,叁宝秘制鸡翅中香辣3串,6975086650071
345,10.0,冻货类,37.5,48.5,叁宝秦川黄牛鲜肉串25串,6975086650026
346,3.0,冻货类,27.0,33.9,湾仔码头虾皇小云吞400g,4891913750351
347,12.0,冻货类,30.5,39.5,叁宝秦川黄牛牛排肉筋大串10串,6975086650019
348,12.0,冻货类,48.0,59.8,众厨乐臭鲑鱼350g,6971081780034
349,241.0,冻货类,33.0,42.6,恒都涮烤牛肉片280g,6954808612139
350,65.0,冻货类,17.5,21.5,恒都黑椒牛排2片装,6954808613334
351,155.0,冻货类,38.0,47.5,恒都原切牛腩块500g,6954808612351
352,61.0,冻货类,33.0,42.6,恒都涮烤羊肉片280g,6954808612146
353,303.0,冻货类,14.0,18.5,大用鸡米花400g,6973669043081
354,14.0,冻货类,10.0,12.8,思念大黄米黑芝麻汤圆454g,6921665732577
355,14.0,冻货类,21.5,28.5,叁宝秘制小郡肝15串,6975086650095
356,10.0,冻货类,30.0,39.5,叁宝烤鱿鱼50串,6975086650293
357,8.0,冻货类,12.0,15.8,叁宝玉米粒（小串）30串,6975086650309
358,19.0,冻货类,7.0,9.5,叁宝烤鱼豆腐5串,6975086650316
359,60.0,冻货类,24.0,29.8,恒都菲力牛排2片装,6954808611095
360,8.0,冻货类,38.0,48.6,万顺童子鸡700g,6943890900422
361,766.0,冻货类,26.0,30.0,特级大青虾500g,0101020211013
362,508.0,冻货类,38.0,43.0,精选墨鱼仔500g,0101020211015
363,393.0,冻货类,39.0,44.9,北极甜虾500g,0101020211016
364,521.0,冻货类,51.0,58.5,特级鲳鱼500g,0101020211017
365,77.0,冻货类,28.0,35.8,草小鸡鸡翅根700g,6943890900620
366,378.0,冻货类,54.0,66.5,草小鸡鸡翅中700g,6943890900613
367,1.0,冻货类,31.5,39.0,草小鸡鸡腿1kg,6943890900477
368,920.0,冻货类,41.5,48.0,舟山带鱼1kg,0101020211012
369,8.0,冻货类,42.0,54.0,万顺土鸡900g,6943890900415
370,39.0,冻货类,54.0,69.5,万顺老母鸡1.45kg,6943890900408
371,327.0,冻货类,33.0,39.0,草原宜品羊肉片380g,6943890900392
372,440.0,冻货类,33.0,39.0,草原宜品牛肉片380g,6943890900385
373,3.0,冻货类,99.0,129.0,真空大虾仁700g,6939904900380
382,120.0,冻货类,17.0,22.0,蜀海嫩滑滑牛150g,6972605230370
383,188.0,冻货类,17.0,22.0,蜀海麻辣牛肉150g,6972605230059
384,183.0,冻货类,18.5,25.0,蜀海筷子牛肉150g,6972605230073
385,3.0,冻货类,13.0,15.8,安井包心鱼丸240g,6971738655388
386,1.0,冻货类,35.0,43.0,皇上皇中华老字号400g,6972251252856
387,4.0,冻货类,32.0,39.9,焦香蜜汁肠260g袋,6970079710763
388,3.0,冻货类,32.0,39.9,尊乐波兰肠260g袋,6970079710534
389,7.0,冻货类,32.0,39.9,尊乐牌烤肠260g袋,6970079710336
390,16.0,冻货类,13.0,15.8,安井蟹味宝240g,6971738655395
391,3.0,冻货类,21.0,24.5,安井潮汕牛丸200g,6971738655401
392,4.0,冻货类,19.0,21.8,安井鱼籽福袋150g,6971738656095
393,27.0,冻货类,35.0,43.5,苏榄眉鱼1,6974036910050
394,675.0,冻货类,58.0,67.0,特大青虾仁500g,0101020211011
395,6.0,冻货类,10.0,12.8,思念无糖黑芝麻汤圆400g,6921665700194
396,6.0,冻货类,30.0,36.9,皇上皇湘味腊肉200g,6972251252733
397,19.0,冻货类,78.0,95.5,皇上皇五花腊肉500g,6972251252436
398,20.0,冻货类,32.0,39.0,皇上皇佳福腊肠300g,6972251252245
399,17.0,冻货类,70.0,90.0,北极甜虾750g,6943890900333
400,25.0,冻货类,120.0,147.5,珍品堂即食海参180g,6944318900734
401,5.0,冻货类,75.0,98.0,黑虎虾10头/包,6957890900335
402,130.0,冻货类,26.5,34.6,草小鸡鸡胸肉700g,6943890900637
403,18.0,冻货类,13.0,17.5,蜀海麻辣鸡胗150g,6972605230189
404,155.0,冻货类,42.8,49.9,深海日记三文鱼扒200g,6959540361321
405,3.0,冻货类,18.0,23.0,好邦鸡脯肉1000g,6947689112102
406,7.0,冻货类,18.5,21.9,深海日记速冻生蚝肉200g,6959540364063
407,14.0,冻货类,50.0,59.0,好邦单冻翅中1000g,6947689112454
408,239.0,冻货类,26.0,29.9,深海日记国产翡翠白虾300g,6959540362274
409,13.0,冻货类,14.5,18.0,海欣芝士宝120g,6920732113103
410,16.0,冻货类,15.0,18.0,海欣蟹膏宝120g,6920732113165
411,10.0,冻货类,15.0,18.0,海欣龙虾球120g,6920732113196
420,127.0,冻货类,52.0,59.9,深海日记大西洋三文鱼200g,6959540361406
421,3.0,冻货类,30.0,37.9,湾仔码头猪肉白菜水饺720g,4891913367238
422,18.0,冻货类,15.0,18.0,海欣撒尿牛肉丸120g,6920732115237
423,14.0,冻货类,15.0,18.0,海欣蟹味棒130g,6920732115244
424,1.0,冻货类,43.0,49.8,蓝雪巴沙鱼柳680g,6970525359997
425,10.0,冻货类,77.0,88.0,蓝雪阿根廷红虾500g,6970525359683
426,12.0,冻货类,120.0,138.0,蓝雪阿根廷红虾生凤尾500g,6970525359362
427,5.0,冻货类,135.0,158.0,蓝雪青虾仁1kg,6970525356309
428,2.0,冻货类,130.0,148.0,蓝雪三文鱼扒850g,6970525356118
429,8.0,冻货类,30.0,37.0,白蕉海鲈鱼500g,6971893820010
430,5.0,冻货类,63.0,78.0,好邦烤翅中1500g,6970567819022
431,1.0,冻货类,17.0,21.0,盐酥鸡米花800g,6970567810067
432,7.0,冻货类,150.0,185.0,屿品堂海参,6973820980132
433,8.0,冻货类,12.5,16.8,耗黄叉烧包300g,6973382093530
434,29.0,冻货类,61.0,69.9,舟山去嘴去尾带鱼1kg,6970805096345
435,1.0,冻货类,60.0,69.9,正洋冻小龙虾尾450g,6970212432866
436,2.0,冻货类,50.0,61.0,海之榕鲍鱼1,6971194100019
437,374.0,冻货类,17.0,21.8,渔之萃蟹柳棒,6930287100107
438,52.0,冻货类,99.0,129.0,绿环真空大虾仁700g,6975471520019
439,-4.0,冻货类,17.0,21.0,整切眼肉牛排150g,6945482421773
440,21.0,冻货类,41.5,49.9,三去珍珠石斑鱼451g,6974259420367
441,9.0,冻货类,32.0,39.9,湾仔码头韭黄水饺400g,4891913367344
442,2.0,冻货类,15.0,18.9,鲜美来巴沙鱼248g,6950327000884
443,261.0,冻货类,14.0,17.5,大用狮子头400g,6924750000995
444,119.0,冻货类,16.8,19.9,深海日记脆口须200g,6959540371092
445,2.0,冻货类,17.0,19.9,深海日记鱿鱼花200g,6959540371030
446,218.0,冻货类,130.0,160.0,国产青虾1.4kg,6934624370680
447,93.0,冻货类,32.0,39.0,味尔佳黄花鱼,6948431109968
448,13.0,冻货类,20.5,25.8,鲜美来火锅八爪鱼200g,6950327001041
449,6.0,冻货类,19.5,23.9,鲜美来火锅鱿鱼须200g,6950327001058
458,1.0,冻货类,103.0,118.0,深海日记南极银鳕鱼块150g,6959540368115
459,330.0,冻货类,33.0,42.6,恒都上脑牛肉片200g,6954808610319
460,9.0,冻货类,23.5,29.0,海欣优选火锅包385g,6920732131244
461,135.0,冻货类,35.0,45.6,恒都牛肉馅500g,6954808603281
462,17.0,冻货类,31.0,37.9,九生堂臻选黒毛肚150g,6970010922910
463,495.0,冻货类,23.0,28.5,伊明烤翅500g,6933190801000
464,370.0,冻货类,87.0,99.0,黄金鲍500g,6974622051433
465,7.0,冻货类,34.0,40.0,美尔滋350g羔羊肉盒装1,6958196800499
466,2.0,冻货类,90.0,118.0,精选生虾1300g,6971881050238
467,254.0,冻货类,27.0,33.9,潮香村西冷牛排130g,6947773606388
468,227.0,冻货类,27.0,33.9,潮香村整切眼肉牛排130g,6947773606395
469,101.0,冻货类,47.0,58.8,恒都谷饲牛腱子500g,6954808607234
470,99.0,冻货类,130.0,148.0,南海大对虾400g,6974622051075
471,-2.0,冻货类,25.5,29.5,九生堂油条虾滑脆8个,6970010924945
472,12.0,冻货类,75.0,95.0,虾仁650g,6971881050054
473,19.0,冻货类,230.0,258.0,红爪大对虾450g,6974622050009
474,392.0,冻货类,33.0,42.6,恒都板腱牛肉片200g,6954808610302
475,1.0,冻货类,21.0,26.8,草原美尔滋脆骨羊肉卷200g,6958196800390
477,14.0,副食,35.0,43.2,西澳坚果燕麦脆450g,6905014301263
478,15.0,副食,16.5,21.5,雨润精制培根200g,6911569506848
479,18.0,副食,35.0,43.2,西澳莓果燕麦脆450g,6905014301287
480,16.0,副食,35.0,43.2,西澳水果燕麦脆450g,6905014301270
481,9.0,副食,9.8,11.9,韩国苑岛干裙带菜100g,6954665300330
482,52.0,副食,28.0,32.8,五芳斋绿豆糕伴手礼桂花,6941044008031
483,-6.0,副食,44.0,55.0,阿尔发坚果麦片720g,6913405662831
484,16.0,副食,19.0,28.0,威拿速溶麦片500g,8934683007235
485,32.0,副食,14.5,18.5,西麦燕麦片700g,6905014000876
486,19.0,副食,16.0,20.8,到饭点卤肉饭271g,6971885311830
487,70.0,副食,4.6,6.0,阿宽酸辣粉130g,6926410321501
496,55.0,副食,26.5,33.5,西麦红枣高钙麦片700g,6905014000401
497,1.0,副食,16.5,21.5,雨润特级王中王60g*10,6911569009943
498,2.0,副食,6.0,8.5,雨润香甜润口肠30g*10,6911569008595
499,83.0,副食,26.5,33.5,西麦核桃高钙燕麦片700g,6905014000548
500,13.0,副食,16.0,20.8,到饭点梅菜烧肉271g,6971885311892
501,63.0,副食,13.0,13.9,米脂县黑小米490g,6971654248015
502,437.0,副食,17.0,18.0,米脂县手工土豆粉条350g,6971654248091
503,45.0,副食,4.6,6.0,阿宽红油面皮酸辣105g,6926410320214
504,6.0,副食,16.0,20.8,到饭点黑椒牛肉271g,6971885311816
505,1.0,副食,16.0,19.8,自然派虾片80g,6945309351917
506,66.0,副食,26.0,31.8,自热火锅番茄牛腩350g,6958770001946
507,24.0,副食,17.0,21.6,自热火锅麻辣蔬菜250g,6958770001922
508,9.0,副食,16.0,20.5,永和甜豆浆350g,6931500340904
509,1.0,副食,16.0,20.5,永和无糖豆浆350g,6931500341000
510,77.0,副食,26.0,31.8,自热火锅麻辣嫩牛390g,6958770001939
511,25.0,副食,8.0,10.8,一乐拉面牛肉,4897095270021
512,13.0,副食,8.0,10.8,一乐拉面海鲜,4897095270052
513,14.0,副食,11.0,13.9,莫小仙自热火锅毛血旺340g,6958770001878
514,1.0,副食,8.0,10.8,一乐拉面香辣牛肉,4897095270496
515,143.0,副食,11.0,13.9,莫小仙自热火锅麻辣烫260g,6958770002028
516,89.0,副食,4.5,5.9,海福盛家常海鲜粥38g,6941541002068
517,53.0,副食,4.5,5.9,海福盛精炖牛肉粥38g,6941541002099
518,87.0,副食,4.5,5.9,海福盛排骨菌菇粥38g,6941541002129
519,37.0,副食,5.7,7.5,海福盛滕椒牛肉面70g,6941541002655
520,16.0,副食,10.7,13.2,雨润鸡肉香肠50g*10,6911569014145
521,15.0,副食,5.7,7.5,海福盛牛肉面64g,6941541005236
522,-1.0,副食,16.0,22.0,雨润黑猪皇香肠38g*10,6911569013117
523,14.0,副食,5.7,7.5,海福盛番茄鸡蛋面70g,6941541006349
524,36.0,副食,4.6,6.0,阿宽重庆小面麻辣105g,6926410330954
525,14.0,副食,23.9,29.6,雨润黑猪皇王中王50g*10,6911569012684
534,150.0,副食,12.0,14.0,五芳斋蔓越莓绿豆糕,6941044012649
535,22.0,副食,16.0,20.5,永和减糖豆浆350g,6931500340706
536,8.0,副食,23.0,28.8,农心辣白菜辛拉面5连包,6920238012115
537,22.0,副食,4.6,6.0,阿宽红油面皮麻辣105g,6926410337090
538,1.0,副食,11.0,14.9,雨润鱼你共享15g*12,6911569011229
539,58.0,副食,4.6,6.0,阿宽红油面皮麻酱105g,6926410337250
540,75.0,副食,4.5,5.9,海福盛皮蛋瘦肉粥37g,6941541005175
541,45.0,副食,13.5,16.5,笋尖牛肉饭275g,6958770001816
542,1.0,副食,38.0,48.0,三炫参鸡汤1kg,6951047862059
543,54.0,副食,3.8,5.0,雨润鸡蛋干150g,6924640202225
544,-1.0,副食,7.0,10.0,雾岭山瓶装山楂条170g,6947954100797
545,-1.0,副食,9.5,13.1,雨润松花蛋肠300g,6911569100268
546,53.0,副食,19.0,28.9,雨润无淀粉火腿380g,6911569114456
547,20.0,副食,19.0,26.9,雨润腊肠260g,6911569113497
548,1.0,副食,7.5,9.9,雨润低脂鸡胸肉切片110g,6911569140158
549,69.0,副食,26.5,33.5,西麦无糖燕麦片700g,6905014186839
550,18.0,副食,8.0,10.5,陈克明鸡蛋龙须面800g,6922507821688
551,12.0,副食,18.0,23.5,雨润熏烤火腿450g,6911569202573
552,30.0,副食,10.0,12.0,雅子玉米浓汤200g,6904555694346
553,48.0,副食,10.0,12.0,雅子罗宋汤200g,6904555694339
554,34.0,副食,12.8,16.0,雅子牛肉意面酱200g,6904555694322
555,5.0,副食,12.8,16.0,雅子番茄意面肉酱200g,6904555694315
556,31.0,副食,15.0,19.0,雅子咖喱鸡肉中辣250g,6904555694308
557,81.0,副食,15.0,19.0,雅子咖喱鸡肉微辣250g,6904555694292
558,67.0,副食,15.5,19.0,雅子咖喱牛肉中辣250g,6904555694285
559,30.0,副食,6.0,7.5,陈克明杂粮小面280g,6922507823910
560,11.0,副食,44.0,58.0,卡乐比水果麦片500g,4901330742386
561,12.0,副食,44.0,58.0,卡乐比低糖麦片450g,4901330743826
562,4.0,副食,17.0,20.0,益生菌鸡蛋10枚,6972399750009
563,1.0,副食,11.0,14.0,韩国辣白菜400g,6972399750016
572,29.0,副食,8.0,10.5,陈克明鸡蛋爽滑面800g,6922507821701
573,27.0,副食,6.0,7.5,陈克明蔬菜小面280g,6922507823903
574,10.0,副食,23.0,28.8,农心辛拉面香菇牛肉5连包,6920238066019
575,2.0,副食,10.5,13.5,雨润老北京蒜肠辣320g,6911569132313
576,34.0,副食,8.0,10.5,陈克明鸡蛋风味面800g,6922507821695
577,117.0,副食,8.5,12.5,炉诱花椒锅巴220g,6972779770016
578,1.0,副食,8.5,12.5,炉诱黑芝麻锅巴220g,6972779770023
579,1.0,副食,10.0,12.7,海底捞酸辣牛肚粉136g,6971284201206
580,-6.0,副食,7.0,10.0,雾岭山瓶装山楂片220g,6947954100780
581,1.0,副食,10.0,12.7,海底捞番茄牛肉粉119g,6971284201244
582,44.0,副食,20.0,26.0,雨润牛肉火腿180g,6911569200289
583,336.0,副食,25.5,33.0,浣春风关庙拉面1200g,4712968860089
584,46.0,副食,10.0,12.8,陈克明银丝挂面1kg,6922507800638
585,13.0,副食,15.5,19.0,雅子咖喱牛肉微辣250g,6904555694278
586,9.0,副食,23.0,26.8,南方无糖黑芝麻糊480g.,6901333212112
587,11.0,副食,10.0,12.8,陈克明细圆面1kg,6922507804087
588,33.0,副食,11.0,13.8,陈克明荞麦挂面1kg.,6922507805022
589,9.0,副食,18.0,22.5,雨润无淀粉腱子肉火腿280g,6911569145061
590,138.0,副食,15.0,18.9,五芳斋真空豆沙粽,6907619667669
591,348.0,副食,25.5,33.0,浣春风关庙宽面1200g,4712968860096
592,230.0,副食,25.5,33.0,浣春风刀削面900g,4712968860102
593,1.0,副食,39.0,49.9,鲁花麦芯小麦粉5kg,6973141120088
594,18.0,副食,13.8,17.6,雨润烤肉香辣味240g,6911569143364
595,11.0,副食,25.0,28.0,西麦燕麦片1.5kg,6905014081288
596,45.0,副食,23.0,26.8,南方黑芝麻糊600g,6901333110524
597,225.0,副食,18.8,22.9,五芳斋真空栗子鲜肉粽,6907619663432
598,21.0,副食,44.0,55.0,阿尔发果蔬麦片720g,6913405662855
599,17.0,副食,12.0,16.9,雨润台式香肠300g,6911569126398
600,21.0,副食,17.5,21.4,雨润火腿排120g,6911569107274
601,12.0,副食,12.0,16.9,雨润火锅午餐肉340g,6911569126411
610,61.0,副食,16.0,19.8,桂柳螺狮粉400g,6970228680121
611,8.0,副食,16.5,21.0,维维维他型豆奶粉460g,6904432800440
613,2656.0,干货,37.0,49.5,野森林木耳300g,6928710600362
614,36.0,干货,6.0,7.8,手工空心苦荞挂面200g,6974919371367
615,136.0,干货,10.0,13.8,野森林鹿茸菇50g,6974919370070
616,24.0,干货,7.0,9.9,野森林海带丝50g,6928710609174
617,15.0,干货,16.0,21.3,野森林五色糙米1kg,6974919370254
618,7.0,干货,31.5,41.3,野森林三色藜麦米1kg,6974919370476
619,545.0,干货,45.0,57.9,森林味道木耳280g,6928710602304
620,93.0,干货,48.0,66.5,野森林黑枸杞188g,6928710609204
621,130.0,干货,9.5,12.9,野森林干柠檬片50g,6928710609235
622,115.0,干货,20.0,26.0,野森林百合188g,6928710600034
623,10.0,干货,7.5,8.9,野森林龙口粉丝400g,6928710600164
624,3.0,干货,5.2,7.5,龙须龙口火锅伴侣200g,6942848800050
625,34.0,干货,26.0,34.8,野森林莲子180g,6928710600096
626,3.0,干货,18.0,23.8,野森林枸杞子160g,6928710600089
627,193.0,干货,18.0,23.0,野森林银耳145g,6928710600072
628,55.0,干货,20.0,24.8,野森林黄花菜200g,6928710600065
629,340.0,干货,45.0,54.8,野森林香菇300g,6928710600058
630,326.0,干货,20.0,25.0,绿之林新疆灰枣400g,6924773600165
631,27.0,干货,35.0,45.0,绿芝林秋木耳180g,6924773610010
632,12.0,干货,48.0,60.0,野森林腰果400g,6928710600195
633,36.0,干货,29.0,39.0,野森林茶树菇150g,6928710609075
634,276.0,干货,58.0,75.0,野森林罐装杏仁450g,6928710660106
635,23.0,干货,37.0,49.0,野森林竹荪50g,6928710609082
636,25.0,干货,4.0,7.6,野森林水晶粉丝150g,6974919370087
637,28.0,干货,16.0,18.8,野森林桂圆450g,6928710600300
638,40.0,干货,5.5,7.6,手工空心挂面200g,6974919371374
639,159.0,干货,14.0,19.9,野森林玫瑰花100g,6928710609228
648,279.0,干货,52.0,67.5,野森林新疆大枣1000g,6928710601512
649,199.0,干货,41.0,53.0,野森林巴达木500g,6928710601758
650,7.0,干货,6.0,7.5,野森林虾片208g,6928710601215
651,22.0,干货,8.5,13.0,野森林厥根粉丝400g,6928710601222
652,191.0,干货,11.5,15.7,野森林黑芝麻罐装238g,6928710660052
653,1.0,干货,48.0,64.9,野森林罐装开心果350g,6928710660069
654,265.0,干货,38.0,51.0,野森林碧根果350g,6928710660076
655,297.0,干货,33.0,46.0,野森林罐装巴旦木350g,6928710660083
656,14.0,干货,62.0,81.0,野森林罐装松子450g,6928710660090
657,91.0,干货,13.0,17.6,阿一波紫菜海苔7枚装,6926213557985
658,308.0,干货,21.0,28.0,野森林葡萄干450g,6928710660113
659,32.0,干货,17.68,26.0,打谷塬菌汤包70g,6970373127564
660,27.0,干货,13.32,18.0,打谷塬赤小豆500g,6970373125041
661,39.0,干货,23.68,32.0,打谷塬薄皮核桃500g,6970373120695
662,9.0,干货,33.0,46.0,野森林夏威夷果350g,6928710660144
663,36.0,干货,16.28,22.0,打谷塬虫草花60g,6970373120350
664,457.0,干货,54.0,73.0,野森林碧根果500g,6928710601741
665,423.0,干货,56.0,73.0,野森林美国大杏仁500g,6928710601703
666,170.0,干货,33.0,45.0,森林味道核桃680g,6928710601611
667,224.0,干货,50.0,62.5,米脂小米2.5kg,6928710602212
668,863.0,干货,22.0,28.5,野森林腐竹500g,6928710600485
669,636.0,干货,52.0,64.8,长白山秋木耳150g,6928710601925
670,7.0,干货,65.0,79.9,野森林开心果500g,6928710601772
671,17.0,干货,65.0,79.9,野森林开口松子500g,6928710601765
672,6.0,干货,15.0,19.5,野森林有机紫菜45g,6928710602052
673,12.0,干货,15.0,18.5,野森林干坛紫菜60g,6928710600980
675,30.0,鸡蛋,19.0,23.8,秦巴山五香变蛋6枚,6957335207168
676,3.0,鸡蛋,23.0,26.8,秦巴山土光头松花蛋9枚,6957335216023
677,4.0,鸡蛋,11.8,14.3,牧童红心咸鸭蛋6枚,6931303688579
686,32.0,鸡蛋,22.8,27.0,20枚B2盒装白壳鸡蛋,6933276212058
687,33.0,鸡蛋,22.3,25.8,秦巴山包泥松花蛋9枚,6957335216016
688,-3.0,鸡蛋,21.0,25.0,20枚B2盒装褐壳鸡蛋,6933276212119
689,8.0,鸡蛋,67.0,79.0,秦巴山土鸡蛋36枚,6943036812046
690,83.0,鸡蛋,16.0,19.5,正大15枚玉米黄营养蛋,6954113701504
691,36.0,鸡蛋,12.1,14.8,秦巴山鹌鹑蛋24枚,6943036809015
692,7.0,鸡蛋,29.5,35.9,秦巴山土鸡蛋20枚,6943036808032
694,13.0,腊肉类,53.5,64.0,贾永信孜然鸡700g,6916323180128
695,1.0,腊肉类,76.0,93.0,腊牛肉400g,6916323935018
696,7.0,腊肉类,47.0,57.0,五香烧鸡600g,6916323200611
697,6.0,腊肉类,94.0,118.0,腊羊肉400g,6916323935025
698,16.0,腊肉类,49.0,61.0,贾永信酱香鸡600g,6916323180104
699,16.0,腊肉类,53.5,64.0,贾永信辣子鸡700g,6916323180111
700,44.0,腊肉类,42.0,52.0,腱子肉（腊牛肉）200g,6916323200635
701,22.0,腊肉类,45.0,56.0,腊羊肉200g,6916323937043
702,16.0,腊肉类,11.5,15.0,五仁油茶400g,6916323200222
703,20.0,腊肉类,11.5,15.0,牛骨髓油茶,6916323963226
704,42.0,腊肉类,38.5,47.0,腊牛肉200g,6916323936039
705,8.0,腊肉类,38.5,47.0,十香酱牛肉200g,6916323943525
706,67.0,腊肉类,42.0,52.0,腱子肉（酱牛肉）200g,6916323200659
707,7.0,腊肉类,36.0,48.0,贾永信五连包泡馍825g,6916323200413
708,26.0,腊肉类,75.0,93.0,十香酱牛肉400g,6916323942313
709,18.0,腊肉类,47.0,57.0,葫芦鸡600g,6916323200628
711,1.0,零食,17.0,22.0,维维豆奶加钙500g,6904432813037
712,98.0,零食,4.0,5.3,好丽友能量棒40g,6920907816044
713,17.0,零食,14.0,17.8,赛味馆海苔卷肉松100g,4897038892310
714,15.0,零食,118.4,148.0,西缜优选牛肉干300g,6924947828883
715,38.0,零食,9.2,12.5,洽洽香瓜子奶油味285g,6924187824959
724,14.0,零食,13.5,18.9,萱萱烧烤牛肉95g,4897025889460
725,1.0,零食,9.5,13.9,胶圆堂黑芝麻丸108g,6974459960137
726,20.0,零食,13.5,18.9,萱萱麻辣牛肉95g,4897025889453
727,15.0,零食,10.0,13.8,不二家果味棒棒糖女孩125g,6937451831256
728,12.0,零食,18.0,23.8,赛味馆福果日本豆+鱼皮花生280g,4897038890965
729,13.0,零食,11.2,15.9,洽洽原香瓜子285g,6924187821989
730,1.0,零食,10.7,13.9,恰恰香瓜子260g,6924187821644
731,7.0,零食,18.0,23.8,赛味馆福果海苔+酱香花生280g,4897038890972
732,4.0,零食,8.0,12.0,贤惠娘子葡萄梅子陈皮味60g,4712883834264
733,2.0,零食,22.0,32.0,古法柠檬梅380g,4897025883499
734,-1.0,零食,5.5,6.9,好丽友蛋白坚果棒50g,6920907816075
735,12.0,零食,12.0,16.5,百果山芒果干120g,4718287594568
736,38.0,零食,11.0,14.5,纳宝帝奶酪威化饼干200g,8993175537391
737,20.0,零食,11.0,14.5,马马妈香辣魔芋爽140g,6957258516231
738,4.0,零食,11.0,14.5,马马妈海藻沙拉120g,6957258516460
739,14.0,零食,24.0,34.5,手撕牛肉干沙爹100g,4712883839832
740,13.0,零食,10.0,13.5,马马妈香辣柠檬鱼70g,6957258517108
741,7.0,零食,10.0,13.5,马马妈香辣秋刀鱼70g,6957258517115
742,15.0,零食,28.0,36.0,洽洽坚果燕麦片家庭装350g,6924187875333
743,2.0,零食,11.0,14.5,马马妈泡椒魔芋爽140g,6957258516224
744,3.0,零食,18.72,25.0,福多提拉米苏蛋糕432g,9556023875985
745,7.0,零食,18.72,25.0,福多香兰味蛋糕432kg,9556023552138
746,37.0,零食,24.0,30.0,南方黑芝麻糊AD钙480g,6901333980196
747,14.0,零食,32.0,42.9,洽洽坚果酸奶水果燕麦片350g,6924187876576
748,7.0,零食,22.0,32.0,柠檬嘉应子380g,4897025880689
749,27.0,零食,9.5,13.8,雪海梅乡黄桃干66g,6920130971886
750,11.0,零食,7.8,11.5,杰克牛奶威化饼干100g,9556023564599
751,6.0,零食,17.0,23.0,阿孔特威化饼干202g,4600648566720
752,4.0,零食,14.5,17.8,克恩滋原味木薯片150g,653314503493
753,3.0,零食,18.0,22.8,阿尔发杂粮饼干590g,6913405662817
762,5.0,零食,14.62,18.5,逸生昌锅巴肉松蟹黄208g,4897119860511
763,56.0,零食,12.9,17.0,螺霸王螺蛳粉麻辣,6970209860467
764,13.0,零食,14.5,18.5,膳源泽倒蒸甘薯条180g,6971657870343
765,26.0,零食,14.5,18.5,膳源泽纯西梅80g,6971657870893
766,38.0,零食,12.9,17.0,螺霸王螺蛳粉原味330g,6970209860221
767,2.0,零食,24.0,34.5,手撕牛肉干香辣100g,4712883839849
768,12.0,零食,33.0,44.5,洽洽每日坚果182g,6924187858725
769,8.0,零食,4.6,6.2,洽洽每日坚果26g,6924187858084
770,30.0,零食,6.8,8.9,洽洽焦糖瓜子108g,6924187851160
771,38.0,零食,10.0,13.5,马马妈酸辣海带结200g,6957258513933
772,67.0,零食,10.0,13.5,马马妈香辣海带结200g,6957258513940
773,28.0,零食,9.0,12.0,马马妈香辣莲藕118g,6957258516156
774,75.0,零食,14.0,18.6,贤惠娘子虎皮凤爪160g麻辣,4712883837876
775,4.0,零食,4.5,6.5,雪海梅乡山楂饼150g,6920130970926
776,3.0,零食,22.0,32.0,港式陈皮梅380g,4897025880696
777,10.0,零食,10.5,14.5,百果山黑糖杨梅200g,4718287594247
778,6.0,零食,10.5,14.5,百果山话梅皇120g,4718287594308
779,12.0,零食,10.5,14.5,百果山盐津陈皮160g,4718287594520
780,48.0,零食,10.5,13.7,百朵怡意面2号直面500g,8006222600013
781,41.0,零食,10.5,13.7,百朵怡意面3号直面500g,8006222600037
782,23.0,零食,10.5,14.5,百果山蓝莓李果200g,4718287594209
783,11.0,零食,24.0,34.5,手撕牛肉干五香100g,4712883839825
784,29.0,零食,32.0,44.0,牛肉粒香辣200g,4897025882539
785,18.0,零食,32.0,44.0,牛肉粒原味200g,4897025882546
786,25.0,零食,32.0,44.0,牛肉粒沙爹200g,4897025882591
787,9.0,零食,24.0,34.5,手撕牛肉干XO酱100g,4712883839818
788,10.0,零食,69.0,86.5,西缜迷你牛肉干180g,6924947838899
789,20.0,零食,9.5,13.8,雪海梅乡草莓干66g,6920130971879
790,11.0,零食,10.5,15.0,御之味燕麦饼坚果300g,4716076571493
791,13.0,零食,10.0,12.5,成央记老椰汁336ml,6972698570100
800,6.0,零食,8.0,9.9,成央记石榴汁380ml,6972698570216
801,17.0,零食,8.5,12.0,御之味起士饼干300g,4716076571455
802,14.0,零食,8.5,12.0,御之味栗蓉饼干300g,4716076571462
803,5.0,零食,8.5,12.0,御之味乳酸菌饼干300g,4716076571479
804,8.0,零食,10.5,15.0,御之味燕麦饼干水果300g,4716076571486
805,25.0,零食,9.5,13.8,雪海梅乡葡萄干165g,6920130971107
806,12.0,零食,10.5,15.0,御之味燕麦饼干抹茶300g,4716076571509
807,2.0,零食,8.0,11.5,日式小圆饼南乳味150g,4716076571691
808,3.0,零食,8.0,11.5,御之味日式黑糖饼干150g,4716076571714
809,2.0,零食,8.0,11.5,御之味海盐饼干粗粮206g,4716076571738
810,6.0,零食,8.0,11.5,御之味海盐饼干黄油206g,4716076571745
811,11.0,零食,8.0,11.5,御之味海盐饼干香葱206g,4716076571769
812,12.0,零食,31.0,35.8,智力桂花莲子藕粉420g,6925785605797
813,3.0,零食,13.5,16.0,康师傅妙芙香芋蛋糕192g,6920731703305
814,35.0,零食,3.5,4.3,统一阿萨姆奶茶500ml,6925303730574
815,47.0,零食,2.4,3.0,舒碱茉莉花苏打水,6970783730132
816,6.0,零食,8.0,9.9,蹦乐乐葡萄梅子陈皮味35g,4897038895724
817,31.0,零食,2.4,3.0,舒碱苏打水,6970783730019
818,26.0,零食,7.5,9.5,金鸽多味葵花籽260g,6922133651086
819,18.0,零食,8.0,9.9,蹦乐乐葡萄梅子原味35g,4897038895731
820,4.0,零食,7.0,9.0,脆升升薯片蜂蜜黄油60g,6937439913981
821,17.0,零食,15.5,22.0,瑞特滋扁桃仁牛奶巧克力100g,4000417703002
822,30.0,零食,10.0,12.5,益达草莓40粒装,6923450656150
823,25.0,零食,25.0,33.0,可比可巴厘岛佛洛雷斯咖啡20条装,6953042701548
824,17.0,零食,10.0,12.5,益达薄荷口味40粒装,6923450656181
825,40.0,零食,10.0,12.5,益达香橙40粒装,6923450656860
826,58.0,零食,10.0,12.5,益达西瓜味40粒装.,6923450657638
827,48.0,零食,10.0,12.5,益达蓝莓40粒装,6923450657935
828,10.0,零食,11.4,16.0,多良见蛋之果400g,4897044644392
829,11.0,零食,14.0,16.3,康师傅果香蓝莓三联375g,6919892634603
838,26.0,零食,12.5,17.0,珍维滋可可奥咸牛轧420g,4897044643081
839,13.0,零食,10.0,12.8,脆升升番茄薯条100g,6937439915084
840,9.0,零食,7.8,11.5,杰克威化饼干花生100g,9556023788735
841,12.0,零食,22.0,28.2,百年传奇无骨鸭掌爆辣100g,6939730775640
842,7.0,零食,14.0,19.5,多良见铜锣烧红豆240g,4897044644293
843,7.0,零食,9.86,12.8,脆升升益生菌薯条100g,6937439914476
844,18.0,零食,11.4,16.0,多良见水泡饼400g,4897044644613
845,2.0,零食,14.0,19.5,多良见铜锣烧香芋240g,4897044644705
846,9.0,零食,10.0,12.8,脆升升原味薯条100g,6937439914988
847,1.0,零食,7.0,9.0,脆升升杯装番茄薯条50g,6937439914575
848,4.0,零食,12.0,15.6,阿尔发苏打饼干458g,6913405760681
849,24.0,零食,22.0,27.9,蹦乐乐坚果酥海苔66g,4897038895472
850,30.0,零食,14.0,16.3,康师傅苏打三联香草375g,6919892634306
851,1.0,零食,19.0,24.5,阿尔法无糖粗粮蛋奶面包368g,6913405663500
852,20.0,零食,23.0,29.9,阿尔发零卡糖250g,6913405663777
853,7.0,零食,16.0,19.9,阿尔法木糖醇杂粮脆饼苦荞200g,6913405663579
854,74.0,零食,7.0,8.9,栗栗家板栗仁50g,6975475660254
855,2.0,零食,16.0,19.9,阿尔法木糖醇杂粮脆饼玉米200g,6913405663562
856,7.0,零食,20.0,25.0,阿尔法木糖醇桃酥黑芝麻420g,6913405663524
857,17.0,零食,20.0,25.8,阿尔法木糖醇桃酥黎麦420g,6913405663517
858,27.0,零食,14.0,17.9,王小卤虎皮凤爪卤香105g,6972636670213
859,16.0,零食,12.0,15.5,阿尔发全麦饼干360g,6913405660530
860,1.0,零食,19.0,24.5,阿尔法原味蛋奶面包368g,6913405663494
861,35.0,零食,9.0,11.5,芝麻官胡豆280g,6920609900362
862,37.0,零食,15.0,19.5,老爷爷铁板鱿鱼香辣88g,6975048660810
863,37.0,零食,15.0,19.5,老爷爷铁板鱿鱼烧烤88g,6975048660827
864,1.0,零食,7.7,9.9,5弹酸劲草莓18粒,6923450662106
865,1.0,零食,9.5,12.0,特浓鲜奶薄饼300g,9555118659523
866,26.0,零食,19.5,24.5,蹦乐乐腰果咸蛋黄43g,4897038895779
867,15.0,零食,9.5,12.0,特鲜蔬菜薄饼300g,9555118659530
876,26.0,零食,25.0,33.0,可比可巴厘岛火山咖啡20条装,6953042701531
877,7.0,零食,25.0,33.0,可比可苏门答腊火山咖啡20条装,6953042701524
878,32.0,零食,19.5,24.5,蹦乐乐腰果白桃43g,4897038895762
879,3.0,零食,13.5,16.0,康师傅妙芙巧克力蛋糕192g,6920731700205
880,54.0,零食,14.0,17.9,王小卤凤爪香辣105g,6972636670237
881,26.0,零食,26.0,32.8,蹦乐乐夏威夷果仁芥末60g,4897038895908
882,10.0,零食,26.0,32.8,蹦乐乐夏威夷果仁咸蛋黄60g,4897038895915
883,14.0,零食,10.0,12.8,可居吊炉花生（蒜茸味）308g,6927682700018
884,79.0,零食,30.0,38.0,精品冻干即溶咖啡粉,6931051900893
885,-1.0,零食,27.0,33.8,阿尔发粗粮曲奇958g,6913405670317
886,53.0,零食,14.0,17.9,王小卤凤爪椒麻105g,6972636670244
887,10.0,零食,13.0,16.9,M豆-花生牛奶巧克力豆100g,6914973601567
888,17.0,零食,16.0,22.6,今治中烘焙咖啡粉三合一120g,6959629805531
889,19.0,零食,31.0,36.5,德芙香浓黑巧碗装,6914973604230
890,24.0,零食,31.0,36.5,德芙香白巧碗装,6914973604278
891,31.0,零食,3.7,4.5,好多鱼烧烤味34g,6920907808179
892,5.0,零食,21.0,26.0,智力奶香金典麦片480g,6925785605773
893,9.0,零食,31.0,38.9,智力红豆薏米燕麦520g,6925785605902
894,11.0,零食,16.0,22.6,今治深烘焙咖啡粉三合一120g,6959629805548
895,26.0,零食,3.7,4.5,好多鱼鸡翅味34g,6920907808278
896,21.0,零食,30.0,39.9,智力水果坚果麦脆300g,6925785606404
897,2.0,零食,40.0,52.9,智力酸奶麦脆316g,6925785606442
898,45.0,零食,9.8,12.9,百草味蔓越莓干100g,6948939608208
899,10.0,零食,16.0,22.6,今治轻烘焙咖啡粉三合一120g,6959629805524
900,3.0,零食,16.0,22.66,今治深烘焙速溶咖啡粉36g,6959629805487
901,4.0,零食,16.0,22.66,今治轻烘焙速溶咖啡粉36g,6959629805463
902,69.0,零食,17.0,27.0,瑞特滋尼加拉瓜浓醇黑巧克力100g,4000417932006
903,8.0,零食,7.0,8.5,好丽友薯愿原味104g,6920907809862
904,39.0,零食,9.5,13.9,胶圆堂阿胶黑芝麻丸108g,6974459960120
905,10.0,零食,16.8,23.6,胶圆堂黑芝麻丸126g,6974459960076
914,8.0,零食,7.0,8.5,好丽友薯愿番茄104g,6920907809909
915,1.0,零食,14.0,17.8,赛味馆海苔卷咸蛋黄100g,4897038892327
916,55.0,零食,17.0,27.0,瑞特滋加纳浓醇黑巧克力100g,4000417938008
917,28.0,零食,7.0,8.5,好丽友薯愿红酒牛排味104g,6920907809886
918,46.0,零食,8.5,11.8,百草味板栗仁80g,6948939602572
919,20.0,零食,20.0,25.0,奥利奥原味饼干418g,6901668937032
920,1.0,零食,80.0,105.0,绿盛牛肉粒200g16盒,6907149808969
921,21.0,零食,5.0,5.9,呀土豆薯条烤鸡70g,6920907808612
922,11.0,零食,5.0,5.9,呀土豆薯条里脊牛排70g,6920907808575
923,12.0,零食,5.0,5.9,呀土豆薯条番茄味70g,6920907808537
924,15.0,零食,9.5,12.9,百草味黄桃干100g,6948939602381
925,23.0,零食,10.0,12.8,脆升升黑胡椒薯条100g,6937439915121
926,18.0,零食,68.0,85.0,恒康巴达木420g罐装,6920771613787
927,17.0,零食,22.0,28.2,百年传奇无骨凤爪鲜辣100g,6939730799967
928,-1.0,零食,15.5,19.5,赛味馆芝士奶棒酸奶45g,4897038894888
929,11.0,零食,22.0,27.9,蹦乐乐坚果酥原味66g,4897038895465
930,1.0,零食,75.0,95.0,恒康开口松子420g罐装,6920771613763
931,8.0,零食,22.0,28.2,百年传奇无骨凤爪滕椒100g,6939730799882
932,6.0,零食,10.0,12.8,脆升升烧烤味薯条100g,6937439915145
933,2.0,零食,12.3,15.6,芭提娅草莓果酱180g,8854761800339
934,23.0,零食,6.5,8.5,法丽滋香草柠檬曲奇115g,6947929617169
935,30.0,零食,6.5,8.5,法丽滋黑巧克力曲奇115g,6947929617176
936,8.0,零食,6.5,8.5,法丽滋抹茶慕斯曲奇115g,6947929617183
937,21.0,零食,10.3,13.0,恒康山核桃味瓜子250g,6920771617785
938,15.0,零食,10.3,13.0,恒康焦糖味瓜子250g袋装,6920771617792
939,17.0,零食,14.0,16.3,康师傅苏打夹心奶油三联375g,6919892634108
940,7.0,零食,5.8,7.9,今治轻烘焙速溶咖啡粉杯装22g,6959629805395
941,1.0,零食,24.0,29.8,伊品奶酥片原味228g,6956432610079
942,62.0,零食,41.0,49.9,牛奶榛子巧克力威化250g,4014400924268
943,10.0,零食,12.0,15.0,赛味馆海苔天妇罗墨西哥辣味45g,4897038892365
952,8.0,零食,16.5,21.5,好丽友提拉米苏,6920907801347
953,2.0,零食,7.0,9.0,脆升升杯装原味薯条50g,6937439920019
954,5.0,零食,9.86,12.8,脆升升川椒薯条100g,6937439916555
955,3.0,零食,15.5,19.5,赛味馆果冻葡萄味280g,4897038894604
956,3.0,零食,24.0,29.8,伊品奶酥片牛初乳228g,6956432610086
957,4.0,零食,12.0,15.0,赛味馆海苔天妇罗咸蛋黄45g,4897038892372
958,29.0,零食,15.5,19.5,赛味馆果冻白桃280g,4897038894598
959,15.0,零食,9.86,12.8,脆升升海盐柠檬薯条100g,6937439915299
960,23.0,零食,15.8,19.5,思朗纤麸黑芝麻饼570g,6923250611267
961,19.0,零食,15.8,19.5,思郎无糖消化饼570g,6923250611281
962,27.0,零食,10.2,12.7,百吉猫锅巴孜然300g,6923668390181
963,14.0,零食,8.5,11.5,金语奥尔良脆脆香80g,9588552315670
964,11.0,零食,12.8,19.8,可意奇原味苏打饼干250g,8008620009320
965,85.0,零食,19.0,24.5,金语碧根果130g,9588552312266
966,1.0,零食,19.0,24.5,金语加州开心果115g,9588552312273
967,8.0,零食,19.0,24.5,金语腰果86g,9588552312280
968,5.0,零食,24.5,30.0,如约夹笋豆脯卤香270g,6974856040098
969,42.0,零食,14.0,17.9,拉面说番茄豚骨面158g,6970631040109
970,169.0,零食,21.0,27.5,金语沙琪玛南瓜子588g,9588552313980
971,3.0,零食,12.0,15.9,金语咸蛋无蔗糖苏打饼380g,9588552314123
972,240.0,零食,19.0,24.5,金语夏威夷果140g,9588552312259
973,64.0,零食,22.0,28.2,金语小圆饼原味300g,9588552319661
974,59.0,零食,13.0,16.2,久久鸭脖辣110g,6952675319915
975,97.0,零食,64.0,79.0,越南带皮腰果450g,6970480320292
976,195.0,零食,22.0,28.2,金语小圆饼干焦糖300g,9588552320360
977,118.0,零食,26.0,31.8,久久丫鸭舌70g,6952675321123
978,5.0,零食,18.0,24.0,金语鳕鱼肠原味300g,9588552322296
979,8.0,零食,18.0,24.0,金语鳕鱼肠芝士300g,9588552322302
980,12.0,零食,18.0,24.0,金语虾肉鱼肠300g,9588552322494
981,17.0,零食,12.0,16.0,金语葱香味蟹片,9588552322814
990,19.0,零食,12.0,16.0,金语龙虾片柠檬80g,9588552322821
991,31.0,零食,19.0,24.9,金语麦丽素168g,9588552305312
992,7.0,零食,42.0,46.0,德芙心语98g,6914973300828
993,43.0,零食,22.5,29.0,金语海苔肉松130g,9588552302854
994,29.0,零食,22.5,29.0,金语金枪鱼肉松130g,9588552302861
995,15.0,零食,10.5,14.5,宏香记原切肉干五香味58g,6936001302925
996,29.0,零食,10.5,12.8,皇冠曲奇巧克力腰果90g,8996001303740
997,24.0,零食,6.24,8.8,张君雅鸡汁拉面110g,4710199037010
998,19.0,零食,12.0,16.0,谷优燕麦饼干玉米265g,8410376039375
999,17.0,零食,93.0,115.0,丹麦皇冠曲奇750g,8996001303832
1000,74.0,零食,13.0,16.2,久久鸭脖微辣110g,6952675311315
1001,3.0,零食,8.5,11.5,马马妈煎饼墨鱼虾味75g,6975287200488
1002,74.0,零食,16.0,20.0,金语松塔165g,9588552305725
1003,45.0,零食,9.0,12.0,马马妈香辣海带魔芋爽120g,6975287200365
1004,9.0,零食,39.5,52.0,茱蒂丝什锦饼干650g,9556121009688
1005,36.0,零食,9.0,12.0,马马妈酸辣海带魔芋爽120g,6975287200358
1006,8.0,零食,12.8,19.8,可意奇全麦苏打饼干250g,8008620009337
1007,2.0,零食,24.5,30.0,如约夹笋豆脯香辣270g,6974856040081
1008,29.0,零食,21.5,27.8,喜桂子油栗仁蜂蜜158g,6973768117188
1009,4.0,零食,6.0,7.8,潮巴爷小米锅巴麻辣160g,6922665300797
1010,11.0,零食,15.21,19.5,金语低糖绿豆饼干356g,9588552334961
1011,-1.0,零食,27.0,35.0,金语面包干黄油味300g,9588552333889
1012,64.0,零食,6.4,7.9,百醇牛奶味,6901845040692
1013,10.0,零食,30.4,39.9,海底捞番茄牛腩火锅365g,6971284200049
1014,1.0,零食,10.5,14.5,金语手工凤凰卷海苔味156g,9588552333902
1015,171.0,零食,11.0,15.0,金语涂层坚果酸奶块榴莲味45g,9588552334244
1016,165.0,零食,11.0,15.0,金语酸奶涂层酸奶块草莓味45g,9588552334251
1017,169.0,零食,11.0,15.0,金语涂层坚果酸奶块蓝莓味45g,9588552334268
1018,10.0,零食,15.21,19.5,金语低糖黑米饼干356g,9588552334954
1019,19.0,零食,30.4,39.9,海底捞脆爽牛肚火锅435g,6971284200063
1028,1.0,零食,11.31,14.5,金语山楂圈200g,9588552337450
1029,5.0,零食,14.04,18.0,金语方块酥海苔188g,9588552337535
1030,1.0,零食,14.04,18.0,金语方块酥咸蛋黄188g,9588552337542
1031,39.0,零食,6.4,7.9,百醇提拉米苏味48g,6901845040951
1032,1.0,零食,10.5,13.2,久久丫甜辣豆干186g,6952675337735
1033,11.0,零食,14.63,19.0,金语龟苓膏果冻560g,9588552338389
1034,1.0,零食,14.63,19.0,金语烧仙草果冻560g,9588552338396
1035,3.0,零食,12.0,15.5,马马妈麻辣牛板筋65g,6975287200044
1036,12.0,零食,11.0,17.8,维趣多糖花饼干225g,8032755323723
1037,5.0,零食,10.0,13.5,aji-五谷纤麦苏打饼简易装472.5g,4713507008344
1038,11.0,零食,11.0,17.8,维趣多全麦饼干225g,8032755323730
1039,6.0,零食,13.0,20.8,维趣多燕麦饼干225g,8032755323761
1040,1.0,零食,13.0,20.8,维趣多葡萄干燕麦饼干225g,8032755323778
1041,10.0,零食,14.5,18.0,金语蛋仔烧咸蛋黄258g,9588552329103
1042,8.0,零食,14.5,18.0,金语蛋仔烧原味258g,9588552329110
1043,25.0,零食,19.0,23.5,久久丫香辣鸭肫136g,6952675329921
1044,10.0,零食,11.0,14.9,马马妈佛罗伦丹坚果松饼256g,6975287200266
1045,36.0,零食,12.8,16.5,久久丫甜辣鸭翅142g,6952675329938
1046,26.0,零食,27.5,34.9,海底捞香辣素食火锅400g,6971284200087
1047,33.0,零食,10.92,14.9,ZEK-玉米鳕鱼肠105g,8809420330641
1048,10.0,零食,39.0,51.0,ZEK蜂蜜柚子茶1kg,8809420330696
1049,16.0,零食,27.0,35.0,ZEK蜂蜜柚子茶580g,8809420330740
1050,1.0,零食,12.0,16.5,金语益生菌吸吸冻（白桃芒果）480g,9588552332707
1051,26.0,零食,14.0,17.9,拉面说金汤肥牛拉面158g,6970631040123
1052,1.0,零食,12.0,16.5,金语益生菌吸吸冻(秋梨枇杷）480g,9588552332912
1053,13.0,零食,14.0,17.9,拉面说豚骨叉烧面158g,6970631040130
1054,26.0,零食,6.4,7.9,百醇巧克力味48g,6901845040685
1055,2.0,零食,3.2,4.0,王老吉凉茶310ml,6956367338680
1056,42.0,零食,22.0,27.5,福财记手剥大瓜子218g,6926507202379
1057,19.0,零食,11.0,17.8,菲思图香辣味薯片160g,9556023220969
1066,2.0,零食,11.0,17.8,菲思图番茄味薯片160g,9556023220976
1067,37.0,零食,23.0,29.0,福财核桃仁130g,6926507202591
1068,4.0,零食,105.0,140.0,雀巢醇品速溶咖啡500g,6903473015103
1069,8.0,零食,23.0,32.2,克特多真味纯可可黑巧克力100g,7622400013935
1070,31.0,零食,21.0,33.6,巧美黑巧克力酱250g,5410291012760
1071,16.0,零食,21.0,33.6,巧美榛仁巧克力酱250g,5410291012753
1072,11.0,零食,47.0,58.0,福财记手剥大瓜子900g,6926507202423
1073,8.0,零食,11.0,17.8,菲思图乳酪味薯片160g,9556023220952
1074,16.0,零食,64.5,78.9,丹麦皇冠曲奇454g罐装,8886001012295
1075,19.0,零食,28.0,35.0,福财每日坚果168g,6926507202300
1076,-1.0,零食,61.0,74.0,福财记大榛子430g,6926507202003
1077,16.0,零食,57.0,71.0,福财记巴旦木450g,6926507201945
1078,7.0,零食,8.3,10.5,果子町-苏打饼干奶盐味360g,4713507011535
1079,9.0,零食,8.3,10.5,果子町-苏打饼干芝麻味360g,4713507011528
1080,-4.0,零食,62.0,78.0,福财记碧根果400g,6926507201884
1081,32.0,零食,26.0,36.5,克特多黑巧克力150g,5410081201848
1082,27.0,零食,11.0,14.6,酵母手撕面包蛋奶味338g,4894375011008
1083,24.0,零食,11.0,14.6,酵母手撕面包原味338g,4894375010995
1084,5.0,零食,14.5,18.0,茱蒂丝柠檬夹心饼170g,9556121022496
1085,21.0,零食,30.5,37.0,德芙士力架碗装460g,6914973206106
1086,3.0,零食,55.0,78.0,克特多片装牛奶巧克力240g,5410081206201
1087,4.0,零食,33.0,43.5,茱蒂丝奶油苏打饼500g,9556121027149
1088,20.0,零食,8.8,11.5,茱蒂丝起士三明治135g,9556121024025
1089,20.0,零食,33.0,42.0,福财记每日坚果174g,6926507203116
1090,11.0,零食,10.0,13.5,燕麦苏打饼干,4713507023538
1091,12.0,零食,13.5,18.8,aji蛋黄流心酥220g,4894375022547
1092,12.0,零食,13.5,18.8,aji榴莲流心酥220g,4894375022530
1093,15.0,零食,11.0,17.8,菲思图烧烤味薯片160g,9556023220945
1094,8.0,零食,14.5,22.0,瑞特滋葡萄干榛子巧克力100g,4000417022004
1095,1.0,零食,14.5,22.0,瑞特滋牛奶巧克力100g,4000417021007
1104,9.0,零食,8.3,10.5,果子町-苏打饼干黑芝麻味360g,4713507019135
1105,276.0,零食,4.5,5.4,福财记每日坚果25g,6926507202836
1106,9.0,零食,8.3,10.5,果子町-苏打饼干香葱味360g,4713507019128
1107,53.0,零食,5.4,6.9,石磨小镇贡菜香辣味85g,6956405213610
1108,2.0,零食,11.0,17.8,菲思图原味薯片160g,9556023220921
1109,1.0,零食,11.0,17.8,菲思图酸奶洋葱味薯片160g,9556023220938
1110,5.0,零食,6.0,7.8,潮巴爷小米锅巴孜然160g,6922665300780
1111,29.0,零食,13.0,16.9,脆香米牛奶120g,6914973200685
1112,7.0,零食,9.5,11.5,星巴克芝士奶香拿铁270ml,6970870270961
1113,19.0,零食,12.5,13.8,康师傅5连包香辣牛肉,6921774271547
1114,67.0,零食,12.5,13.8,康师傅5连包香菇炖鸡,6921774271622
1115,2.0,零食,14.5,18.5,马马妈芝麻无糖饼干368g,6975287200730
1116,17.0,零食,12.5,13.8,康师傅5连包麻辣牛肉,6921774286305
1117,32.0,零食,8.5,9.3,华丰三鲜5连包,6901715291247
1118,41.0,零食,12.2,14.0,华丰油泼辣子5连包,6901715292527
1119,3.0,零食,3.7,4.3,华丰油泼辣子碗装,6901715292541
1120,49.0,零食,9.5,11.5,星巴克拿铁咖啡270ml,6970870270947
1121,11.0,零食,17.0,24.5,波力海苔原味24g,6918598028105
1122,7.0,零食,12.5,13.8,康师傅5连包红烧,6921774200639
1123,11.0,零食,17.5,22.0,福财记五香蒸西瓜子380g,6926507299881
1124,9.0,零食,6.0,7.8,番薯青年地瓜干100g,6954003200612
1125,26.0,零食,30.0,40.0,沃隆坚果175gA白,6959479300422
1126,18.0,零食,30.0,40.0,沃隆坚果B黄175g,6959479300439
1127,11.0,零食,6.5,8.3,手工花椒锅巴麻辣158g,6971426300477
1128,27.0,零食,6.5,8.3,手工花椒锅巴爆辣158g,6971426300491
1129,37.0,零食,13.5,17.5,瑞士三角黑巧克力100g,7614500010617
1130,18.0,零食,12.5,17.2,番薯青年倒蒸地瓜干280g,6954003201107
1131,4.0,零食,39.0,52.0,茱蒂丝三明治花生酱饼干540g,9556121027156
1132,6.0,零食,39.0,52.0,茱蒂丝三明治乳酪饼干504g,9556121027163
1133,8.0,零食,37.5,48.0,福财记奶油葡萄干660g,6926507201594
1142,1.0,零食,7.5,9.9,福财记吊炉花生158g,6926507201327
1143,19.0,零食,8.0,11.6,番薯青年倒蒸地瓜干150g,6954003201312
1144,21.0,零食,4.5,6.5,番薯青年水晶紫薯仔150g,6954003201305
1145,1.0,零食,4.5,6.5,番薯青年水晶红薯仔150g,6954003201299
1146,113.0,零食,13.5,17.5,瑞士三角白巧克力100g,7614500010310
1147,13.0,零食,8.0,9.9,星巴克焦香玛奇朵228ml,6970870270671
1148,2.0,零食,46.0,58.5,山姆农场蜂蜜杏仁250g,8809022200885
1149,1.0,零食,14.5,18.5,马马妈香葱无糖饼干368g,6975287200747
1150,1.0,零食,14.5,17.6,星巴克星冰乐咖啡281ml,6970870270015
1151,3.0,零食,14.5,17.6,星巴克星冰乐香草281ml,6970870270152
1152,6.0,零食,14.5,17.6,星巴克星冰乐焦糖281ml,6970870270213
1153,96.0,零食,11.9,14.9,星巴克黑咖啡270ml,6970870270534
1154,5.0,零食,8.0,9.9,星巴克经典浓郁228ml,6970870270657
1155,23.0,零食,8.0,9.9,星巴克经典美式228ml,6970870270664
1156,41.0,零食,47.0,58.8,福财记手剥大花生800g,6926507204991
1157,50.0,零食,6.3,7.5,黄飞鸿花生110g,6925843404249
1158,10.0,零食,9.0,10.9,小猪佩奇柠檬饼干160g,6924546000819
1159,21.0,零食,40.0,51.0,G7袋装咖啡800g,8935024149669
1160,61.0,零食,18.0,23.0,牛浪汉泡椒牛肉160g,6923228400817
1161,63.0,零食,5.0,6.5,众望麻花咸味200g,6922895401226
1162,15.0,零食,9.0,10.9,小猪佩奇草莓饼干160g,6924546000802
1163,35.0,零食,26.52,32.8,诺帕丽汉斯星期五曲奇饼干400g,4002652000748
1164,26.0,零食,7.5,10.0,莎布蕾曲奇芒果蔓越莓70g,6972914150314
1165,12.0,零食,15.5,19.8,百年传奇野山椒凤爪120g,6972500148121
1166,5.0,零食,15.5,21.0,谷优谷物饼干酸奶夹心220g,8410376044775
1167,1.0,零食,19.0,24.0,莱家威化卡布奇诺110g,8000380140565
1168,351.0,零食,8.3,9.8,费列罗3粒装巧克力,80050278
1169,138.0,零食,10.0,12.9,天幕城神氢泉360ml,6971992140019
1170,8.0,零食,5.3,6.5,老奶奶花生米142g,6922621132783
1171,22.0,零食,26.52,32.8,获爱怡混装华夫饼干400g,4002652000717
1180,3.0,零食,25.2,34.0,阿华田芝麻豆浆粉403g,7612100063835
1181,22.0,零食,6.8,8.8,莎布蕾薄脆饼干海苔113g,6972914150765
1182,11.0,零食,34.0,48.0,圣贵兰经典黑咖啡100g,8002650002177
1183,5.0,零食,8.8,11.5,茱蒂丝花生三明治135g,9556121001859
1184,24.0,零食,7.5,9.5,莫小仙酸辣粉138g,6958770001403
1185,17.0,零食,6.24,8.8,张君雅五香海苔丸子80g,4710199080566
1186,8.0,零食,13.0,18.0,可意奇全麦松脆饼原味250g,8008620080244
1187,15.0,零食,6.8,8.8,莎布蕾薄脆饼干黑椒113g,6972914150772
1188,2.0,零食,9.0,10.9,小猪佩奇巧克力160g,6924546000826
1189,15.0,零食,14.9,18.0,牛浪汉牛肉粒80g,6923228400381
1190,19.0,零食,6.8,8.8,莎布蕾薄脆饼干番茄113g,6972914150758
1191,1.0,零食,7.5,10.0,莎布蕾曲奇抹茶70g,6972914150352
1192,4.0,零食,7.5,10.0,莎布蕾曲奇蛋奶椰蓉70g,6972914150321
1193,2.0,零食,140.0,169.0,费列罗巧克力32粒,8000500067567
1194,34.0,零食,25.0,28.0,西麦燕麦片1kg,6905014000890
1195,3.0,零食,11.0,16.5,芬特乐橙汁1L,5290074002221
1196,26.0,零食,110.0,138.0,牛奶榛子巧克力威化600g,4014400470055
1197,31.0,零食,12.0,16.0,三胖蛋原味瓜子白袋180g,6925723000080
1198,55.0,零食,21.5,33.0,三胖蛋瓜子罐装218g,6925723000028
1199,7.0,零食,10.8,13.9,台湾米饼芝士320g,4897076061181
1200,9.0,零食,5.2,7.5,御之味特浓牛乳大饼,4712832449037
1201,11.0,零食,7.0,9.3,牛奶棒棒饼干170g,4712832449983
1202,14.0,零食,7.8,11.5,杰克威化饼干巧克力100g,9556023453480
1203,-1.0,零食,9.5,13.5,令和北海道海盐小圆饼138g,4713233433298
1204,9.0,零食,10.8,13.9,台湾米饼蛋黄320g,4897076061167
1205,32.0,零食,39.5,49.0,力诚鳕鱼肠原味350g,6941174497026
1206,29.0,零食,39.5,49.0,力诚鳕鱼肠芝士350g,6941174497033
1207,19.0,零食,8.8,10.8,力诚蟹柳原味92g,6941174497149
1208,9.0,零食,8.8,10.8,力诚蟹柳辣味92g,6941174497156
1209,23.0,零食,12.0,15.5,力诚三文鱼肠原味150g,6941174499617
1218,16.0,零食,26.5,34.0,阿华田速溶豆浆粉420g,7612100500033
1219,2.0,零食,12.5,16.5,宏途山药片蜜汁烤翅180g,6957666000681
1220,13.0,零食,46.0,49.0,永璞轻享冻干咖啡粉12颗,6971062128855
1221,9.0,零食,12.5,16.5,宏途山药片海苔180g,6957666000667
1222,29.0,零食,14.8,19.0,来伊份日式梅饼80g,6933211412246
1223,58.0,零食,10.92,14.9,ZEK芝士鳕鱼肠105g袋装,8804007413540
1224,1.0,零食,3.5,4.5,卫龙魔芋香辣50g,6935284415650
1225,4.0,零食,11.0,13.8,维度米果芝士味228g,4897076062850
1226,6.0,零食,11.0,13.8,维度米果蔬菜味228g,4897076062393
1227,18.0,零食,9.3,12.0,来伊份益生菌芒果条48g,6933211432459
1228,1.0,零食,11.0,13.8,维度米果蛋黄味228g,4897076062379
1229,16.0,零食,9.0,12.0,宏亚泰式原味椰浆蛋卷140g,4897045427772
1230,6.0,零食,9.0,12.0,宏亚泰式榴莲椰浆蛋卷140g,4897045427802
1231,5.0,零食,11.0,14.5,马马妈布丁草莓味320g,4897045430383
1232,1.0,零食,26.5,33.5,西麦特浓牛奶营养麦片700g,6905014000081
1233,5.0,零食,11.0,14.5,马马妈布丁香草味320g,4897045430390
1234,8.0,零食,20.0,25.0,金语什锦蛋卷243g,9588552338983
1235,14.0,零食,9.8,12.9,溜溜梅雪梅160g,6923976181266
1236,3.0,零食,9.8,12.9,溜溜梅清梅160g,6923976110136
1237,18.0,零食,21.5,25.5,旺旺仙贝520g,6909995101676
1238,31.0,零食,22.0,28.0,虎标冬瓜荷叶茶,4897031353603
1239,18.0,零食,22.0,28.0,虎标胖大海菊花茶,4897031353610
1240,17.0,零食,13.0,17.5,谷优无糖曲奇150g,8410376052893
1241,37.0,零食,15.0,19.9,爱时乐夹心棒巧克力150g,8996001356326
1242,145.0,零食,3.7,4.5,露露杏仁露,6901808188881
1243,14.0,零食,21.5,25.5,旺旺雪饼520g,6909995110326
1244,22.0,零食,5.2,6.7,太阳锅巴五香130g,6901306180738
1245,1.0,零食,105.0,139.0,费列罗巧克力24粒,8000500180723
1246,2.0,零食,5.2,6.7,太阳锅巴麻辣130g,6901306180714
1247,28.0,零食,22.0,30.8,克特多70可可黑巧克力100g,7622400006753
1256,6.0,零食,9.5,13.0,EGO灌心饼干哈密瓜180g,029173094241
1257,2.0,零食,8.0,11.5,EGO小鱼图形饼干海苔140g,029173093343
1258,2.0,零食,8.0,11.5,EGO小鱼图形饼干烧鸡140g,029173093336
1259,4.0,零食,40.0,54.0,泽合香浓白咖啡600g,9556854006039
1260,16.0,零食,6.4,7.9,百醇红酒巧克力味,6901845041248
1261,17.0,零食,16.0,19.9,黄瓜籽份原味无糖220g,6975035340046
1262,13.0,零食,16.0,19.9,黄瓜籽粉加钙无糖220g,6975035340053
1263,12.0,零食,10.0,13.5,aji-酵母咸盐苏打饼简易装472.5g,4713507008337
1264,36.0,零食,14.0,18.0,久久丫奥尔良小鸡腿108g,6952675340735
1265,56.0,零食,12.8,16.5,久久丫鸡翅尖118g,6952675340810
1266,30.0,零食,12.0,15.5,马马妈孜香牛板筋65g,6975287200037
1267,20.0,零食,6.4,7.9,百醇抹茶慕斯味,6901845040968
1268,6.0,零食,30.4,39.9,海底捞麻辣嫩牛火锅405g,6971284200001
1269,49.0,零食,28.0,36.5,虎标冻干柠檬70g,4897031352385
1270,32.0,零食,9.8,12.9,溜溜梅乌梅160g,6923976112161
1271,41.0,零食,29.0,36.5,虎标皇菊40g,4897031352422
1272,23.0,零食,21.5,27.8,喜桂子油栗仁原味158g,6973768111179
1273,11.0,零食,28.0,36.5,虎标玫瑰花100g,4897031352446
1274,76.0,零食,29.0,36.5,虎标胎菊70g,4897031352477
1275,16.0,零食,22.0,28.0,虎标红豆薏米芡实茶,4897031353597
1276,22.0,零食,6.24,8.8,张君雅酱烧虾拉面饼65g,4710199080597
1277,10.0,零食,9.5,12.0,茱蒂丝草莓蛋卷100g,9556121003976
1278,17.0,零食,6.24,8.8,张君雅辣鸡点心面78g,4710199087701
1279,9.0,零食,9.5,13.0,EGO益果智力动物饼干100g,029173093145
1280,91.0,零食,67.0,84.0,中敖风干牛肉250g,6948042400034
1281,2.0,零食,9.5,13.0,EGO灌心饼干草莓180g,029173092964
1282,35.0,零食,56.0,69.9,中敖手撕牛肉200g,6948042400027
1283,2.0,零食,9.5,13.0,EGO灌心饼干巧克力180g,029173092957
1284,15.0,零食,13.5,16.9,德福祥伍仁油茶400g,6931802400047
1285,11.0,零食,5.2,6.7,太阳锅巴孜然130g,6901306180707
1294,23.0,零食,9.5,12.0,茱蒂丝巧克力蛋卷100g,9556121003884
1295,43.0,零食,6.4,7.9,百醇榛仁巧克力味48g,6901845041712
1296,11.0,零食,6.8,8.8,莎布蕾薄脆饼干柚子113g,6972914150789
1297,7.0,零食,13.6,17.0,逸生昌小麻花芝麻418g,4710484398994
1298,2.0,零食,13.6,17.0,逸生昌小麻花椒盐418g,4710484398970
1299,7.0,零食,10.2,12.7,百吉猫麻300g,6923668390075
1300,3.0,零食,15.0,19.9,爱时乐夹心棒草莓150g,8996001356500
1301,6.0,零食,55.0,78.0,克特多片装黑巧克力240g,7622200002290
1302,20.0,零食,6.24,8.8,张君雅鸡汁点心面100g,4710199085509
1303,36.0,零食,10.0,14.0,香蕉片原味100g,4806531360028
1304,3.0,零食,13.5,16.9,德福祥八宝咸油茶400g,6931802400078
1305,38.0,零食,18.5,27.9,德福祥牛骨髓油茶680g,6931802400085
1306,24.0,零食,6.24,8.8,张君雅巧克力甜甜圈45g,4710199086506
1307,6.0,零食,6.24,8.8,张君雅日式串烧丸子95g,4710199085707
1308,20.0,零食,40.0,54.0,泽合原味白咖啡600g,9556854006008
1309,3.0,零食,8.0,11.5,EGO小鱼图形饼干奶酪140g,029173093329
1311,693.0,面粉,52.0,64.0,老牛麦芯粉10kg,6932816000742
1312,685.0,面粉,31.0,37.0,小康之家5kg,6932816000599
1314,5.0,乳制品,11.5,14.9,卡士0添加110g*3,6924810821027
1315,7.0,乳制品,9.0,11.8,达芬奇西柚净酸奶100g*2,6971550820155
1316,8.0,乳制品,25.0,32.8,达芬奇家庭装原味1kg,6971550820087
1317,8.0,乳制品,25.0,32.8,达芬奇家庭装西柚1kg,6971550820094
1318,4.0,乳制品,28.7,36.8,卡士断糖无蔗糖酸奶,6924810822222
1319,-1.0,乳制品,13.0,15.5,君乐宝简醇酸奶0糖袋150g,6922577730378
1320,8.0,乳制品,8.0,10.8,达芬奇原味净酸奶100g*2,6971550820148
1321,5.0,乳制品,7.5,9.9,达芬奇荔枝布丁酸奶180g,6971550820810
1322,11.0,乳制品,11.6,14.8,达芬奇优型草莓320g,6971550820643
1323,11.0,乳制品,11.6,14.8,达芬奇优型黄桃320g,6971550820650
1332,7.0,乳制品,11.5,14.8,新希望低脂蓝莓树莓酸奶370g,6928494806448
1333,41.0,乳制品,24.5,28.5,咖啡大师燕麦奶1升,6974613130109
1334,1.0,乳制品,8.0,9.9,原味低脂燕麦奶250ml,6974613130079
1335,2.0,乳制品,105.0,135.0,澳牧儿童牛奶200ml*15,9315090201109
1336,53.0,乳制品,8.0,9.9,巧克力味燕麦奶250ml,6974613130086
1337,1.0,乳制品,20.0,27.0,澳牧儿童牛奶200ml*3,9315090201062
1338,6.0,乳制品,5.0,6.9,甘蒂牧场草莓牛奶200ml,5711953044380
1339,18.0,乳制品,46.0,55.0,原味醇香燕麦奶6连包,6974613130314
1340,4.0,乳制品,46.0,55.0,低脂醇香燕麦奶6连包,6974613130345
1341,-3.0,乳制品,46.0,55.0,巧克力燕麦奶6连包,6974613130376
1342,12.0,乳制品,46.0,55.0,咖啡大师燕麦奶6连包,6974613130383
1343,9.0,乳制品,11.5,14.8,新希望低脂牛油果青柠酸奶370g,6928494806455
1344,23.0,乳制品,6.5,8.5,达芬奇纯酸奶0蔗糖135g,6971550820001
1345,3.0,乳制品,10.5,13.5,卡士鲜酪乳100g*3,6924810802248
1346,42.0,乳制品,5.0,6.9,甘蒂牧场巧克力牛奶200ml,5711953044366
1347,2.0,乳制品,19.0,24.0,卡士双倍蛋白发酵乳奇亚籽,6924810812223
1348,3.0,乳制品,19.0,24.0,卡士双倍蛋白发酵乳原味,6924810812216
1349,1.0,乳制品,31.0,41.0,卡士双歧杆菌发酵乳750g,6924810810014
1350,10.0,乳制品,8.0,9.9,原味醇香燕麦奶250ml.,6974613130062
1351,18.0,乳制品,10.7,13.8,卡士餐后一小时250g,6924810810007
1352,101.0,乳制品,8.0,9.9,咖啡大师燕麦奶250ml,6974613130055
1353,7.0,乳制品,95.0,126.0,澳牧儿童牛奶200ml*12,9315090201758
1354,8.0,乳制品,9.8,12.8,新希望草莓桑椹酸奶370g,6928494805250
1355,10.0,乳制品,9.8,12.8,新希望黄桃芒果酸奶370g,6928494805267
1356,20.0,乳制品,63.0,78.0,认养一头牛PET常温酸奶230g*10,6970037311247
1357,66.0,乳制品,10.7,13.6,甘蒂牧场部分脱脂牛奶1L,4100290007089
1358,18.0,乳制品,12.5,15.8,百吉福成长原味100g,6922477400777
1359,50.0,乳制品,19.0,23.9,百吉福芝士片低脂166g,6922477400685
1360,25.0,乳制品,12.5,15.8,百吉福成长蓝莓100g,6922477400524
1361,22.0,乳制品,12.5,15.8,百吉福成长草莓100g,6922477400333
1370,61.0,乳制品,11.5,13.9,百吉福芝士片100g,6922477400227
1371,27.0,乳制品,10.5,13.6,德运脱脂牛奶1l,9300639400013
1372,3.0,乳制品,41.0,53.0,甘蒂牧场部分脱脂牛奶提装,4100290002756
1373,10.0,乳制品,13.0,16.0,安佳全脂牛奶1L,9415262003972
1374,15.0,乳制品,10.7,13.6,甘蒂牧场脱脂牛奶1L,4100290007072
1375,29.0,乳制品,8.4,10.8,百吉福一杯芝士原味70g,6922477410523
1376,18.0,乳制品,12.0,15.6,甘蒂牧场全脂牛奶1L,4100290007096
1377,17.0,乳制品,78.0,109.0,美力源全脂羊奶粉400g,6955801112596
1378,182.0,乳制品,70.0,88.0,新疆有机奶,6935739919337
1379,19.0,乳制品,65.0,86.0,德运调制乳粉1kg,9300639602967
1380,4.0,乳制品,7.3,8.2,银桥益生菌酸奶436g,6904007605050
1381,3.0,乳制品,33.5,38.0,银桥康美包纯奶,6904007606569
1382,16.0,乳制品,38.0,44.7,银桥原点牧场纯奶,6904007606606
1383,4.0,乳制品,15.0,18.0,银桥4连杯百香果酸奶,6904007607870
1384,1.0,乳制品,8.9,11.1,银桥牧场纯牛奶180g,6904007607900
1385,1.0,乳制品,10.2,12.5,银桥裸酸奶160g,6904007607917
1386,3.0,乳制品,54.0,66.0,伊利安慕希菠萝酸奶205g*12,6907992518992
1387,8.0,乳制品,55.0,65.0,伊利安慕希原味,6907992512761
1388,8.0,乳制品,53.0,65.0,金典高钙低脂奶,6907992513157
1389,45.0,乳制品,57.0,68.0,伊利安慕希黄桃燕麦,6907992513829
1390,32.0,乳制品,66.0,78.0,伊利安慕希PET原味,6907992514178
1391,2.0,乳制品,66.0,78.0,伊利安慕希芒果百香果,6907992514604
1392,15.0,乳制品,72.0,88.0,安慕希高端橙+凤梨,6907992515533
1393,14.0,乳制品,65.0,78.0,金典有机脱脂奶提装,6907992516691
1394,10.0,乳制品,72.0,88.0,金典蛋白有机纯牛奶,6907992518077
1395,3.0,乳制品,70.0,88.0,伊利安慕希丹东草莓230ml*10,6907992518930
1396,22.0,乳制品,8.4,10.8,百吉福一杯芝士草莓70g,6922477410530
1397,5.0,乳制品,14.5,18.8,新希望鲜奶牛乳700ml,6941704425017
1398,2.0,乳制品,14.0,17.5,百吉福棒棒香草冰淇淋100g,6922477411599
1399,12.0,乳制品,14.0,17.5,百吉福棒棒缤纷莓子味100g,6922477411575
1408,12.0,乳制品,14.0,17.5,百吉福棒棒酸奶果粒100g,6922477411568
1409,10.0,乳制品,14.0,17.5,百吉福棒棒原味100g,6922477411544
1410,4.0,乳制品,15.5,19.8,百吉福果心奶酪橙子100g,6922477411384
1411,-1.0,乳制品,16.5,21.8,百吉福奶酪五果三蔬100g,6922477411117
1412,3.0,乳制品,16.5,21.8,百吉福特浓奶酪原味100g,6922477411063
1413,14.0,乳制品,8.4,10.8,百吉福一杯芝士白桃70g,6922477410547
1414,24.0,乳制品,65.0,86.0,德运脱脂乳粉1kg,9300639999005
1415,12.0,乳制品,12.0,15.6,德亚低脂牛奶1L,4260290260027
1416,9.0,乳制品,12.0,15.6,德亚脱脂牛奶1L,4260290260034
1417,20.0,乳制品,7.0,8.8,卡士第二餐原味发酵乳85g,6924810824608
1418,54.0,乳制品,62.0,78.0,纯澳纯浓燕麦奶礼盒250ml*12,6942022012149
1419,16.0,乳制品,55.0,71.0,德亚酸奶200ml*10,4260290262274
1420,49.0,乳制品,65.0,78.0,特仑苏有机奶,6923644295844
1421,21.0,乳制品,65.0,78.0,纯甄PET原味酸奶,6923644284947
1422,6.0,乳制品,95.0,126.0,澳牧风味酸奶200ml*10,4100910903203
1423,1.0,乳制品,10.2,12.5,银桥炭烧酸奶160g,6904007607924
1424,3.0,乳制品,27.0,35.8,卡士无蔗糖益生菌酸奶969g,6924810822406
1425,5.0,乳制品,56.5,79.0,德亚有机脱脂高钙奶提装,4260290265206
1426,6.0,乳制品,56.5,79.0,德亚有机全脂高钙奶提装,4260290265190
1427,8.0,乳制品,55.0,69.0,德亚有机低脂奶提装,4260290264636
1428,5.0,乳制品,48.0,60.0,德亚脱脂牛奶提装,4260290263042
1429,1.0,乳制品,12.0,15.6,德亚全脂牛奶1L,4260290260010
1430,8.0,乳制品,48.0,60.0,德亚全脂牛奶提装,4260290260041
1431,1.0,乳制品,6.5,7.9,银桥轻实风味酸牛奶135g,6904007608563
1432,10.0,乳制品,39.0,49.0,认养一头牛纯牛奶200ml*12,6970037313272
1433,57.0,乳制品,40.0,49.9,认养一头牛3.6g纯牛奶250ml*12,6970037312640
1434,16.0,乳制品,63.0,78.0,认养一头牛PET白桃燕麦酸奶230g*10,6970037311421
1435,44.0,乳制品,55.0,68.0,A2酪蛋白纯奶梦幻盖250ml*10,6970037311148
1436,9.0,乳制品,48.0,60.0,德亚低脂牛奶200ml*12,4260290262267
1437,57.0,乳制品,53.0,68.0,蒙牛特仑苏低脂250ml*12,6923644232658
1446,5.0,乳制品,95.0,126.0,澳牧全脂纯奶250ml*10,9315090210507
1447,2.0,乳制品,26.7,33.8,卡士风味发酵乳1kg,6924810822376
1448,106.0,乳制品,38.0,49.0,纯澳早餐燕麦奶礼盒250ml*10,6942022012316
1450,70.0,乳制品纯奶,50.0,59.0,特仑苏纯牛奶,6923644266318
1451,24.0,乳制品纯奶,58.0,68.0,蒙牛特仑苏梦幻盖牛奶提装,6923644297251
1452,13.0,乳制品纯奶,55.0,68.0,蒙牛特仑苏有机纯奶提装,6923644299804
1453,4.0,乳制品纯奶,42.0,55.0,华山牧有机纯牛奶225ml*10,6970339117486
1454,7.0,乳制品纯奶,16.5,19.5,华山鲜牛奶950ml,6970339116557
1456,29.0,乳制品酸奶,56.0,65.0,华山牧1W纯奶提装,6970339116151
1457,18.0,乳制品酸奶,10.0,12.5,简爱滑滑树莓100g*3,6970618570001
1458,8.0,乳制品酸奶,30.5,38.0,简爱百香果1.08kg,6970618570056
1459,35.0,乳制品酸奶,3.0,4.0,华山老酸奶120g,6970339116373
1460,84.0,乳制品酸奶,3.7,4.4,华山牧优酪乳黄桃180g,6970339117844
1461,2.0,乳制品酸奶,5.8,7.5,华山牧清香白桃酸奶250g,6970339117653
1462,8.0,乳制品酸奶,5.8,7.5,华山牧海盐西柚250ml,6970339117646
1463,6.0,乳制品酸奶,5.8,7.5,华山牧原味酸奶250ml,6970339117639
1464,11.0,乳制品酸奶,11.0,14.5,华山发酵乳黄桃90g,6970339117554
1465,15.0,乳制品酸奶,7.8,9.5,草莓流心芝士单杯,6973230890342
1466,92.0,乳制品酸奶,3.0,4.0,华山无糖酸奶160g,6970339117233
1467,51.0,乳制品酸奶,3.5,4.5,华山牧青稞酸奶180g,6970339117097
1468,6.0,乳制品酸奶,22.0,30.0,简爱6.0g蛋白100g*3,6970618570414
1469,11.0,乳制品酸奶,7.5,9.5,格格啵啵珠芒果+椰果150g,6932365575104
1470,67.0,乳制品酸奶,3.8,4.5,华山牧优酪乳混合180g,6970339116137
1471,15.0,乳制品酸奶,15.5,19.0,小果泥酸奶香蕉牛油果味,6973230891547
1472,15.0,乳制品酸奶,5.5,6.5,来思尔裸酸奶原味236g,6927797622304
1473,12.0,乳制品酸奶,15.5,19.0,小果泥酸奶草莓樱桃味,6973230891448
1474,13.0,乳制品酸奶,4.0,5.5,来思尔原味小酸奶180g,6927797623370
1475,6.0,乳制品酸奶,4.0,5.5,来思尔焦糖小酸奶180g,6927797623530
1484,28.0,乳制品酸奶,2.8,4.5,华山牧优酪乳燕麦180g,6970339116144
1485,1.0,乳制品酸奶,7.5,9.5,简爱0添加糖135g,6970618570070
1486,4.0,乳制品酸奶,7.5,9.5,格格啵啵珠草莓+树莓150g,6932365575111
1487,32.0,乳制品酸奶,3.8,4.5,华山牧优酪乳原味180g,6970339116120
1488,34.0,乳制品酸奶,7.5,9.5,简爱果蔬4吸吸酸奶100g,6970618570599
1489,25.0,乳制品酸奶,7.5,9.5,简爱原味230g,6970618570162
1490,25.0,乳制品酸奶,7.5,9.5,简爱百香果230g,6970618570179
1491,3.0,乳制品酸奶,9.3,10.8,简爱滑滑原味100g*3,6970618570384
1492,24.0,乳制品酸奶,7.5,9.5,简爱2吸吸酸奶100g,6970618570582
1493,5.0,乳制品酸奶,5.8,6.9,华山鲜牛奶250ml,6970339116588
1495,65.0,食用油,93.5,109.5,长安花高原小粒菜籽油5L,6933664901038
1496,41.0,食用油,150.0,159.9,鲁花5S压榨一级花生油5L,6916168616554
1497,9.0,食用油,65.0,75.0,鲁花高油酸花生油750ml,6971114920017
1498,25.0,食用油,99.0,119.0,福临门小榨菜籽油5L,6941499119399
1499,1.0,食用油,72.0,96.0,鲁花特级初榨橄榄油750ml,6916168617322
1500,1001.0,食用油,98.0,108.9,鲁花低芥酸菜籽油5L,6938749816122
1501,33.0,食用油,99.0,119.0,福临门葵花油5L,6941499122627
1502,20.0,食用油,103.0,135.0,品利初榨橄榄油礼盒,8411342000177
1503,24.0,食用油,63.0,83.9,品利初榨橄榄油750ml,8411342000115
1505,93.0,饮料,5.0,6.5,雀巢咖啡榛果268ml,6917878054766
1506,62.0,饮料,5.2,6.9,依云天然矿泉水,3068320055008
1507,45.0,饮料,13.8,19.5,芭提娅柚子汁1L,8854761060115
1508,74.0,饮料,5.0,6.5,雀巢咖啡焦糖268ml,6917878054780
1509,101.0,饮料,4.8,5.9,日本达亦多大麦茶600ml,4904910060320
1510,3.0,饮料,11.0,16.5,芬特乐葡萄汁1L,5290074002450
1511,11.0,饮料,43.0,65.0,特醇香浓咖啡粉250g,8002650000906
1512,300.0,饮料,3.9,4.7,康师傅蜂蜜柚子1L,6944839956852
1513,1.0,饮料,33.0,45.0,都乐桃子果汁496ml,8809654955146
1522,11.0,饮料,11.0,16.5,芬特乐苹果汁1L,5290074002245
1523,83.0,饮料,8.0,9.9,望山楂300ml,6971836970055
1524,31.0,饮料,2.1,2.5,百事可乐,6936571950052
1525,15.0,饮料,4.3,5.2,脉动青柠味600ml,6902538004045
1526,27.0,饮料,4.3,5.2,脉动雪柚橘子600ml,6902538004052
1527,1.0,饮料,7.0,9.9,乐可原味椰子饮料290ml,8855044004628
1528,23.0,饮料,4.3,5.2,脉动水蜜桃600ml,6902538005141
1529,27.0,饮料,17.0,27.0,瑞特滋秘鲁浓醇黑巧克力100g,4000417933003
1530,1.0,饮料,13.8,19.5,芭提娅柑橘果汁1L,8854761000111
1531,26.0,饮料,4.1,4.9,农夫水溶西柚445ml,6921168500970
1532,1.0,饮料,2.5,3.0,康师傅茉莉蜜茶550ml,6944839993796
1533,227.0,饮料,3.9,4.7,康师傅茉莉清茶1L,6944839992065
1534,312.0,饮料,3.9,4.7,康师傅茉莉蜜茶1L,6944839991983
1535,211.0,饮料,8.0,9.9,望杏福300ml,6971836970086
1536,48.0,饮料,6.0,8.3,含气圣培露,8002270000225
1537,12.0,饮料,59.0,89.0,意式浓缩咖啡粉250g,8002650000296
1538,266.0,饮料,8.0,9.7,白葡萄茉莉电解制水500ml,6974197980084
1539,24.0,饮料,75.0,119.0,特醇香浓型咖啡豆500g,8002650000807
1540,93.0,饮料,8.0,9.9,望桃花300ml,6971836970123
1541,12.0,饮料,39.0,52.0,ZEK蜂蜜百香果柚子茶1kg,8807920893475
1542,-4.0,饮料,6.5,8.8,法国矿泉水柠檬330ml,3179730010591
1543,44.0,饮料,4.3,5.2,脉动0糖香水柠檬600ml,6902538008425
1544,36.0,饮料,6.5,8.8,法国天然矿泉水330ml,3179730010041
1545,131.0,饮料,13.8,19.5,芭提娅红葡萄果汁1L,8854761010110
1546,128.0,饮料,6.5,8.8,法国矿泉水青柠330ml,3179730010560
1547,8.0,饮料,55.0,79.0,金罐咖啡粉250g,8002650008087
1548,7.0,饮料,2.5,3.0,康师傅绿茶550ml,6944839905164
1549,1.0,饮料,2.5,3.0,康师傅红茶550ml,6944839905010
1550,54.0,饮料,6.0,8.3,意大利普娜矿泉水250ml,8002270018459
1551,197.0,饮料,5.0,6.5,雀巢咖啡拿铁268ml,6917878030623
1560,480.0,饮料,5.0,6.5,雀巢咖啡摩卡268ml,6917878036847
1561,43.0,饮料,7.0,9.9,乐可芒果椰子饮料290ml,8855044006684
1562,13.0,饮料,4.6,5.7,元気燃醇香乌龙茶500ml,6970399920118
1563,675.0,饮料,4.6,5.7,元気燃桃香乌龙茶500ml,6970399920132
1564,214.0,饮料,4.2,5.0,元気气泡水桃480ml,6970399920415
1565,266.0,饮料,4.2,5.0,元気气泡水橘480ml,6970399920439
1566,271.0,饮料,5.2,6.3,元気纤茶玉米须茶500ml,6970399921092
1567,1.0,饮料,5.0,6.5,电解质水西柚500ml,6970399922341
1568,208.0,饮料,5.0,6.5,电解质水荔枝海盐500ml,6970399922365
1569,81.0,饮料,5.0,6.5,电解质水青柠500ml,6970399922518
1570,144.0,饮料,4.2,5.0,元気森林夏黑葡萄480ml,6970399923096
1571,83.0,饮料,5.0,6.3,外星人电解质水白桃500ml,6970399927247
1572,555.0,饮料,7.3,8.8,可口可乐白桃乌龙乳茶400ml,6956416208124
1573,120.0,饮料,2.3,2.8,农夫汽茶黄皮茉莉250ml,6921168598038
1574,123.0,饮料,6.5,7.9,奈雪蜜桃乌龙茶500ml,6971196385070
1575,37.0,饮料,13.4,16.0,清谷芒果汁330ml,6936700600247
1576,3.0,饮料,6.5,7.9,奈雪青提乌龙500ml,6971196385162
1577,157.0,饮料,6.5,7.9,奈雪荔枝红茶500ml,6971196385179
1578,42.0,饮料,7.0,9.9,乐可哈密瓜饮料290ml,8859546600098
1579,55.0,饮料,8.0,10.8,每日橄清玻璃瓶330ml,6974106600027
1580,94.0,饮料,13.4,16.0,清谷橙汁330ml,6936700600353
1581,331.0,饮料,6.8,8.5,农夫打奶茶红茶300ml,6921168597123
1582,104.0,饮料,6.8,8.5,农夫打奶茶乌龙300ml,6921168597116
1583,107.0,饮料,4.2,5.0,东方树叶普洱500ml,6921168596348
1584,-4.0,饮料,2.3,2.8,农夫茶π蜜桃乌龙茶250ml,6921168595167
1585,36.0,饮料,2.3,2.8,农夫茶π柠檬红茶250ml,6921168595143
1586,99.0,饮料,6.6,7.2,农夫NFC番石榴300ml,6921168595099
1587,137.0,饮料,3.0,3.69,农夫柠檬苏打水410ml,6921168595006
1588,40.0,饮料,4.3,5.8,泰国含汽泰象325ml,8851994612012
1589,-1.0,饮料,3.4,4.0,三得利无糖乌龙茶500ml.,6972549660097
1598,1584.0,饮料,6.0,7.5,三得利高浓度无糖乌龙茶350ml,6972549660035
1599,6.0,饮料,33.0,45.0,都乐芒果复合果汁496ml,8809069306489
1600,36.0,饮料,10.5,13.5,山楂树下果汁1.25L,6935498309028
1601,-10.0,饮料,14.8,18.5,山楂树下无糖1.25L,6935498309561
1602,115.0,饮料,13.4,16.0,清谷猕猴桃汁330ml,6936700600391
1603,94.0,饮料,13.8,19.5,芭提娅蓝莓汁1L,8854761330119
1604,1.0,饮料,18.0,25.0,虎标苦荞茶196g,4897031350008
1605,13.0,饮料,36.0,50.0,虎标黑苦荞茶196g,4897031350015
1606,2.0,饮料,13.8,19.5,芭提娅石榴汁1L,8854761350117
1607,1.0,饮料,5.0,7.4,每日橄清PVC瓶245ml,6974106601680
1608,74.0,饮料,13.4,16.0,清谷草莓汁330ml,6936700600599
1609,-1.0,饮料,7.2,8.8,二厂汽水荔枝275ml,6971501251649
1610,354.0,饮料,2.1,2.5,雪碧330ml,6954767430386
1611,26.0,饮料,7.5,8.8,农夫山泉4L水,6921168559176
1612,3.0,饮料,4.0,4.8,无糖碳酸可乐330ml,6954767422688
1613,46.0,饮料,4.0,4.8,东方树叶茉莉480ml,6921168558049
1614,59.0,饮料,4.0,4.8,东方树叶乌龙茶480ml,6921168558032
1615,1894.0,饮料,4.0,4.8,东方树叶红茶480ml,6921168558025
1616,63.0,饮料,4.0,4.8,东方树叶绿茶480ml,6921168558018
1617,19.0,饮料,3.5,4.2,银鹭黑米粥280g,6926892566087
1618,9.0,饮料,5.0,6.0,华洋1982果汁汽水桔子358ml,6973782440101
1619,5.0,饮料,5.0,6.0,华洋1982果汁汽水荔枝358ml,6973782440125
1620,19.0,饮料,5.0,6.0,华洋1982果汁汽水白桃358ml,6973782440347
1621,122.0,饮料,1.2,1.6,农夫山泉380ml,6921168511280
1622,63.0,饮料,1.3,1.7,农夫山泉550ml,6921168509256
1623,27.0,饮料,4.1,4.9,农夫水溶柠檬445ml,6921168500956
1624,165.0,饮料,3.0,3.69,农夫白桃苏打水410ml,6921168594993
1625,69.0,饮料,3.7,4.5,阿华田麦芽乳麦香椰汁250ml,6906791584191
1626,120.0,饮料,8.0,9.9,农夫山泉炭仌拿铁270ml,6921168594733
1627,10.0,饮料,6.6,7.2,农夫NFC橙汁300ml,6921168593804
1636,-15.0,饮料,3.8,4.6,茶π柚子绿茶500ml,6921168593576
1637,-18.0,饮料,3.8,4.6,茶π西柚茉莉500ml,6921168593552
1638,4.0,饮料,3.0,3.8,农夫山泉535ml,6921168593002
1639,1.0,饮料,3.5,4.2,银鹭薏仁红豆粥280g,6926892567084
1640,133.0,饮料,3.7,4.5,阿华田麦芽乳可可特浓250ml,6906791583613
1641,5.0,饮料,5.8,7.0,可口可乐美式低糖300ml,6954767401812
1642,82.0,饮料,5.8,7.0,可口可乐浓醇摩卡300ml.,6954767401874
1643,50.0,饮料,2.1,2.5,可口可乐330ml,6954767410388
1644,127.0,饮料,3.3,4.2,冰峰酸梅汤310ml,6903004568658
1645,-71.0,饮料,2.2,2.4,冰锋330ml,6903004568511
1646,49.0,饮料,4.8,5.9,日本达亦多红茶无糖600ml,4904910060344
1647,83.0,饮料,2.3,3.0,名仁苏打水6个柠檬375ml,6938309700533
1648,22.0,饮料,5.0,6.5,果子熟了柠檬茶香橙500ml,6973497200298
1649,162.0,饮料,5.0,6.5,果子熟了柠檬茶草莓500ml,6973497200311
1650,96.0,饮料,5.0,6.5,果子熟了柠檬茶凤梨500ml,6973497200328
1651,16.0,饮料,6.5,7.9,喜茶杨梅绿妍果汁茶450ml,6974348720392
1652,44.0,饮料,6.5,7.9,喜茶双莓嫣红果汁茶450ml,6974348720132
1653,13.0,饮料,6.5,7.9,喜茶伊比西柚绿研果汁茶450ml,6974348720019
1654,15.0,饮料,6.5,7.9,喜茶地中海桃金凤果汁茶450ml,6974348720002
1655,840.0,饮料,2.3,3.0,名仁玫瑰苏打375ml,6938309713403
1656,17.0,饮料,4.6,6.0,果子熟了茶憨憨凤梨茶500ml,6973497200212
1657,109.0,饮料,2.3,3.0,名仁苏打水375ml,6938309700526
1658,15.0,饮料,5.8,7.0,可口可乐纯粹美式300ml,6956416206328
1659,240.0,饮料,5.8,7.0,可口可乐金妃焦糖拿铁300ml,6956416206991
1660,1.0,饮料,5.6,6.9,黄大九朵茉莉无糖黄芽茶500ml,6972537684784
1661,99.0,饮料,5.6,6.9,黄大玉米须无糖茶500ml,6972537681233
1662,510.0,饮料,7.3,8.8,可口可乐葡萄茉莉乳茶400ml,6956416208148
1663,26.0,饮料,4.3,4.8,屈臣氏苏打水330ml,6920180209601
1664,6.0,饮料,12.8,14.9,汇源橙汁1L,6923555210455
1665,29.0,饮料,12.8,14.9,汇源苹果汁1L,6923555210462
1674,19.0,饮料,12.8,14.9,汇源葡萄汁1L,6923555210479
1675,22.0,饮料,10.0,14.0,G7榛子咖啡108g,8935024141847
1676,16.0,饮料,12.3,14.9,椰树牌椰汁1升,6901347884343
1677,-2.0,饮料,12.3,14.9,椰树牌椰汁1L,6901347880390
1678,52.0,饮料,13.8,19.5,芭提娅桃芒果汁1L,8854761070114
1679,49.0,饮料,3.5,4.5,大瑶荔枝味500ml,6974800840330
1680,55.0,饮料,3.5,4.5,大瑶橙汁500ml,6974800840286
1681,-24.0,饮料,5.2,6.9,依云天然矿泉水500ml,3068320099651
1682,24.0,饮料,10.0,14.0,G7美式萃取黑咖啡30g,8935024140147
1683,20.0,饮料,10.0,14.0,G7三合一咖啡160g,8935024141342
1684,144.0,饮料,4.6,6.0,果子熟了茶憨憨葡萄茶500ml,6973497200205
1685,1.0,饮料,10.0,14.0,G7摩卡咖啡108g,8935024141854
1686,104.0,饮料,13.8,19.5,芭提娅荔枝1L,8854761150113
1687,141.0,饮料,13.8,19.5,芭提娅芒果1L,8854761170111
1688,360.0,饮料,4.6,5.7,元気森林燃茶500ml,6975176782460
1689,208.0,饮料,5.2,6.3,元気纤茶桑椹五黑茶500ml,6975176780510
1690,235.0,饮料,13.5,16.8,果子熟了炖梨汁1L,6973497200045
1691,275.0,饮料,13.5,16.8,果子熟了红枣炖山楂1L,6973497200052
1692,208.0,饮料,4.6,6.0,果子熟了茶憨憨冰桃茶500ml,6973497200199
1693,-26.0,饮料,3.4,4.0,三得利低糖乌龙茶500ml.,6972549660134
1694,278.0,饮料,4.2,5.0,三得利橘皮乌龙茶无糖,6972549660929
1695,15.0,饮料,15.0,24.0,果满乐椰子水1L,8850161230264
1696,1.0,饮料,4.7,5.7,可漾绿豆水500ml,6972863230259
1697,85.0,饮料,13.8,19.5,芭提娅橙汁1L,8854761240111
1698,225.0,饮料,4.1,4.8,三得利橘意乌龙茶500ml,6972549661254
1699,39.0,饮料,7.2,8.8,汉口二厂樱花蜜桃275ml,6971501250048
1700,149.0,饮料,4.2,5.0,三得利茉莉无糖原味500ml,6972549660905
1701,136.0,饮料,4.2,5.0,三得利茉莉清香微甜500ml,6972549660677
1702,42.0,饮料,12.8,14.9,汇源桃汁1L,6923555212749
1703,59.0,饮料,4.7,5.5,可漾红豆水500ml,6972863230136
1712,-12.0,饮料,4.8,5.9,可漾红豆薏仁水500ml,6972863230105
1713,13.0,饮料,7.2,8.8,汉口二厂凤梨275ml,6971501250505
1714,68.0,饮料,4.8,5.8,谷物玉米汁330ml,6974878230101
1716,9.0,杂粮,10.0,13.5,野森林菊花冰糖500G,6928710601734
1717,101.0,杂粮,26.0,34.8,野森林每日粗粮700g,6928710602151
1718,219.0,杂粮,18.0,24.0,野森林薏米600g,6928710660496
1719,75.0,杂粮,30.0,39.9,野森林藜麦650g,6928710609211
1720,72.0,杂粮,9.0,13.5,野森林冰糖罐装600g,6928710660182
1721,32.0,杂粮,9.0,12.5,野森林白糖罐装700g,6928710660175
1722,37.0,杂粮,10.0,13.5,野森林罐装白芝麻238g,6928710660045
1723,450.0,杂粮,9.0,10.8,野森林糙米1000g,6928710601017
1724,37.0,杂粮,11.5,15.0,野森林五谷粥500g,6928710601352
1725,510.0,杂粮,11.0,14.7,野森林燕麦片1000g,6928710600591
1726,177.0,杂粮,8.0,10.3,野森林冰糖500g精选,6928710600317
1727,39.0,杂粮,11.0,13.5,野森林白糖1000g,6928710600331
1728,29.0,杂粮,12.5,16.3,野森林江米1000g,6928710600546
1729,804.0,杂粮,18.0,22.5,野森林小米1000g,6928710600553
1730,640.0,杂粮,20.0,25.9,野森林红小豆1000g,6928710600560
1731,7.0,杂粮,17.5,22.8,野森林绿豆1000g,6928710600577
1732,21.0,杂粮,12.5,16.3,野森林黄豆1000g,6928710600584
1733,165.0,杂粮,16.0,20.0,野森林薏米500g,6928710601437
1734,37.0,杂粮,20.0,26.0,野森林花生米1000g,6928710600614
1735,1055.0,杂粮,18.0,23.5,野森林黑米1000g,6928710600621
1736,14.0,杂粮,7.0,10.0,野森林玉米粥1000g,6928710600713
1737,133.0,杂粮,6.9,8.5,野森林红糖精选500g,6928710600805
1738,9.0,杂粮,12.0,15.8,野森林黄冰糖500g,6928710601147
1739,47.0,杂粮,6.2,7.5,野森林黑豆500g,6928710601284
1740,9.0,杂粮,5.5,8.0,精选园江米500g,6928710601406
