,countingAmount,diffAmount,diffPrice,serialNum,stockAmount
3,44,0,44.0,6925723000028,44
4,7,0,7.0,6907592000033,7
5,42,0,42.0,6907592000040,42
6,25,0,25.0,6925723000080,25
7,12,0,12.0,8854761000111,12
8,18,0,18.0,8411342000115,18
9,19,0,19.0,8411342000177,19
10,48,0,48.0,8002270000225,48
11,12,0,12.0,8002650000296,12
12,55,0,55.0,6905014000401,55
13,82,0,82.0,6905014000548,82
14,650,0,650.0,6932816000599,650
15,5,0,5.0,6957666000667,5
16,21,0,21.0,4002652000717,21
17,666,0,666.0,6932816000742,666
18,34,0,34.0,4002652000748,34
19,14,0,14.0,6924546000802,14
20,23,0,23.0,8002650000807,23
21,9,0,9.0,6924546000819,9
22,1,0,1.0,6924546000826,1
23,23,0,23.0,6905014000876,23
24,25,0,25.0,6905014000890,25
25,9,0,9.0,8002650000906,9
26,258,0,258.0,6924750000995,258
27,7,0,7.0,6950327001041,7
28,2,0,2.0,6950327001058,2
29,12,0,12.0,6907592001245,12
30,5,0,5.0,6958770001403,5
31,9,0,9.0,6907592001429,9
32,45,0,45.0,6958770001816,45
41,1,0,1.0,9556121001859,1
42,11,0,11.0,6958770001878,11
43,17,0,17.0,6958770001922,17
44,77,0,77.0,6958770001939,77
45,66,0,66.0,6958770001946,66
46,38,0,38.0,6907592001948,38
47,140,0,140.0,6958770002028,140
48,88,0,88.0,6941541002068,88
49,52,0,52.0,6941541002099,52
50,85,0,85.0,6941541002129,85
51,8,0,8.0,8002650002177,8
52,9,0,9.0,5290074002245,9
53,6,0,6.0,7622200002290,6
54,32,0,32.0,6906303002434,32
55,2,0,2.0,5290074002450,2
56,36,0,36.0,6941541002655,36
57,3,0,3.0,4100290002756,3
58,20,0,20.0,9556121003884,20
59,9,0,9.0,9556121003976,9
60,1,0,1.0,6902538004045,1
61,47,0,47.0,6902538004052,47
62,33,0,33.0,6906303004469,33
63,116,0,116.0,6906303004476,116
64,42,0,42.0,6906303004612,42
65,83,0,83.0,6906303004643,83
66,8,0,8.0,6902538005141,8
67,74,0,74.0,6941541005175,74
68,3,0,3.0,6941541005236,3
69,20,0,20.0,9556854006008,20
70,3,0,3.0,9556854006039,3
79,8,0,8.0,6941541006349,8
80,39,0,39.0,8855044006684,39
81,28,0,28.0,7622400006753,28
82,70,0,70.0,6907592007056,70
83,15,0,15.0,4100290007072,15
84,58,0,58.0,4100290007089,58
85,2,0,2.0,4100290007096,2
86,15,0,15.0,8934683007235,15
87,52,0,52.0,6941044008031,52
88,24,0,24.0,8853969008035,24
89,8,0,8.0,8002650008087,8
90,5,0,5.0,4713507008337,5
91,28,0,28.0,6902538008425,28
92,9,0,9.0,8008620009320,9
93,4,0,4.0,8008620009337,4
94,9,0,9.0,9556121009688,9
95,1,0,1.0,6911569009943,1
96,36,0,36.0,3179730010041,36
97,130,0,130.0,8854761010110,130
98,111,0,111.0,7614500010310,111
99,124,0,124.0,3179730010560,124
100,36,0,36.0,7614500010617,36
101,6,0,6.0,4894375010995,6
102,15,0,15.0,4894375011008,15
103,1,0,1.0,6911569011229,1
104,1,0,1.0,4713507011528,1
105,1,0,1.0,4713507011535,1
106,51,0,51.0,6942022012149,51
107,88,0,88.0,6926198012233,88
108,16,0,16.0,8886001012295,16
117,106,0,106.0,6942022012316,106
118,16,0,16.0,5410291012753,16
119,31,0,31.0,5410291012760,31
120,8,0,8.0,7622400013935,8
121,4,0,4.0,6911569014145,4
122,4,0,4.0,6903473015103,4
123,54,0,54.0,8002270018459,54
124,641,0,641.0,6956064018670,641
125,2,0,2.0,6956064018861,2
126,3,0,3.0,4713507019128,3
127,7,0,7.0,4713507019135,7
128,1,0,1.0,4000417021007,1
129,4,0,4.0,4000417022004,4
130,2,0,2.0,9556121022496,2
131,10,0,10.0,4894375022530,10
132,8,0,8.0,4894375022547,8
133,8,0,8.0,4713507023538,8
134,20,0,20.0,9556121024025,20
135,4,0,4.0,9556121027149,4
136,4,0,4.0,9556121027156,4
137,6,0,6.0,9556121027163,6
138,6,0,6.0,6918598028105,6
139,197,0,197.0,6917878030623,197
140,480,0,480.0,6917878036847,480
141,21,0,21.0,4710199037010,21
142,13,0,13.0,8410376039375,13
143,2,0,2.0,6974856040098,2
144,35,0,35.0,6970631040109,35
145,10,0,10.0,6970631040123,10
146,17,0,17.0,6901845040685,17
155,55,0,55.0,6901845040692,55
156,1,0,1.0,6901754040936,1
157,37,0,37.0,6901845040951,37
158,12,0,12.0,6901845040968,12
159,582,0,582.0,6973669041100,582
160,14,0,14.0,6901845041248,14
161,40,0,40.0,6901845041712,40
162,300,0,300.0,6973669043081,300
163,24,0,24.0,5711953044366,24
164,5,0,5.0,8410376044775,5
165,15,0,15.0,6974622050009,15
166,2,0,2.0,6971881050054,2
167,243,0,243.0,80050278,243
168,93,0,93.0,6974622051075,93
169,370,0,370.0,6974622051433,370
170,10,0,10.0,8410376052893,10
171,48,0,48.0,6917878054766,48
172,74,0,74.0,6917878054780,74
173,450,0,450.0,6928710601017,450
174,45,0,45.0,8854761060115,45
175,75,0,75.0,4904910060320,75
176,66,0,66.0,4904910060344,66
177,6,0,6.0,4897076061167,6
178,3,0,3.0,4897076061181,3
179,5,0,5.0,4897076062393,5
180,769,0,769.0,6931299062605,769
181,2,0,2.0,4897076062850,2
182,3,0,3.0,7612100063835,3
183,5,0,5.0,6920238066019,5
184,2,0,2.0,8000500067567,2
193,2,0,2.0,1008862021070012,2
194,51,0,51.0,8854761070114,51
195,6,0,6.0,8008620080244,6
196,9,0,9.0,4710199080566,9
197,17,0,17.0,4710199080597,17
198,10,0,10.0,6905014081288,10
199,11,0,11.0,4710199085509,11
200,2,0,2.0,4710199085707,2
201,33,0,33.0,6924115086107,33
202,18,0,18.0,4710199086506,18
203,9,0,9.0,4710199087701,9
204,15,0,15.0,6970866090177,15
205,11,0,11.0,6970866090580,11
206,9,0,9.0,6970866090597,9
207,1,0,1.0,029173092957,1
208,1,0,1.0,029173092964,1
209,7,0,7.0,029173093145,7
210,2,0,2.0,029173093329,2
211,1,0,1.0,029173093336,1
212,1,0,1.0,029173093343,1
213,8,0,8.0,6973382093530,8
214,5,0,5.0,029173094241,5
215,25,0,25.0,6970805096345,25
217,1,0,1.0,6971194100019,1
218,374,0,374.0,6930287100107,374
219,10,0,10.0,6936072100154,10
220,4,0,4.0,6971013100237,4
221,139,0,139.0,6958104100321,139
222,20,0,20.0,6936072100468,20
231,332,0,332.0,6958104100796,332
232,7,0,7.0,6936072100871,7
233,1998,0,1998.0,6958104101021,1998
234,1,0,1.0,6922130101485,1
235,13,0,13.0,6909995101676,13
236,4,0,4.0,6958104101861,4
237,4,0,4.0,6902265107057,4
238,15,0,15.0,6911569107274,15
239,79,0,79.0,6948431109968,79
240,5,0,5.0,6902131110020,5
241,11,0,11.0,6909995110326,11
242,44,0,44.0,6901333110524,44
243,17,0,17.0,6973768111179,17
244,42,0,42.0,6902265111719,42
245,22,0,22.0,6923976112161,22
246,14,0,14.0,6955801112596,14
247,9,0,9.0,6920732113103,9
248,12,0,12.0,6920732113165,12
249,8,0,8.0,6920732113196,8
250,17,0,17.0,6911569113497,17
251,1,0,1.0,6902265114321,1
252,5,0,5.0,6902265114345,5
253,6,0,6.0,6902265114369,6
254,36,0,36.0,6911569114456,36
255,7,0,7.0,6902265114888,7
256,16,0,16.0,6920732115237,16
257,7,0,7.0,6920732115244,7
258,9,0,9.0,6902265115496,9
259,14,0,14.0,6970339116151,14
260,21,0,21.0,6973768117188,21
269,1,0,1.0,6970339117486,1
270,11,0,11.0,6970339117653,11
271,4,0,4.0,6970339117844,4
272,1,0,1.0,6922130118483,1
273,12,0,12.0,6941499119399,12
274,36,0,36.0,6970373120350,36
275,36,0,36.0,6970373120695,36
276,31,0,31.0,6941499122627,31
277,25,0,25.0,6970373125041,25
278,4,0,4.0,6911569126398,4
279,4,0,4.0,6911569126411,4
280,31,0,31.0,6970373127564,31
281,7,0,7.0,6902131130011,7
282,88,0,88.0,6974613130055,88
283,8,0,8.0,6974613130062,8
284,48,0,48.0,6974613130086,48
285,41,0,41.0,6974613130109,41
286,18,0,18.0,6974613130314,18
287,12,0,12.0,6974613130383,12
288,4,0,4.0,6920732131244,4
289,138,0,138.0,6971992140019,138
290,5,0,5.0,8935024140147,5
291,1,0,1.0,6911569140158,1
292,18,0,18.0,8935024141342,18
293,19,0,19.0,8935024141847,19
294,17,0,17.0,6911569143364,17
295,2,0,2.0,6911569145061,2
296,20,0,20.0,8935024149669,20
297,101,0,101.0,8854761150113,101
298,22,0,22.0,6972914150314,22
307,3,0,3.0,6972914150321,3
308,19,0,19.0,6972914150758,19
309,20,0,20.0,6972914150765,20
310,12,0,12.0,6972914150772,12
311,7,0,7.0,6972914150789,7
312,3,0,3.0,6970695160089,3
313,6,0,6.0,6924116170010,6
314,1,0,1.0,6924116170089,1
315,141,0,141.0,8854761170111,141
316,4,0,4.0,6902265170501,4
317,15,0,15.0,6916323180104,15
318,14,0,14.0,6916323180111,14
319,8,0,8.0,6916323180128,8
320,2,0,2.0,6901306180714,2
321,6,0,6.0,6923976181266,6
322,68,0,68.0,6905014186839,68
323,46,0,46.0,6901808188881,46
324,2,0,2.0,6971284200001,2
325,26,0,26.0,6975287200037,26
326,226,0,226.0,6973497200045,226
327,6,0,6.0,6971284200049,6
328,273,0,273.0,6973497200052,273
329,13,0,13.0,6971284200063,13
330,24,0,24.0,6971284200087,24
331,207,0,207.0,6973497200199,207
332,144,0,144.0,6973497200205,144
333,12,0,12.0,6973497200212,12
334,9,0,9.0,6975287200266,9
335,36,0,36.0,6911569200289,36
336,16,0,16.0,6973497200298,16
345,152,0,152.0,6973497200311,152
346,86,0,86.0,6973497200328,86
347,26,0,26.0,6975287200358,26
348,41,0,41.0,6975287200365,41
349,5,0,5.0,6916323200413,5
350,5,0,5.0,6916323200611,5
351,2,0,2.0,6954003200612,2
352,10,0,10.0,6916323200628,10
353,25,0,25.0,6914973200685,25
354,1,0,1.0,6975287200747,1
355,2,0,2.0,8809022200885,2
356,13,0,13.0,6954003201107,13
357,13,0,13.0,6954003201305,13
358,9,0,9.0,6954003201312,9
359,8,0,8.0,6926507201594,8
360,6,0,6.0,9315090201758,6
361,29,0,29.0,5410081201848,29
362,16,0,16.0,6926507201945,16
363,48,0,48.0,6924640202225,48
364,16,0,16.0,6926507202300,16
365,41,0,41.0,6926507202379,41
366,9,0,9.0,6926507202423,9
367,3,0,3.0,6911569202573,3
368,34,0,34.0,6926507202591,34
369,271,0,271.0,6926507202836,271
370,19,0,19.0,6926507203116,19
371,12,0,12.0,6932583203438,12
372,40,0,40.0,6926507204991,40
373,19,0,19.0,6914973206106,19
374,3,0,3.0,5410081206201,3
383,15,0,15.0,6956416206328,15
384,11,0,11.0,6932583206590,11
385,240,0,240.0,6956416206991,240
386,28,0,28.0,6957335207168,28
387,555,0,555.0,6956416208124,555
388,510,0,510.0,6956416208148,510
389,8,0,8.0,6920180209601,8
390,4,0,4.0,6923555210455,4
391,26,0,26.0,6923555210462,26
392,16,0,16.0,6923555210479,16
393,10,0,10.0,6902265210504,10
394,1,0,1.0,9315090210507,1
395,665,0,665.0,0101020211011,665
396,920,0,920.0,0101020211012,920
397,760,0,760.0,0101020211013,760
398,508,0,508.0,0101020211015,508
399,393,0,393.0,0101020211016,393
400,521,0,521.0,0101020211017,521
401,7,0,7.0,6901333212112,7
402,40,0,40.0,6923555212749,40
403,45,0,45.0,6956405213610,45
404,20,0,20.0,6957335216016,20
405,1,0,1.0,9556023220921,1
406,3,0,3.0,9556023220945,3
407,2,0,2.0,9556023220952,2
408,10,0,10.0,9556023220969,10
409,188,0,188.0,6972605230059,188
410,183,0,183.0,6972605230073,183
411,58,0,58.0,6974878230101,58
412,2,0,2.0,6972863230105,2
421,36,0,36.0,6972863230136,36
422,18,0,18.0,6972605230189,18
423,3,0,3.0,6972863230259,3
424,6,0,6.0,8850161230264,6
425,120,0,120.0,6972605230370,120
426,46,0,46.0,6923644232658,46
427,23,0,23.0,6902534238338,23
428,15,0,15.0,6902534238499,15
429,85,0,85.0,8854761240111,85
430,9,0,9.0,6902265240501,9
431,61,0,61.0,6971654248015,61
432,435,0,435.0,6971654248091,435
433,38,0,38.0,6971501250048,38
434,12,0,12.0,6971501250505,12
435,10,0,10.0,6371251251,10
436,3,0,3.0,6371251252,3
437,2,0,2.0,6371251253,2
438,1,0,1.0,6371251254,1
439,14,0,14.0,6972251252245,14
440,19,0,19.0,6972251252436,19
441,5,0,5.0,6972251252733,5
442,1,0,1.0,6972251252856,1
443,12,0,12.0,4260290260027,12
444,9,0,9.0,4260290260034,9
445,3,0,3.0,4260290260041,3
446,92,0,92.0,6934126261899,92
447,9,0,9.0,4260290262267,9
448,14,0,14.0,4260290262274,14
449,230,0,230.0,6934126262346,230
450,645,0,645.0,6934126262933,645
459,3,0,3.0,4260290263042,3
460,7,0,7.0,4260290264636,7
461,6,0,6.0,4260290265190,6
462,3,0,3.0,4260290265206,3
463,45,0,45.0,6923644266318,45
464,1,0,1.0,6970870270015,1
465,25,0,25.0,4897095270021,25
466,13,0,13.0,4897095270052,13
467,3,0,3.0,6970870270152,3
468,4,0,4.0,6970870270213,4
469,33,0,33.0,6970870270534,33
470,1,0,1.0,6970870270657,1
471,8,0,8.0,6970870270671,8
472,24,0,24.0,6970870270947,24
473,3,0,3.0,6970870270961,3
474,10,0,10.0,6921774271547,10
475,59,0,59.0,6921774271622,59
476,17,0,17.0,6923644284947,17
477,13,0,13.0,6921774286305,13
478,16,0,16.0,6901715291247,16
479,32,0,32.0,6901715292527,32
480,1,0,1.0,6901715292541,1
481,36,0,36.0,6923644295844,36
482,16,0,16.0,6923644297251,16
483,9,0,9.0,6923644299804,9
484,6,0,6.0,6926507299881,6
486,67,0,67.0,6942046300017,67
487,7,0,7.0,6942046300055,7
488,7,0,7.0,6954665300330,7
497,23,0,23.0,6959479300422,23
498,13,0,13.0,6959479300439,13
499,4,0,4.0,6971426300477,4
500,7,0,7.0,6971426300491,7
501,5,0,5.0,6922665300780,5
502,6,0,6.0,6914973300828,6
503,11,0,11.0,6905014301263,11
504,16,0,16.0,6905014301270,16
505,15,0,15.0,6905014301287,15
506,1,0,1.0,6915993301895,1
507,41,0,41.0,9588552302854,41
508,28,0,28.0,9588552302861,28
509,14,0,14.0,6936001302925,14
510,4,0,4.0,6915993303028,4
511,25,0,25.0,8996001303740,25
512,17,0,17.0,8996001303832,17
513,30,0,30.0,9588552305312,30
514,72,0,72.0,9588552305725,72
515,5,0,5.0,8809069306489,5
516,30,0,30.0,6935498309561,30
517,3,0,3.0,6937191310844,3
518,14,0,14.0,6970037311148,14
519,13,0,13.0,6970037311247,13
520,72,0,72.0,6952675311315,72
521,6,0,6.0,6970037311421,6
522,15,0,15.0,6971885311830,15
523,6,0,6.0,6971885311892,6
524,240,0,240.0,9588552312259,240
525,84,0,84.0,9588552312266,84
526,1,0,1.0,9588552312273,1
535,8,0,8.0,9588552312280,8
536,27,0,27.0,6910160312377,27
537,31,0,31.0,6970037312640,31
538,1,0,1.0,6970037313272,1
539,168,0,168.0,9588552313980,168
540,1,0,1.0,9588552314123,1
541,5,0,5.0,9588552315670,5
542,63,0,63.0,9588552319661,63
543,59,0,59.0,6952675319915,59
544,43,0,43.0,6926410320214,43
545,87,0,87.0,6970480320292,87
546,193,0,193.0,9588552320360,193
547,59,0,59.0,6926410321501,59
548,2,0,2.0,9588552322296,2
549,7,0,7.0,9588552322302,7
550,12,0,12.0,9588552322494,12
551,13,0,13.0,9588552322814,13
552,17,0,17.0,9588552322821,17
553,10,0,10.0,8032755323723,10
554,11,0,11.0,8032755323730,11
555,5,0,5.0,8032755323761,5
556,1,0,1.0,8032755323778,1
557,8,0,8.0,9588552329103,8
558,5,0,5.0,9588552329110,5
559,8,0,8.0,6952675329921,8
560,30,0,30.0,6952675329938,30
561,89,0,89.0,8854761330119,89
562,32,0,32.0,8809420330641,32
563,9,0,9.0,8809420330696,9
564,15,0,15.0,8809420330740,15
573,30,0,30.0,6926410330954,30
574,171,0,171.0,9588552334244,171
575,165,0,165.0,9588552334251,165
576,169,0,169.0,9588552334268,169
577,4,0,4.0,9588552334954,4
578,9,0,9.0,9588552334961,9
579,11,0,11.0,6926410337090,11
580,54,0,54.0,6926410337250,54
581,7,0,7.0,9588552338389,7
582,17,0,17.0,6975035340046,17
583,7,0,7.0,6975035340053,7
584,2,0,2.0,6931500340706,2
585,32,0,32.0,6952675340735,32
586,52,0,52.0,6952675340810,52
587,5,0,5.0,6931500340904,5
588,1,0,1.0,6931500341000,1
589,1,0,1.0,4897031350008,1
590,12,0,12.0,4897031350015,12
591,2,0,2.0,8854761350117,2
592,4,0,4.0,1008861919350613,4
593,1,0,1.0,6945309351917,1
594,41,0,41.0,4897031352385,41
595,35,0,35.0,4897031352422,35
596,11,0,11.0,4897031352446,11
597,71,0,71.0,4897031352477,71
598,12,0,12.0,4897031353597,12
599,29,0,29.0,4897031353603,29
600,14,0,14.0,4897031353610,14
601,2,0,2.0,6970525356118,2
602,3,0,3.0,6970525356309,3
611,32,0,32.0,8996001356326,32
612,3,0,3.0,8996001356500,3
613,15,0,15.0,6944910358360,15
614,9,0,9.0,6970525359362,9
615,9,0,9.0,6970525359683,9
616,1,0,1.0,6970525359997,1
617,67,0,67.0,6971938360006,67
618,1,0,1.0,6902265360018,1
619,25,0,25.0,4806531360028,25
620,24,0,24.0,6971938360044,24
621,4,0,4.0,6971938360075,4
622,4,0,4.0,6971938360150,4
623,153,0,153.0,6959540361321,153
624,125,0,125.0,6959540361406,125
625,238,0,238.0,6959540362274,238
626,7,0,7.0,6959540364063,7
627,2,0,2.0,4891913367238,2
628,5,0,5.0,4891913367344,5
629,1,0,1.0,6959540368115,1
630,12,0,12.0,6974919370025,12
631,136,0,136.0,6974919370070,136
632,23,0,23.0,6974919370087,23
633,15,0,15.0,6974919370254,15
634,5,0,5.0,6974919370476,5
635,218,0,218.0,6934624370680,218
636,2,0,2.0,6959540371030,2
637,119,0,119.0,6959540371092,119
638,7,0,7.0,6974919371343,7
639,31,0,31.0,6974919371367,31
640,38,0,38.0,6974919371374,38
649,111,0,111.0,6971196385070,111
650,151,0,151.0,6971196385179,151
651,12,0,12.0,6923668390181,12
652,8,0,8.0,6935953399991,8
653,27,0,27.0,9300639400013,27
654,29,0,29.0,6948042400027,29
655,81,0,81.0,6948042400034,81
656,7,0,7.0,6931802400047,7
657,1,0,1.0,6931802400078,1
658,23,0,23.0,6931802400085,23
659,52,0,52.0,6922477400227,52
660,21,0,21.0,6922477400333,21
661,12,0,12.0,6923228400381,12
662,24,0,24.0,6922477400524,24
663,16,0,16.0,6955381400601,16
664,49,0,49.0,6922477400685,49
665,7,0,7.0,6955381400700,7
666,17,0,17.0,6922477400777,17
667,61,0,61.0,6923228400817,61
668,38,0,38.0,6922895401226,38
669,81,0,81.0,6954767401874,81
670,18,0,18.0,6925843404249,18
671,25,0,25.0,6954767410388,25
672,26,0,26.0,6922477410523,26
673,20,0,20.0,6922477410530,20
674,10,0,10.0,6922477410547,10
675,1,0,1.0,6922477411063,1
676,4,0,4.0,6922477411384,4
677,4,0,4.0,6922477411544,4
678,8,0,8.0,6922477411568,8
687,7,0,7.0,6922477411575,7
688,1,0,1.0,6922477411599,1
689,24,0,24.0,6933211412246,24
690,52,0,52.0,8804007413540,52
691,1,0,1.0,6935284415650,1
692,21,0,21.0,6974259420367,21
693,116,0,116.0,6954767422688,116
694,9,0,9.0,6918678423035,9
695,14,0,14.0,4897045427772,14
696,4,0,4.0,4897045427802,4
697,2,0,2.0,4897045430383,2
698,35,0,35.0,6954767430386,35
699,3,0,3.0,4897045430390,3
700,13,0,13.0,6933211432459,13
701,1,0,1.0,6970212432866,1
702,12,0,12.0,6902265440291,12
703,13,0,13.0,6973782440347,13
704,7,0,7.0,4712832449037,7
705,7,0,7.0,4712832449983,7
706,11,0,11.0,9556023453480,11
707,26,0,26.0,4014400470055,26
708,3,0,3.0,6902265470236,3
709,32,0,32.0,6941174497026,32
710,29,0,29.0,6941174497033,29
711,16,0,16.0,6941174497149,16
712,6,0,6.0,6941174497156,6
713,262,0,262.0,6971947498080,262
714,20,0,20.0,6941174499617,20
715,10,0,10.0,6935616500016,10
716,16,0,16.0,7612100500033,16
725,6,0,6.0,6944296500049,6
726,27,0,27.0,6920143500509,27
727,26,0,26.0,6921168500956,26
728,34,0,34.0,6921168500970,34
729,8,0,8.0,6936749501109,8
730,10,0,10.0,6936749501116,10
731,5,0,5.0,6911569506848,5
732,27,0,27.0,6921168511280,27
733,5,0,5.0,6907992512761,5
734,13,0,13.0,6907992513157,13
735,34,0,34.0,6907992513829,34
736,37,0,37.0,6957258513933,37
737,60,0,60.0,6957258513940,60
738,22,0,22.0,6907992514178,22
739,14,0,14.0,6907992515533,14
740,24,0,24.0,6957258516156,24
741,2,0,2.0,6957258516224,2
742,7,0,7.0,6957258516231,7
743,8,0,8.0,6907992516691,8
744,12,0,12.0,6957258517108,12
745,2,0,2.0,6957258517115,2
746,1,0,1.0,6907992518077,1
747,4,0,4.0,6907992518930,4
748,5,0,5.0,6907992518992,5
749,29,0,29.0,6975471520019,29
750,32,0,32.0,8993175537391,32
751,5,0,5.0,9556023552138,5
752,91,0,91.0,6926213557985,91
753,166,0,166.0,6926213559019,166
754,35,0,35.0,6971851560026,35
763,5,0,5.0,6971851560439,5
764,411,0,411.0,6926213560831,411
765,7,0,7.0,9556023564599,7
766,21,0,21.0,6926892565080,21
767,41,0,41.0,6926892566087,41
768,2,0,2.0,4600648566720,2
769,20,0,20.0,6926892567084,20
770,5,0,5.0,6903004568511,5
771,49,0,49.0,6903004568658,49
772,6,0,6.0,6970618570001,6
773,2,0,2.0,6972698570100,2
774,4,0,4.0,6970618570582,4
775,15,0,15.0,4716076571455,15
776,8,0,8.0,4716076571462,8
777,4,0,4.0,4716076571479,4
778,7,0,7.0,4716076571486,7
779,6,0,6.0,4716076571493,6
780,10,0,10.0,4716076571509,10
781,1,0,1.0,4716076571745,1
782,5,0,5.0,4716076571769,5
783,130,0,130.0,6906791583613,130
784,64,0,64.0,6906791584191,64
785,6,0,6.0,6902265590712,6
786,19,0,19.0,4718287594209,19
787,9,0,9.0,4718287594247,9
788,2,0,2.0,4718287594308,2
789,7,0,7.0,4718287594520,7
790,10,0,10.0,4718287594568,10
791,120,0,120.0,6921168594733,120
792,46,0,46.0,6921168594993,46
801,18,0,18.0,6921168595006,18
802,22,0,22.0,6921168595099,22
803,15,0,15.0,6921168595143,15
804,74,0,74.0,6921168595167,74
805,104,0,104.0,6921168597116,104
806,331,0,331.0,6921168597123,331
807,48,0,48.0,8006222600013,48
808,23,0,23.0,6974106600027,23
809,111,0,111.0,6928710600034,111
810,39,0,39.0,8006222600037,39
811,340,0,340.0,6928710600058,340
812,53,0,53.0,6928710600065,53
813,190,0,190.0,6928710600072,190
814,30,0,30.0,6928710600096,30
815,37,0,37.0,8859546600098,37
816,320,0,320.0,6924773600165,320
817,10,0,10.0,6928710600195,10
818,22,0,22.0,6936700600247,22
819,26,0,26.0,6928710600300,26
820,175,0,175.0,6928710600317,175
821,20,0,20.0,6928710600331,20
822,88,0,88.0,6936700600353,88
823,2654,0,2654.0,6928710600362,2654
824,101,0,101.0,6936700600391,101
825,855,0,855.0,6928710600485,855
826,17,0,17.0,6928710600546,17
827,783,0,783.0,6928710600553,783
828,635,0,635.0,6928710600560,635
829,13,0,13.0,6928710600584,13
830,504,0,504.0,6928710600591,504
839,71,0,71.0,6936700600599,71
840,26,0,26.0,6928710600614,26
841,1051,0,1051.0,6928710600621,1051
842,9,0,9.0,6928710600713,9
843,127,0,127.0,6928710600805,127
844,7,0,7.0,6928710600980,7
845,2,0,2.0,6928710601147,2
846,4,0,4.0,6928710601215,4
847,20,0,20.0,6928710601222,20
848,37,0,37.0,6928710601284,37
849,32,0,32.0,6928710601352,32
850,6,0,6.0,6928710601406,6
851,161,0,161.0,6928710601437,161
852,274,0,274.0,6928710601512,274
853,7,0,7.0,6914973601567,7
854,170,0,170.0,6928710601611,170
855,422,0,422.0,6928710601703,422
856,7,0,7.0,6928710601734,7
857,457,0,457.0,6928710601741,457
858,198,0,198.0,6928710601758,198
859,15,0,15.0,6928710601765,15
860,4,0,4.0,6928710601772,4
861,635,0,635.0,6928710601925,635
862,4,0,4.0,6928710602052,4
863,101,0,101.0,6928710602151,101
864,223,0,223.0,6928710602212,223
865,545,0,545.0,6928710602304,545
866,14,0,14.0,6948939602381,14
867,40,0,40.0,6948939602572,40
868,16,0,16.0,9300639602967,16
877,135,0,135.0,6954808603281,135
878,13,0,13.0,6914973604230,13
879,23,0,23.0,6914973604278,23
880,21,0,21.0,6928710605138,21
881,21,0,21.0,6928710605176,21
882,5,0,5.0,6925785605773,5
883,6,0,6.0,6925785605797,6
884,6,0,6.0,6925785605902,6
885,254,0,254.0,6947773606388,254
886,227,0,227.0,6947773606395,227
887,21,0,21.0,6925785606404,21
888,2,0,2.0,6925785606442,2
889,100,0,100.0,6954808607234,100
890,44,0,44.0,6948939608208,44
891,24,0,24.0,6922848608870,24
892,18,0,18.0,6922848608894,18
893,36,0,36.0,6928710609075,36
894,21,0,21.0,6928710609082,21
895,20,0,20.0,6928710609174,20
896,91,0,91.0,6928710609204,91
897,74,0,74.0,6928710609211,74
898,155,0,155.0,6928710609228,155
899,128,0,128.0,6928710609235,128
900,217,0,217.0,6928710609518,217
901,46,0,46.0,6928710609525,46
902,123,0,123.0,6928710609532,123
903,161,0,161.0,6928710609549,161
904,14,0,14.0,6928710609556,14
905,71,0,71.0,6928710609563,71
906,358,0,358.0,6928710609570,358
915,78,0,78.0,6928710609594,78
916,1,0,1.0,6928710609761,1
917,1,0,1.0,6939044610002,1
918,27,0,27.0,6924773610010,27
919,392,0,392.0,6954808610302,392
920,330,0,330.0,6954808610319,330
921,60,0,60.0,6954808611095,60
922,60,0,60.0,6954808611118,60
923,60,0,60.0,6954808611156,60
924,22,0,22.0,6923250611267,22
925,17,0,17.0,6923250611281,17
926,10,0,10.0,8851994612012,10
927,241,0,241.0,6954808612139,241
928,61,0,61.0,6954808612146,61
929,155,0,155.0,6954808612351,155
930,65,0,65.0,6954808613334,65
931,1,0,1.0,6920771613763,1
932,13,0,13.0,6920771613787,13
933,6,0,6.0,6916168616554,6
934,23,0,23.0,6947929617169,23
935,29,0,29.0,6947929617176,29
936,7,0,7.0,6947929617183,7
937,1,0,1.0,6916168617322,1
938,19,0,19.0,6920771617785,19
939,15,0,15.0,6920771617792,15
940,24,0,24.0,6927797622724,24
941,30,0,30.0,6927797623530,30
942,16,0,16.0,6919892634108,16
943,29,0,29.0,6919892634306,29
944,8,0,8.0,6919892634603,8
953,20,0,20.0,4897044643081,20
954,1,0,1.0,4897044644293,1
955,4,0,4.0,4897044644392,4
956,17,0,17.0,4897044644613,17
957,8,0,8.0,6921956645593,8
958,12,0,12.0,6975086650019,12
959,10,0,10.0,6975086650026,10
960,8,0,8.0,6975086650033,8
961,18,0,18.0,6975086650040,18
962,11,0,11.0,6975086650057,11
963,16,0,16.0,6975086650064,16
964,34,0,34.0,6975086650071,34
965,14,0,14.0,6975086650095,14
966,10,0,10.0,6975086650293,10
967,8,0,8.0,6975086650309,8
968,18,0,18.0,6975086650316,18
969,11,0,11.0,6975086650323,11
970,16,0,16.0,6922133651086,16
971,10,0,10.0,6971738655395,10
972,23,0,23.0,6923450656150,23
973,5,0,5.0,6923450656181,5
974,37,0,37.0,6923450656860,37
975,49,0,49.0,6923450657638,49
976,34,0,34.0,6923450657935,34
977,6,0,6.0,9555118659530,6
978,1584,0,1584.0,6972549660035,1584
979,35,0,35.0,6928710660045,35
980,188,0,188.0,6928710660052,188
981,2,0,2.0,6928710660069,2
982,264,0,264.0,6928710660076,264
991,297,0,297.0,6928710660083,297
992,12,0,12.0,6928710660090,12
993,274,0,274.0,6928710660106,274
994,307,0,307.0,6928710660113,307
995,5,0,5.0,6928710660144,5
996,31,0,31.0,6928710660175,31
997,71,0,71.0,6928710660182,71
998,56,0,56.0,6975475660254,56
999,214,0,214.0,6928710660496,214
1000,14,0,14.0,6913405660530,14
1001,98,0,98.0,6972549660677,98
1002,31,0,31.0,6975048660810,31
1003,35,0,35.0,6975048660827,35
1004,90,0,90.0,6972549660905,90
1005,264,0,264.0,6972549660929,264
1006,167,0,167.0,6972549661254,167
1007,20,0,20.0,6913405662855,20
1008,225,0,225.0,6907619663432,225
1009,14,0,14.0,6913405663517,14
1010,6,0,6.0,6913405663524,6
1011,2,0,2.0,6913405663562,2
1012,7,0,7.0,6913405663579,7
1013,20,0,20.0,6913405663777,20
1014,135,0,135.0,6907619667669,135
1015,32,0,32.0,6972636670237,32
1016,40,0,40.0,6972636670244,40
1017,52,0,52.0,6970228680121,52
1018,89,0,89.0,6972537681233,89
1019,3,0,3.0,6931303688579,3
1020,12,0,12.0,6904555694278,12
1029,67,0,67.0,6904555694285,67
1030,76,0,76.0,6904555694292,76
1031,31,0,31.0,6904555694308,31
1032,1,0,1.0,6904555694315,1
1033,34,0,34.0,6904555694322,34
1034,48,0,48.0,6904555694339,48
1035,30,0,30.0,6904555694346,30
1036,7,0,7.0,6927682700018,7
1037,3,0,3.0,6942032700050,3
1038,3,0,3.0,6942032700067,3
1039,19,0,19.0,6942032700098,19
1040,10,0,10.0,6921804700184,10
1041,3,0,3.0,6921665700194,3
1042,3,0,3.0,6920731700205,3
1043,154,0,154.0,6938309700526,154
1044,95,0,95.0,6938309700533,95
1045,7,0,7.0,6953042701524,7
1046,24,0,24.0,6953042701531,24
1047,25,0,25.0,6953042701548,25
1048,14,0,14.0,4000417703002,14
1049,3,0,3.0,6920731703305,3
1050,17,0,17.0,6953721703580,17
1051,3,0,3.0,6970079710336,3
1052,1,0,1.0,6970079710763,1
1053,840,0,840.0,6938309713403,840
1054,3,0,3.0,6921665714429,3
1055,4,0,4.0,6974348720002,4
1056,3,0,3.0,6974348720019,3
1057,23,0,23.0,6974348720132,23
1058,16,0,16.0,6974348720392,16
1067,728,0,728.0,6975235721362,728
1068,1,0,1.0,6970783730019,1
1069,10,0,10.0,6972011730051,10
1070,1,0,1.0,6970783730132,1
1071,25,0,25.0,6925303730574,25
1072,3,0,3.0,6921665732577,3
1073,8,0,8.0,4901330742386,8
1074,9,0,9.0,4901330743826,9
1075,1,0,1.0,6972399750016,1
1076,1,0,1.0,4891913750351,1
1077,10,0,10.0,6970470758319,10
1078,1,0,1.0,6913405760681,1
1079,9,0,9.0,6939730775640,9
1080,8,0,8.0,6971081780034,8
1081,167,0,167.0,6975176780510,167
1082,6,0,6.0,9556023788735,6
1083,7,0,7.0,6939730799882,7
1084,15,0,15.0,6939730799967,15
1085,2,0,2.0,6942848800050,2
1086,30,0,30.0,6933453800078,30
1087,3,0,3.0,6904432800440,3
1088,38,0,38.0,6922507800638,38
1089,495,0,495.0,6933190801000,495
1090,8,0,8.0,6920633801048,8
1091,3,0,3.0,6930628801304,3
1092,6,0,6.0,6920907801347,6
1093,11,0,11.0,6921204802204,11
1094,6,0,6.0,6922507804087,6
1095,30,0,30.0,6922507805022,30
1096,2,0,2.0,6928494805267,2
1105,7,0,7.0,6959629805395,7
1106,3,0,3.0,6959629805463,3
1107,1,0,1.0,6959629805487,1
1108,10,0,10.0,6959629805524,10
1109,16,0,16.0,6959629805531,16
1110,8,0,8.0,6959629805548,8
1111,21,0,21.0,6920907808179,21
1112,8,0,8.0,6920907808278,8
1113,3,0,3.0,6920907808575,3
1114,13,0,13.0,6920907808612,13
1115,1,0,1.0,6907149808969,1
1116,7,0,7.0,6943036809015,7
1117,1,0,1.0,6920907809862,1
1118,19,0,19.0,6920907809886,19
1119,4,0,4.0,6920907809909,4
1120,7,0,7.0,6943036812046,7
1121,59,0,59.0,6920907816044,59
1122,5,0,5.0,6971893820010,5
1123,3,0,3.0,6971550820155,3
1124,15,0,15.0,6922507821688,15
1125,29,0,29.0,6922507821695,29
1126,25,0,25.0,6922507821701,25
1127,2,0,2.0,6924187821989,2
1128,2,0,2.0,6924810822376,2
1129,23,0,23.0,6922507823903,23
1130,30,0,30.0,6922507823910,30
1131,25,0,25.0,6924187824959,25
1132,10,0,10.0,6924947828883,10
1133,12,0,12.0,6937451831256,12
1134,2,0,2.0,4712883834264,2
1143,61,0,61.0,4712883837876,61
1144,8,0,8.0,6924947838899,8
1145,8,0,8.0,4712883839818,8
1146,9,0,9.0,4712883839825,9
1147,9,0,9.0,4712883839832,9
1148,2,0,2.0,4712883839849,2
1149,17,0,17.0,6924187851160,17
1150,8,0,8.0,6924187858084,8
1151,12,0,12.0,6924187858725,12
1152,336,0,336.0,4712968860089,336
1153,348,0,348.0,4712968860096,348
1154,230,0,230.0,4712968860102,230
1155,25,0,25.0,6970209860221,25
1156,41,0,41.0,6970209860467,41
1157,11,0,11.0,6971657870343,11
1158,8,0,8.0,6971657870893,8
1159,12,0,12.0,6924187875333,12
1160,3,0,3.0,9556023875985,3
1161,12,0,12.0,6924187876576,12
1162,7,0,7.0,4897025880689,7
1163,1,0,1.0,4897025880696,1
1164,28,0,28.0,4897025882539,28
1165,16,0,16.0,4897025882546,16
1166,24,0,24.0,4897025882591,24
1167,2,0,2.0,4897025883499,2
1168,16,0,16.0,6901347884343,16
1169,10,0,10.0,4897025889453,10
1170,9,0,9.0,4897025889460,9
1171,7,0,7.0,6973230890342,7
1172,4,0,4.0,4897038890965,4
1181,5,0,5.0,6973230891448,5
1182,3,0,3.0,6973230891547,3
1183,6,0,6.0,4897038892310,6
1184,1,0,1.0,4897038892327,1
1185,7,0,7.0,4897038892365,7
1186,1,0,1.0,4897038892372,1
1187,10,0,10.0,8807920893475,10
1188,17,0,17.0,4897038894598,17
1189,10,0,10.0,4897038895465,10
1190,24,0,24.0,4897038895472,24
1191,6,0,6.0,4897038895724,6
1192,14,0,14.0,4897038895731,14
1193,31,0,31.0,4897038895762,31
1194,26,0,26.0,4897038895779,26
1195,25,0,25.0,4897038895908,25
1196,10,0,10.0,4897038895915,10
1197,18,0,18.0,6928312900181,18
1198,24,0,24.0,6920609900362,24
1199,440,0,440.0,6943890900385,440
1200,327,0,327.0,6943890900392,327
1201,39,0,39.0,6943890900408,39
1202,4,0,4.0,6943890900415,4
1203,4,0,4.0,6943890900422,4
1204,1,0,1.0,6943890900477,1
1205,376,0,376.0,6943890900613,376
1206,72,0,72.0,6943890900620,72
1207,130,0,130.0,6943890900637,130
1208,25,0,25.0,6944318900734,25
1209,11,0,11.0,6922165900770,11
1210,6,0,6.0,6922165900787,6
1219,79,0,79.0,6931051900893,79
1220,58,0,58.0,6933664901038,58
1221,6,0,6.0,6947475902405,6
1222,6,0,6.0,4100910903203,6
1223,4,0,4.0,6920267904146,4
1224,6,0,6.0,6920267904344,6
1225,2,0,2.0,6944839905164,2
1226,12,0,12.0,6920267907420,12
1227,10,0,10.0,6920267909844,10
1228,7,0,7.0,6974036910050,7
1229,3,0,3.0,6928312911668,3
1230,3,0,3.0,6937439914476,3
1231,3,0,3.0,6937439914988,3
1232,10,0,10.0,6937439915084,10
1233,17,0,17.0,6937439915121,17
1234,5,0,5.0,6937439915145,5
1235,15,0,15.0,6937439915299,15
1236,1,0,1.0,6937439916555,1
1237,11,0,11.0,6928312918001,11
1238,147,0,147.0,6935739919337,147
1239,7,0,7.0,6971114920017,7
1240,2,0,2.0,6937439920019,2
1241,5,0,5.0,6970399920118,5
1242,675,0,675.0,6970399920132,675
1243,2033,0,2033.0,6971114920178,2033
1244,169,0,169.0,6970399920415,169
1245,222,0,222.0,6970399920439,222
1246,263,0,263.0,6970399921092,263
1247,88,0,88.0,6970399922365,88
1248,9,0,9.0,6970010922910,9
1257,76,0,76.0,6970399923096,76
1258,56,0,56.0,4014400924268,56
1259,1,0,1.0,6970399927247,1
1260,68,0,68.0,4000417932006,68
1261,24,0,24.0,4000417933003,24
1262,1,0,1.0,6916323935018,1
1263,6,0,6.0,6916323935025,6
1264,17,0,17.0,6901668937032,17
1265,15,0,15.0,6916323937043,15
1266,51,0,51.0,4000417938008,51
1267,21,0,21.0,6907661938847,21
1268,9,0,9.0,6907661938854,9
1269,23,0,23.0,6916323942313,23
1270,41,0,41.0,6936571950052,41
1271,1,0,1.0,8809654955146,1
1272,300,0,300.0,6944839956852,300
1273,10,0,10.0,6974459960076,10
1274,39,0,39.0,6974459960120,39
1275,1,0,1.0,6974459960137,1
1276,10,0,10.0,6928312961090,10
1277,12,0,12.0,6916323963226,12
1278,61,0,61.0,6971836970055,61
1279,194,0,194.0,6971836970086,194
1280,89,0,89.0,6971836970123,89
1281,21,0,21.0,6920130971107,21
1282,19,0,19.0,6920130971879,19
1283,26,0,26.0,6920130971886,26
1284,113,0,113.0,6917790975323,113
1285,14,0,14.0,2302122979222,14
1286,254,0,254.0,6974197980084,254
1295,35,0,35.0,6901333980196,35
1296,2,0,2.0,6942806981951,2
1297,22,0,22.0,6942806981999,22
1298,12,0,12.0,6942806982064,12
1299,17,0,17.0,6942806982972,17
1300,7,0,7.0,6942806982989,7
1301,22,0,22.0,6942806983047,22
1302,9,0,9.0,6942806983511,9
1303,20,0,20.0,6942806983528,20
1304,11,0,11.0,6928312984228,11
1305,312,0,312.0,6944839991983,312
1306,227,0,227.0,6944839992065,227
1307,18,0,18.0,9300639999005,18
1309,0,1,-1.0,6907592000026,-1
1310,0,1,-1.0,4893888001360,-1
1311,0,1,-1.0,4893888001575,-1
1312,0,5,-5.0,6907592002013,-5
1313,0,1,-1.0,6906303002441,-1
1314,0,1,-1.0,8855044004628,-1
1315,0,1,-1.0,6911569008595,-1
1316,0,8,-8.0,3179730010591,-8
1317,0,1,-1.0,6911569013117,-1
1318,0,2,-2.0,2302129018543,-2
1319,0,10,-10.0,3068320055008,-10
1320,0,49,-49.0,3068320099651,-49
1321,0,1,-1.0,6911569100268,-1
1322,0,1,-1.0,6936072100369,-1
1323,0,7,-7.0,6947954100780,-7
1324,0,1,-1.0,6947954100797,-1
1333,0,2,-2.0,6947689112102,-2
1334,0,1,-1.0,6970339116137,-1
1335,0,5,-5.0,6970339116373,-5
1336,0,1,-1.0,6970339117639,-1
1337,0,3,-3.0,6974613130376,-3
1338,0,1,-1.0,6902265150015,-1
1339,0,1,-1.0,6901306180707,-1
1340,0,3,-3.0,9315090201062,-3
1341,0,2,-2.0,6954003201299,-2
1342,0,4,-4.0,6926507201884,-4
1343,0,1,-1.0,6926507202003,-1
1344,0,2,-2.0,6926507204182,-2
1345,0,2,-2.0,6933276212119,-2
1346,0,2,-2.0,6371251245,-2
1347,0,1,-1.0,6371251273,-1
1348,0,1,-1.0,6971501251649,-1
1349,0,1,-1.0,6970870270664,-1
1350,0,2,-2.0,6915993302229,-2
1351,0,1,-1.0,9588552333889,-1
1352,0,3,-3.0,1008861919350322,-3
1353,2,1,1.0,1008861919350384,1
1354,0,1,-1.0,1008861919352081,-1
1355,2,1,1.0,1008861919353347,1
1356,0,3,-3.0,6954767401812,-3
1357,0,1,-1.0,6922477411117,-1
1358,0,1,-1.0,4713233433298,-1
1359,0,5,-5.0,6921168509256,-5
1360,0,1,-1.0,6902265540250,-1
1361,0,9,-9.0,6921168558018,-9
1362,0,14,-14.0,6921168558032,-14
1371,0,6,-6.0,6921168558049,-6
1372,0,1,-1.0,6970618570049,-1
1373,0,1,-1.0,6970618570384,-1
1374,0,1,-1.0,6932365575111,-1
1375,0,6,-6.0,041508600057,-6
1376,0,3,-3.0,6928710609778,-3
1377,0,1,-1.0,6902265610014,-1
1378,0,1,-1.0,4897044644705,-1
1379,0,3,-3.0,6971738655333,-3
1380,0,1,-1.0,6972549660097,-1
1381,0,26,-26.0,6972549660134,-26
1382,0,7,-7.0,6913405662831,-7
1383,0,2,-2.0,6972636670213,-2
1384,0,1,-1.0,6913405670317,-1
1385,0,1,-1.0,6921804700757,-1
1386,0,2,-2.0,6954113701504,-2
1387,0,1,-1.0,6922577730378,-1
1388,0,2,-2.0,6972399750009,-2
1389,0,1,-1.0,6972779770023,-1
1390,0,30,-30.0,041508800075,-30
1391,0,1,-1.0,6958196800499,-1
1392,0,1,-1.0,6928494806448,-1
1393,0,2,-2.0,6924810810014,-2
1394,0,1,-1.0,6970567810067,-1
1395,0,2,-2.0,6924810812216,-2
1396,0,33,-33.0,6920907816075,-33
1397,0,3,-3.0,6971550820001,-3
1398,0,1,-1.0,6920319827799,-1
1399,0,23,-23.0,6974800840330,-23
1400,0,1,-1.0,4897038894888,-1
1409,0,2,-2.0,6970010924945,-2
1410,0,1,-1.0,2010311951431,-1
1412,0,-8,8.0,6920238012115,8
1413,147,-3,150.0,6941044012649,150
1414,3003,-1,3004.0,6934230050129,3004
1415,0,-1,1.0,4897076062379,1
1416,2831,-2,2833.0,6931299062681,2833
1417,0,-1,1.0,6970339116588,1
1418,0,-7,7.0,6970339117097,7
1419,0,-2,2.0,6970339117233,2
1420,0,-1,1.0,6970339117554,1
1421,5,-4,9.0,6970339117646,9
1422,0,-1,1.0,6973141120088,1
1423,0,-1,1.0,6971062128855,1
1424,0,-3,3.0,6974613130345,3
1425,0,-2,2.0,6902131130882,2
1426,0,-1,1.0,6922621132783,1
1427,0,-1,1.0,2302126180537,1
1428,11,-2,13.0,6916323200222,13
1429,23,-2,25.0,6916323200635,25
1430,42,-1,43.0,6916323200659,43
1431,0,-2,2.0,9315090201109,2
1432,0,-2,2.0,6371251234,2
1433,0,-1,1.0,6371251237,1
1434,0,-2,2.0,6371251239,2
1435,0,-1,1.0,6371251241,1
1436,0,-3,3.0,6371251242,3
1437,0,-2,2.0,6371251258,2
1438,0,-1,1.0,6371251261,1
1447,0,-1,1.0,6371251271,1
1448,0,-1,1.0,6371251274,1
1449,87,-10,97.0,6952675321123,97
1450,0,-1,1.0,9588552332707,1
1451,0,-1,1.0,9588552332912,1
1452,0,-1,1.0,9588552337535,1
1453,0,-1,1.0,6952675337735,1
1454,0,-8,8.0,9588552338983,8
1455,2,-1,3.0,1008861919350087,3
1456,4,-2,6.0,1008861919350261,6
1457,0,-1,1.0,1008861919350360,1
1458,0,-1,1.0,1008861919350469,1
1459,0,-2,2.0,1008861919350616,2
1460,6,-2,8.0,1008861919352104,8
1461,33,-1,34.0,6944910355765,34
1462,0,-2,2.0,6971196385162,2
1463,4,-2,6.0,6948942511069,6
1464,0,-3,3.0,6948942512691,3
1465,1850,-30,1880.0,6921168558025,1880
1466,0,-5,5.0,6970618570032,5
1467,0,-3,3.0,6970618570056,3
1468,2,-3,5.0,6970618570070,5
1469,3,-2,5.0,6970618570162,5
1470,10,-2,12.0,6970618570179,12
1471,0,-1,1.0,6970618570414,1
1472,32,-4,36.0,6970618570599,36
1473,0,-1,1.0,6932365575104,1
1474,0,-1,1.0,6921168596348,1
1475,0,-1,1.0,6904007606606,1
1476,0,-1,1.0,6956432610079,1
1485,10,-1,11.0,6927797622304,11
1486,0,-1,1.0,6971738655388,1
1487,0,-3,3.0,6971738655401,3
1488,0,-1,1.0,6971738656095,1
1489,0,-1,1.0,6913405663494,1
1490,103,-1,104.0,6972779770016,104
1491,312,-1,313.0,6975176782460,313
1492,0,-1,1.0,6958196800390,1
1493,0,-1,1.0,6928494805250,1
1494,0,-1,1.0,6924810810007,1
1495,5,-2,7.0,6924810812223,7
1496,0,-1,1.0,6904432813037,1
1497,951,-1,952.0,6938749816122,952
1498,2,-2,4.0,6971550820094,4
1499,0,-1,1.0,6971550820650,1
1500,0,-1,1.0,6971550820810,1
1501,0,-2,2.0,6924810821027,2
1502,18,-1,19.0,6924810824608,19
1503,25,-23,48.0,6974800840286,48
1504,0,-3,3.0,6901347880390,3
1505,8,-2,10.0,6906303888885,10
1506,35,-3,38.0,6906303888908,38
1507,9,-1,10.0,6943890900333,10
1508,0,-3,3.0,6939904900380,3
1509,0,-2,2.0,6947769900766,2
1510,5,-3,8.0,6947475900913,8
1511,0,-1,1.0,6947769901008,1
1512,10,-1,11.0,6916323936039,11
1513,0,-1,1.0,2302122953946,1
1514,2,-1,3.0,6973820980132,3
