,importAmount,importPrice,postSaleAmount,postSalePrice,preSaleAmount,preSaleCost,preSalePrice,saleAmount,salePrice,serialNum
4,0,0.00,30,3360.00,30,112.00,3360.00,0,0.00,6971938360075
5,0,0.00,35,2275.00,35,65.00,2275.00,0,0.00,6971938360044
7,0,0.00,42,252.00,54,6.00,324.00,12,72.00,6934126261899
8,0,0.00,7,77.00,7,11.00,77.00,0,0.00,6934126262346
9,0,0.00,17,204.00,21,12.00,252.00,4,48.00,6958104100321
10,0,0.00,1493,17169.50,1501,11.50,17261.50,8,92.00,6931299062681
11,0,0.00,38,266.00,41,7.00,287.00,3,21.00,6934126261844
12,0,0.00,108,756.00,114,7.00,798.00,6,42.00,6931299062605
13,0,0.00,21,147.00,23,7.00,161.00,2,14.00,6934126262933
14,0,0.00,24,115.20,25,4.80,120.00,1,4.80,6958104101007
15,0,0.00,88,1056.00,91,12.00,1092.00,3,36.00,6958104101021
16,0,0.00,130,3250.00,142,25.00,3550.00,12,300.00,6971114920178
17,0,0.00,24,216.00,26,9.00,234.00,2,18.00,6973141130179
18,0,0.00,145,1450.00,153,10.00,1530.00,8,80.00,6934230050129
20,0,0.00,38,1501.00,62,39.50,2449.00,24,948.00,6973141120088
21,0,0.00,1,9.00,1,9.00,9.00,0,0.00,6973141130155
23,0,0.00,12,780.00,13,65.00,845.00,1,65.00,6971114920017
24,0,0.00,5,440.00,5,88.00,440.00,0,0.00,6941871150002
25,0,0.00,9,801.00,13,89.00,1157.00,4,356.00,6916168620773
27,0,0.00,5172,739596.00,5260,143.00,752180.00,88,12584.00,6916168616554
29,0,0.00,3972,345564.00,3996,87.00,347652.00,24,2088.00,6938749816122
32,12,198.00,6,99.00,0,16.50,0.00,6,99.00,6970339116557
33,0,0.00,25,1300.00,34,52.00,1768.00,9,468.00,6923644232658
43,12,696.00,33,1914.00,28,58.00,1624.00,7,406.00,6923644297251
44,8,440.00,12,660.00,6,55.00,330.00,2,110.00,6923644299804
45,18,900.00,103,5150.00,103,50.00,5150.00,18,900.00,6923644266318
46,18,1089.00,48,2904.00,32,60.50,1936.00,2,121.00,6923644295844
48,0,0.00,1,11.00,5,11.00,55.00,4,44.00,6970339117554
49,24,264.00,19,209.00,0,11.00,0.00,5,55.00,6970339117523
50,0,0.00,26,78.00,70,3.00,210.00,44,132.00,6970339116373
51,0,0.00,26,1456.00,35,56.00,1960.00,9,504.00,6970339116151
52,0,0.00,9,52.20,10,5.80,58.00,1,5.80,6970339117646
53,0,0.00,0,0.00,2,10.50,21.00,2,21.00,6970339117998
54,0,0.00,4,34.00,6,8.50,51.00,2,17.00,6970339116915
55,0,0.00,20,70.00,36,3.50,126.00,16,56.00,6970339117097
56,48,177.60,44,162.80,20,3.70,74.00,24,88.80,6970339117844
57,0,0.00,49,186.20,53,3.80,201.40,4,15.20,6970339116137
58,12,134.40,23,257.60,15,11.20,168.00,4,44.80,6970339118186
59,48,134.40,36,100.80,20,2.80,56.00,32,89.60,6970339116144
60,48,182.40,28,106.40,28,3.80,106.40,48,182.40,6970339116120
61,20,116.00,31,179.80,11,5.80,63.80,0,0.00,6970339117639
62,0,0.00,60,180.00,90,3.00,270.00,30,90.00,6970339117233
63,30,174.00,22,127.60,10,5.80,58.00,18,104.40,6970339116588
64,24,480.00,16,320.00,0,20.00,0.00,8,160.00,6970339117677
65,0,0.00,-1,-28.00,-1,28.00,-28.00,0,0.00,6970618570698
66,24,180.00,12,90.00,8,7.50,60.00,20,150.00,6970618570070
67,0,0.00,3,66.00,8,22.00,176.00,5,110.00,6970618570414
68,0,0.00,0,0.00,1,30.50,30.50,1,30.50,6970618570056
69,0,0.00,6,45.00,6,7.50,45.00,0,0.00,6970618570179
70,0,0.00,0,0.00,3,9.50,28.50,3,28.50,6970618570209
71,36,270.00,38,285.00,22,7.50,165.00,20,150.00,6970618570599
72,16,160.00,23,230.00,10,10.00,100.00,3,30.00,6970618570001
82,16,148.80,11,102.30,0,9.30,0.00,5,46.50,6970618570384
83,0,0.00,48,192.00,72,4.00,288.00,24,96.00,6927797622700
84,0,0.00,24,96.00,72,4.00,288.00,48,192.00,6927797623530
85,0,0.00,22,121.00,24,5.50,132.00,2,11.00,6927797622304
86,0,0.00,36,144.00,66,4.00,264.00,30,120.00,6927797622724
87,0,0.00,35,140.00,77,4.00,308.00,42,168.00,6927797623370
90,0,0.00,23,138.00,25,6.00,150.00,2,12.00,6926213559019
91,0,0.00,17,153.00,18,9.00,162.00,1,9.00,6926213560831
92,0,0.00,14,98.00,14,7.00,98.00,0,0.00,6926213558302
93,0,0.00,15,105.00,16,7.00,112.00,1,7.00,6926213558272
94,0,0.00,12,144.00,12,12.00,144.00,0,0.00,6920267909844
95,0,0.00,14,161.00,14,11.50,161.00,0,0.00,6920267907420
96,0,0.00,41,188.60,49,4.60,225.40,8,36.80,6902265610014
97,0,0.00,26,218.40,26,8.40,218.40,0,0.00,6902265210504
98,0,0.00,3,22.50,5,7.50,37.50,2,15.00,6902265440291
99,0,0.00,21,168.00,23,8.00,184.00,2,16.00,6902265107057
100,0,0.00,13,71.50,18,5.50,99.00,5,27.50,6902265470236
101,12,76.80,18,115.20,6,6.40,38.40,0,0.00,6902265240501
102,0,0.00,45,292.50,54,6.50,351.00,9,58.50,6902265360018
103,12,117.60,22,215.60,11,9.80,107.80,1,9.80,6902265114369
104,0,0.00,17,141.10,19,8.30,157.70,2,16.60,6902265114321
105,0,0.00,21,168.00,25,8.00,200.00,4,32.00,6902265114888
106,0,0.00,21,207.90,27,9.90,267.30,6,59.40,6902265150015
107,0,0.00,27,172.80,35,6.40,224.00,8,51.20,6902265170501
108,0,0.00,32,176.00,35,5.50,192.50,3,16.50,6902265115496
109,0,0.00,13,110.50,13,8.50,110.50,0,0.00,6902265111719
110,180,234.00,255,331.50,120,1.30,156.00,45,58.50,6926198012233
111,0,0.00,6,63.00,7,10.50,73.50,1,10.50,6921956645586
121,0,0.00,9,94.50,9,10.50,94.50,0,0.00,6921956645593
122,0,0.00,5,35.00,12,7.00,84.00,7,49.00,6972786771389
123,20,180.00,23,207.00,7,9.00,63.00,4,36.00,6972786771242
124,0,0.00,6,69.00,6,11.50,69.00,0,0.00,6972786771396
125,24,204.00,38,323.00,19,8.50,161.50,5,42.50,6972786775387
126,0,0.00,2,46.00,4,23.00,92.00,2,46.00,6972786773505
127,0,0.00,12,126.00,12,10.50,126.00,0,0.00,6925316204246
128,0,0.00,7,129.50,8,18.50,148.00,1,18.50,6972786771433
129,0,0.00,2,38.00,3,19.00,57.00,1,19.00,6972786772775
130,0,0.00,6,42.00,9,7.00,63.00,3,21.00,6925316299556
131,0,0.00,57,541.50,57,9.50,541.50,0,0.00,6925316299532
132,0,0.00,34,265.20,34,7.80,265.20,0,0.00,6907661938854
133,0,0.00,8,96.00,11,12.00,132.00,3,36.00,6971851560026
134,0,0.00,23,184.00,28,8.00,224.00,5,40.00,6902131130011
135,36,648.00,46,828.00,21,18.00,378.00,11,198.00,6902131130882
136,72,972.00,63,850.50,0,13.50,0.00,9,121.50,6902131110020
137,12,108.00,9,81.00,4,9.00,36.00,7,63.00,6928312911668
138,0,0.00,11,264.00,19,24.00,456.00,8,192.00,6928312900525
139,0,0.00,44,506.00,46,11.50,529.00,2,23.00,6928312961090
140,0,0.00,8,68.00,9,8.50,76.50,1,8.50,6928312918001
141,0,0.00,10,115.00,14,11.50,161.00,4,46.00,6928312900709
142,0,0.00,17,280.50,18,16.50,297.00,1,16.50,6928312984228
143,36,432.00,32,384.00,1,12.00,12.00,5,60.00,6928312900204
144,0,0.00,17,102.00,17,6.00,102.00,0,0.00,6907592007056
145,0,0.00,41,369.00,49,9.00,441.00,8,72.00,6907592002013
146,30,177.00,67,395.30,45,5.90,265.50,8,47.20,6907592001948
147,0,0.00,15,105.00,16,7.00,112.00,1,7.00,6907592000026
148,0,0.00,7,53.20,7,7.60,53.20,0,0.00,6907592007414
149,30,177.00,62,365.80,35,5.90,206.50,3,17.70,6907592001245
150,0,0.00,6,42.00,6,7.00,42.00,0,0.00,6907592000033
160,0,0.00,27,162.00,28,6.00,168.00,1,6.00,6907592007025
161,0,0.00,2,22.00,4,11.00,44.00,2,22.00,6924115086107
162,0,0.00,44,1144.00,45,26.00,1170.00,1,26.00,6928710609549
163,0,0.00,2,21.00,2,10.50,21.00,0,0.00,6928710609525
164,0,0.00,6,114.00,10,19.00,190.00,4,76.00,6928710609600
165,0,0.00,6,108.00,6,18.00,108.00,0,0.00,6928710609563
166,0,0.00,106,1113.00,106,10.50,1113.00,0,0.00,6928710609518
167,0,0.00,12,264.00,19,22.00,418.00,7,154.00,6928710609594
168,20,170.00,20,170.00,4,8.50,34.00,4,34.00,6928710609587
169,0,0.00,3,81.00,4,27.00,108.00,1,27.00,6928710609570
170,30,135.00,39,175.50,10,4.50,45.00,1,4.50,6974919370124
171,0,0.00,41,233.70,43,5.70,245.10,2,11.40,6928710605176
172,0,0.00,9,567.00,9,63.00,567.00,0,0.00,6974919370032
173,0,0.00,0,0.00,13,23.00,299.00,13,299.00,6974919370025
174,20,120.00,28,168.00,11,6.00,66.00,3,18.00,6928710609761
175,0,0.00,12,138.00,16,11.50,184.00,4,46.00,6928710609778
176,0,0.00,7,301.00,8,43.00,344.00,1,43.00,6928710609532
177,0,0.00,19,57.00,19,3.00,57.00,0,0.00,6974919371343
178,0,0.00,0,0.00,2,8.50,17.00,2,17.00,6928710609556
179,0,0.00,18,279.00,18,15.50,279.00,0,0.00,6971947498080
180,0,0.00,11,115.50,11,10.50,115.50,0,0.00,6942806983047
181,0,0.00,16,224.00,16,14.00,224.00,0,0.00,6942806982972
182,0,0.00,12,142.80,12,11.90,142.80,0,0.00,6942806983528
183,0,0.00,5,59.50,6,11.90,71.40,1,11.90,6942806983511
184,0,0.00,11,141.90,14,12.90,180.60,3,38.70,6942806983429
185,0,0.00,10,105.00,10,10.50,105.00,0,0.00,6942806982064
186,0,0.00,14,147.00,15,10.50,157.50,1,10.50,6942806981999
188,0,0.00,5,65.00,6,13.00,78.00,1,13.00,6926213557985
189,20,400.00,14,280.00,2,20.00,40.00,8,160.00,6924773600257
199,0,0.00,13,260.00,13,20.00,260.00,0,0.00,6924773600165
200,0,0.00,18,900.00,19,50.00,950.00,1,50.00,6928710602212
201,0,0.00,113,3729.00,114,33.00,3762.00,1,33.00,6928710601611
202,0,0.00,198,8910.00,201,45.00,9045.00,3,135.00,6928710602304
203,0,0.00,9,49.50,10,5.50,55.00,1,5.50,6974919371374
204,28,168.00,28,168.00,4,6.00,24.00,4,24.00,6974919371367
205,0,0.00,13,533.00,13,41.00,533.00,0,0.00,6928710601758
206,40,800.00,45,900.00,12,20.00,240.00,7,140.00,6928710600034
207,0,0.00,183,6954.00,183,38.00,6954.00,0,0.00,6928710660076
208,0,0.00,245,13230.00,245,54.00,13230.00,0,0.00,6928710601741
209,0,0.00,9,261.00,11,29.00,319.00,2,58.00,6928710609075
210,60,450.00,53,397.50,0,7.50,0.00,7,52.50,6928710600164
211,0,0.00,58,1276.00,69,22.00,1518.00,11,242.00,6928710600485
212,0,0.00,86,817.00,86,9.50,817.00,0,0.00,6928710609235
213,20,300.00,25,375.00,6,15.00,90.00,1,15.00,6928710600980
214,0,0.00,21,378.00,28,18.00,504.00,7,126.00,6928710600089
215,0,0.00,213,7029.00,213,33.00,7029.00,0,0.00,6928710660083
216,0,0.00,13,624.00,14,48.00,672.00,1,48.00,6928710660069
217,20,1240.00,26,1612.00,6,62.00,372.00,0,0.00,6928710660090
218,0,0.00,159,9222.00,159,58.00,9222.00,0,0.00,6928710660106
219,0,0.00,28,448.00,28,16.00,448.00,0,0.00,6928710600300
220,0,0.00,18,864.00,18,48.00,864.00,0,0.00,6928710609204
221,20,230.00,26,299.00,9,11.50,103.50,3,34.50,6928710660052
222,0,0.00,24,540.00,30,22.50,675.00,6,135.00,6974919371923
223,40,800.00,67,1340.00,32,20.00,640.00,5,100.00,6928710600065
224,0,0.00,16,136.00,16,8.50,136.00,0,0.00,6928710601222
225,0,0.00,34,2210.00,39,65.00,2535.00,5,325.00,6928710601765
226,0,0.00,13,845.00,14,65.00,910.00,1,65.00,6928710601772
227,0,0.00,16,416.00,24,26.00,624.00,8,208.00,6928710600096
228,0,0.00,37,370.00,37,10.00,370.00,0,0.00,6974919370070
238,0,0.00,22,143.00,24,6.50,156.00,2,13.00,6974919372210
239,0,0.00,95,1330.00,97,14.00,1358.00,2,28.00,6928710609228
240,0,0.00,123,6888.00,123,56.00,6888.00,0,0.00,6928710601703
241,0,0.00,1294,47878.00,1300,37.00,48100.00,6,222.00,6928710600362
242,0,0.00,153,3213.00,153,21.00,3213.00,0,0.00,6928710660113
243,0,0.00,17,535.50,18,31.50,567.00,1,31.50,6974919370476
244,0,0.00,15,60.00,18,4.00,72.00,3,12.00,6974919370087
245,0,0.00,13,208.00,15,16.00,240.00,2,32.00,6974919370254
246,0,0.00,22,132.00,27,6.00,162.00,5,30.00,6928710601215
247,0,0.00,22,990.00,23,45.00,1035.00,1,45.00,6928710600058
248,0,0.00,8,416.00,12,52.00,624.00,4,208.00,6928710601512
249,0,0.00,16,240.00,17,15.00,255.00,1,15.00,6928710601178
250,0,0.00,11,528.00,11,48.00,528.00,0,0.00,6928710600195
251,0,0.00,16,288.00,20,18.00,360.00,4,72.00,6928710600072
252,24,360.00,30,450.00,6,15.00,90.00,0,0.00,6928710602052
253,0,0.00,1,3.50,1,3.50,3.50,0,0.00,6974919372234
254,0,0.00,60,2220.00,60,37.00,2220.00,0,0.00,6928710609082
255,0,0.00,504,26208.00,504,52.00,26208.00,0,0.00,6928710601925
257,0,0.00,49,539.00,57,11.00,627.00,8,88.00,6928710600331
258,0,0.00,18,162.00,19,9.00,171.00,1,9.00,6928710660175
259,0,0.00,23,184.00,23,8.00,184.00,0,0.00,6928710600317
260,0,0.00,15,135.00,15,9.00,135.00,0,0.00,6928710660182
261,0,0.00,201,1809.00,201,9.00,1809.00,0,0.00,6928710601017
262,0,0.00,26,161.20,27,6.20,167.40,1,6.20,6928710601284
263,0,0.00,587,10566.00,591,18.00,10638.00,4,72.00,6928710600621
264,0,0.00,15,103.50,15,6.90,103.50,0,0.00,6928710600805
265,0,0.00,26,520.00,32,20.00,640.00,6,120.00,6928710600560
266,0,0.00,33,660.00,49,20.00,980.00,16,320.00,6928710600614
267,0,0.00,14,168.00,17,12.00,204.00,3,36.00,6928710601147
277,20,250.00,40,500.00,22,12.50,275.00,2,25.00,6928710600584
278,0,0.00,38,475.00,38,12.50,475.00,0,0.00,6928710600546
279,0,0.00,16,160.00,16,10.00,160.00,0,0.00,6928710601734
280,0,0.00,6,180.00,6,30.00,180.00,0,0.00,6928710609211
281,0,0.00,26,455.00,31,17.50,542.50,5,87.50,6928710600577
282,0,0.00,17,442.00,17,26.00,442.00,0,0.00,6928710602151
283,30,345.00,43,494.50,13,11.50,149.50,0,0.00,6928710601352
284,0,0.00,33,594.00,50,18.00,900.00,17,306.00,6928710600553
285,0,0.00,234,2574.00,234,11.00,2574.00,0,0.00,6928710600591
286,0,0.00,58,1044.00,58,18.00,1044.00,0,0.00,6928710660496
287,20,140.00,34,238.00,14,7.00,98.00,0,0.00,6928710600713
288,0,0.00,16,88.00,18,5.50,99.00,2,11.00,6928710601406
291,0,0.00,272,408.00,318,1.50,477.00,46,69.00,6917790975323
292,0,0.00,25,112.50,29,4.50,130.50,4,18.00,6935616500016
293,0,0.00,38,133.00,41,3.50,143.50,3,10.50,6915993301895
294,0,0.00,61,73.20,85,1.20,102.00,24,28.80,6915993303363
295,0,0.00,25,30.00,36,1.20,43.20,11,13.20,6915993302229
296,0,0.00,59,70.80,78,1.20,93.60,19,22.80,6915993303028
297,0,0.00,15,165.00,18,11.00,198.00,3,33.00,6915993304650
298,0,0.00,30,129.00,32,4.30,137.60,2,8.60,6925714800569
299,0,0.00,33,165.00,34,5.00,170.00,1,5.00,6911567886096
300,0,0.00,2,18.00,2,9.00,18.00,0,0.00,6902534238499
301,0,0.00,19,169.10,20,8.90,178.00,1,8.90,6902534238338
302,0,0.00,34,187.00,36,5.50,198.00,2,11.00,6920319827799
303,0,0.00,15,270.00,18,18.00,324.00,3,54.00,6930305500049
304,0,0.00,28,322.00,36,11.50,414.00,8,92.00,6942032700050
305,0,0.00,0,0.00,6,4.50,27.00,6,27.00,6955381400700
306,0,0.00,23,103.50,28,4.50,126.00,5,22.50,6955381400601
316,0,0.00,0,0.00,5,12.70,63.50,5,63.50,6942032700098
317,0,0.00,69,876.30,81,12.70,1028.70,12,152.40,6942032700029
318,0,0.00,24,276.00,31,11.50,356.50,7,80.50,6942032700067
319,0,0.00,6,21.00,17,3.50,59.50,11,38.50,6920143500509
320,0,0.00,39,331.50,42,8.50,357.00,3,25.50,6936749501116
321,0,0.00,9,76.50,18,8.50,153.00,9,76.50,6936749501109
322,0,0.00,28,252.00,35,9.00,315.00,7,63.00,6947769900766
323,0,0.00,11,96.80,16,8.80,140.80,5,44.00,6947769901008
324,0,0.00,1,6.90,1,6.90,6.90,0,0.00,6902007115180
325,0,0.00,34,442.00,40,13.00,520.00,6,78.00,6933453800078
326,0,0.00,64,256.00,71,4.00,284.00,7,28.00,6970470758319
327,0,0.00,36,190.80,36,5.30,190.80,0,0.00,6922848608894
328,0,0.00,11,58.30,12,5.30,63.60,1,5.30,6922848608870
329,0,0.00,13,101.40,13,7.80,101.40,0,0.00,6930628801304
330,0,0.00,40,360.00,43,9.00,387.00,3,27.00,6921804700757
331,0,0.00,5,42.50,8,8.50,68.00,3,25.50,6921804700184
332,0,0.00,22,198.00,34,9.00,306.00,12,108.00,6922824000643
333,0,0.00,12,102.00,14,8.50,119.00,2,17.00,6918678310014
334,0,0.00,21,136.50,24,6.50,156.00,3,19.50,4893888001575
335,0,0.00,8,48.00,19,6.00,114.00,11,66.00,6922824055063
336,0,0.00,16,160.00,18,10.00,180.00,2,20.00,6922824075016
337,0,0.00,9,67.50,11,7.50,82.50,2,15.00,6922824055018
338,0,0.00,14,109.20,14,7.80,109.20,0,0.00,4893888001360
339,0,0.00,9,81.00,11,9.00,99.00,2,18.00,6922824001329
340,0,0.00,30,330.00,32,11.00,352.00,2,22.00,6918678423035
341,0,0.00,11,55.00,15,5.00,75.00,4,20.00,6901377002502
342,0,0.00,20,224.00,29,11.20,324.80,9,100.80,6909689901483
343,0,0.00,11,51.70,13,4.70,61.10,2,9.40,6924116188879
344,0,0.00,3,14.10,5,4.70,23.50,2,9.40,6924116170010
345,0,0.00,19,123.50,20,6.50,130.00,1,6.50,6936072100154
355,0,0.00,36,208.80,39,5.80,226.20,3,17.40,6936072100468
356,0,0.00,12,288.00,13,24.00,312.00,1,24.00,6936072100871
357,0,0.00,4,30.00,5,7.50,37.50,1,7.50,6936072100369
358,0,0.00,15,157.50,16,10.50,168.00,1,10.50,6939044610002
359,0,0.00,16,360.00,21,22.50,472.50,5,112.50,6922877745508
360,0,0.00,55,484.00,76,8.80,668.80,21,184.80,6922130101485
361,0,0.00,18,234.00,24,13.00,312.00,6,78.00,6922130118483
362,0,0.00,27,148.50,30,5.50,165.00,3,16.50,6972559820108
363,0,0.00,45,99.00,49,2.20,107.80,4,8.80,6944296500049
364,0,0.00,12,78.00,13,6.50,84.50,1,6.50,6906303002441
365,0,0.00,101,505.00,121,5.00,605.00,20,100.00,6906303004612
366,0,0.00,98,323.40,102,3.30,336.60,4,13.20,6906303004469
367,0,0.00,86,326.80,97,3.80,368.60,11,41.80,6906303004476
368,0,0.00,123,418.20,126,3.40,428.40,3,10.20,6906303888908
369,0,0.00,71,269.80,73,3.80,277.40,2,7.60,6906303004605
370,0,0.00,42,126.00,43,3.00,129.00,1,3.00,6906303004643
371,0,0.00,231,785.40,259,3.40,880.60,28,95.20,6906303888885
372,0,0.00,26,286.00,28,11.00,308.00,2,22.00,6906303002434
373,0,0.00,22,48.40,23,2.20,50.60,1,2.20,6907592001429
374,0,0.00,32,112.00,46,3.50,161.00,14,49.00,6901754040936
375,0,0.00,56,95.20,72,1.70,122.40,16,27.20,6901754150505
376,0,0.00,85,552.50,92,6.50,598.00,7,45.50,6928454900087
377,0,0.00,25,250.00,28,10.00,280.00,3,30.00,6972011732017
378,0,0.00,17,212.50,22,12.50,275.00,5,62.50,6935953399991
379,0,0.00,14,165.20,17,11.80,200.60,3,35.40,6935953399984
380,0,0.00,11,63.80,11,5.80,63.80,0,0.00,6921204802204
381,0,0.00,17,22.10,20,1.30,26.00,3,3.90,6920633801048
382,0,0.00,39,62.40,40,1.60,64.00,1,1.60,6942046300017
383,0,0.00,13,20.80,22,1.60,35.20,9,14.40,6942046300055
384,0,0.00,7,45.50,7,6.50,45.50,0,0.00,6922165900787
394,0,0.00,13,104.00,14,8.00,112.00,1,8.00,6922165900770
397,45,1026.00,37,843.60,9,22.80,205.20,17,387.60,6933276212058
398,45,945.00,53,1113.00,55,21.00,1155.00,47,987.00,6933276212119
401,0,0.00,4,128.00,6,32.00,192.00,2,64.00,6975915740027
402,0,0.00,24,321.60,28,13.40,375.20,4,53.60,6975915740010
403,0,0.00,14,112.00,20,8.00,160.00,6,48.00,6975915740058
404,0,0.00,67,134.00,100,2.00,200.00,33,66.00,6975915740065
405,0,0.00,20,160.00,25,8.00,200.00,5,40.00,6975915740034
406,0,0.00,10,80.00,21,8.00,168.00,11,88.00,6975915740041
409,0,0.00,16,193.60,22,12.10,266.20,6,72.60,6943036809015
410,0,0.00,13,299.00,21,23.00,483.00,8,184.00,6957335216023
411,0,0.00,30,654.00,37,21.80,806.60,7,152.60,6957335213015
412,0,0.00,30,885.00,50,29.50,1475.00,20,590.00,6943036808032
413,0,0.00,4,268.00,5,67.00,335.00,1,67.00,6943036812046
414,0,0.00,8,152.00,8,19.00,152.00,0,0.00,6957335207168
415,0,0.00,10,370.00,12,37.00,444.00,2,74.00,6957335215026
417,0,0.00,93,790.50,101,8.50,858.50,8,68.00,6901715291247
418,60,732.00,80,976.00,23,12.20,280.60,3,36.60,6901715292527
419,36,133.20,37,136.90,1,3.70,3.70,0,0.00,6901715292541
420,0,0.00,4,356.00,7,89.00,623.00,3,267.00,6954434300851
421,0,0.00,17,510.00,19,30.00,570.00,2,60.00,6931051900893
422,30,375.00,92,1150.00,66,12.50,825.00,4,50.00,6921774200639
423,0,0.00,23,287.50,25,12.50,312.50,2,25.00,6921774286305
433,0,0.00,68,850.00,70,12.50,875.00,2,25.00,6921774271561
434,0,0.00,34,425.00,38,12.50,475.00,4,50.00,6921774271622
435,30,375.00,61,762.50,37,12.50,462.50,6,75.00,6921774271547
436,0,0.00,6,75.00,6,12.50,75.00,0,0.00,6921774297066
437,0,0.00,13,182.00,15,14.00,210.00,2,28.00,6919892634603
438,36,144.00,48,192.00,12,4.00,48.00,0,0.00,6921774200776
439,0,0.00,8,32.00,8,4.00,32.00,0,0.00,6937962130121
440,0,0.00,20,80.00,22,4.00,88.00,2,8.00,6921774214070
441,0,0.00,14,56.00,14,4.00,56.00,0,0.00,6937962134389
442,0,0.00,16,216.00,19,13.50,256.50,3,40.50,6920731700106
443,0,0.00,17,229.50,17,13.50,229.50,0,0.00,6920731700205
444,0,0.00,29,391.50,29,13.50,391.50,0,0.00,6920731703305
445,0,0.00,39,546.00,40,14.00,560.00,1,14.00,6919892634108
446,0,0.00,13,52.00,13,4.00,52.00,0,0.00,6921774297028
447,0,0.00,37,148.00,41,4.00,164.00,4,16.00,6921774242714
448,0,0.00,36,144.00,36,4.00,144.00,0,0.00,6921774214179
449,0,0.00,20,80.00,22,4.00,88.00,2,8.00,6921774241540
450,0,0.00,30,474.00,31,15.80,489.80,1,15.80,6923250611281
451,0,0.00,25,395.00,27,15.80,426.60,2,31.60,6923250611267
452,0,0.00,13,205.40,15,15.80,237.00,2,31.60,6923250642193
453,0,0.00,57,1322.40,58,23.20,1345.60,1,23.20,3800014288381
454,0,0.00,7,56.00,7,8.00,56.00,0,0.00,6970870270640
455,0,0.00,16,128.00,22,8.00,176.00,6,48.00,6970870270671
456,0,0.00,65,520.00,66,8.00,528.00,1,8.00,6970870270664
457,0,0.00,34,272.00,34,8.00,272.00,0,0.00,6970870270657
458,0,0.00,42,399.00,42,9.50,399.00,0,0.00,6970870270947
459,0,0.00,92,1094.80,93,11.90,1106.70,1,11.90,6970870272231
460,0,0.00,40,580.00,40,14.50,580.00,0,0.00,6970870270213
461,0,0.00,12,174.00,12,14.50,174.00,0,0.00,6970870270084
462,0,0.00,15,217.50,16,14.50,232.00,1,14.50,6970870270152
472,0,0.00,31,449.50,31,14.50,449.50,0,0.00,6970870270015
473,0,0.00,43,408.50,43,9.50,408.50,0,0.00,6970870270961
475,0,0.00,64,1568.00,64,24.50,1568.00,0,0.00,6974613130109
476,0,0.00,81,648.00,81,8.00,648.00,0,0.00,6974613130055
477,0,0.00,20,920.00,20,46.00,920.00,0,0.00,6974613130383
478,0,0.00,1,54.00,1,54.00,54.00,0,0.00,9421029081930
479,0,0.00,110,880.00,111,8.00,888.00,1,8.00,6974613130086
480,0,0.00,22,1012.00,22,46.00,1012.00,0,0.00,6974613130376
481,0,0.00,76,608.00,76,8.00,608.00,0,0.00,6974613130062
482,0,0.00,28,1288.00,28,46.00,1288.00,0,0.00,6974613130314
483,0,0.00,71,568.00,72,8.00,576.00,1,8.00,6974613130079
484,0,0.00,27,1242.00,29,46.00,1334.00,2,92.00,6974613130345
487,0,0.00,35,595.00,40,17.00,680.00,5,85.00,4000417932006
488,0,0.00,1,10.50,1,10.50,10.50,0,0.00,8003477500037
489,0,0.00,1,10.50,3,10.50,31.50,2,21.00,8003477500013
491,0,0.00,2,72.00,3,36.00,108.00,1,36.00,4897031350015
492,0,0.00,1,17.00,3,17.00,51.00,2,34.00,4000417933003
495,0,0.00,21,630.00,33,30.00,990.00,12,360.00,6971893820010
496,0,0.00,8,252.00,9,31.50,283.50,1,31.50,6943890900477
497,0,0.00,250,3500.00,254,14.00,3556.00,4,56.00,6973669041100
498,0,0.00,37,518.00,37,14.00,518.00,0,0.00,6924750000995
499,0,0.00,7,910.00,8,130.00,1040.00,1,130.00,6974739650178
500,0,0.00,176,5808.00,179,33.00,5907.00,3,99.00,6954808610302
501,0,0.00,68,2244.00,69,33.00,2277.00,1,33.00,6954808610319
511,0,0.00,3,99.00,4,33.00,132.00,1,33.00,6954808612139
512,0,0.00,4,152.00,7,38.00,266.00,3,114.00,6954808612351
513,0,0.00,6,1380.00,8,230.00,1840.00,2,460.00,6974622050009
514,0,0.00,9,558.00,9,62.00,558.00,0,0.00,6972251252467
515,20,640.00,14,448.00,1,32.00,32.00,7,224.00,6972251252245
516,0,0.00,1,78.00,1,78.00,78.00,0,0.00,6972251252436
517,20,700.00,20,700.00,0,35.00,0.00,0,0.00,6972251252856
518,0,0.00,25,2175.00,29,87.00,2523.00,4,348.00,6974622051433
519,0,0.00,36,540.00,38,15.00,570.00,2,30.00,6949884200547
520,0,0.00,61,1555.50,64,25.50,1632.00,3,76.50,6970010925010
521,0,0.00,2,240.00,6,120.00,720.00,4,480.00,6970525359362
522,0,0.00,7,301.00,12,43.00,516.00,5,215.00,6970525359997
523,10,1350.00,8,1080.00,0,135.00,0.00,2,270.00,6970525356309
524,0,0.00,10,600.00,14,60.00,840.00,4,240.00,6970525358211
525,0,0.00,422,18568.00,424,44.00,18656.00,2,88.00,6975235721362
526,32,3168.00,50,4950.00,29,99.00,2871.00,11,1089.00,6975471520019
527,0,0.00,13,292.50,13,22.50,292.50,0,0.00,6971680630969
528,0,0.00,4,80.00,6,20.00,120.00,2,40.00,6971680630297
529,0,0.00,9,202.50,14,22.50,315.00,5,112.50,6970599913842
530,0,0.00,38,638.40,38,16.80,638.40,0,0.00,6959540361567
531,0,0.00,45,4635.00,45,103.00,4635.00,0,0.00,6959540368115
532,0,0.00,13,556.40,16,42.80,684.80,3,128.40,6959540361321
533,0,0.00,5,175.00,10,35.00,350.00,5,175.00,6975849950004
534,0,0.00,4,216.00,5,54.00,270.00,1,54.00,6943890900408
535,0,0.00,5,210.00,5,42.00,210.00,0,0.00,6943890900415
536,0,0.00,22,704.00,33,32.00,1056.00,11,352.00,6948431109968
537,0,0.00,1,26.00,1,26.00,26.00,0,0.00,6950327000518
538,0,0.00,8,120.00,9,15.00,135.00,1,15.00,6940747415115
539,0,0.00,0,0.00,3,18.00,54.00,3,54.00,6940747414910
540,0,0.00,22,704.00,30,32.00,960.00,8,256.00,6940747410912
550,0,0.00,25,800.00,31,32.00,992.00,6,192.00,6940747410813
551,0,0.00,29,1203.50,35,41.50,1452.50,6,249.00,0101020211012
553,0,0.00,72,1152.00,77,16.00,1232.00,5,80.00,6970228680121
554,15,345.00,30,690.00,18,23.00,414.00,3,69.00,6901333110524
555,0,0.00,32,528.00,32,16.50,528.00,0,0.00,6904432800440
556,0,0.00,24,408.00,24,17.00,408.00,0,0.00,6904432832038
557,0,0.00,2,70.00,3,35.00,105.00,1,35.00,6905014301263
558,0,0.00,8,280.00,13,35.00,455.00,5,175.00,6905014301287
559,0,0.00,9,315.00,13,35.00,455.00,4,140.00,6905014301270
560,0,0.00,5,132.50,5,26.50,132.50,0,0.00,6905014000548
561,0,0.00,7,185.50,7,26.50,185.50,0,0.00,6905014000401
562,0,0.00,19,475.00,22,25.00,550.00,3,75.00,6905014081288
563,0,0.00,33,478.50,39,14.50,565.50,6,87.00,6905014000876
564,0,0.00,15,192.00,15,12.80,192.00,0,0.00,6904555694315
565,0,0.00,5,75.00,7,15.00,105.00,2,30.00,6904555694292
566,0,0.00,9,139.50,9,15.50,139.50,0,0.00,6904555694278
567,0,0.00,15,232.50,15,15.50,232.50,0,0.00,6904555694285
568,0,0.00,21,210.00,21,10.00,210.00,0,0.00,6904555694339
569,0,0.00,17,217.60,17,12.80,217.60,0,0.00,6904555694322
570,0,0.00,31,310.00,31,10.00,310.00,0,0.00,6904555694346
571,0,0.00,28,448.00,29,16.00,464.00,1,16.00,6931500340706
572,0,0.00,37,592.00,42,16.00,672.00,5,80.00,6931500340904
573,0,0.00,65,1040.00,67,16.00,1072.00,2,32.00,6931500341000
574,0,0.00,13,208.00,15,16.00,240.00,2,32.00,6945309351917
576,0,0.00,0,0.00,1,27.00,27.00,1,27.00,6913405670317
577,0,0.00,6,72.00,7,12.00,84.00,1,12.00,6913405660530
578,0,0.00,9,108.00,10,12.00,120.00,1,12.00,6913405760681
579,0,0.00,28,504.00,28,18.00,504.00,0,0.00,6913405670584
589,0,0.00,15,330.00,15,22.00,330.00,0,0.00,6913405670553
590,0,0.00,-1,-18.00,-1,18.00,-18.00,0,0.00,6913405662817
591,12,240.00,17,340.00,9,20.00,180.00,4,80.00,6913405663524
592,12,240.00,18,360.00,7,20.00,140.00,1,20.00,6913405663517
593,0,0.00,11,165.00,13,15.00,195.00,2,30.00,8996001356500
594,0,0.00,67,536.00,67,8.00,536.00,0,0.00,8996001352229
595,0,0.00,9,139.50,9,15.50,139.50,0,0.00,6976488300250
596,0,0.00,17,263.50,21,15.50,325.50,4,62.00,6976488300267
597,0,0.00,6,132.00,7,22.00,154.00,1,22.00,6939730799967
598,0,0.00,37,288.60,40,7.80,312.00,3,23.40,6972933566080
599,24,187.20,59,460.20,35,7.80,273.00,0,0.00,6972933566073
600,0,0.00,19,148.20,19,7.80,148.20,0,0.00,6972933566097
601,0,0.00,31,263.50,40,8.50,340.00,9,76.50,6972933562761
602,30,276.00,55,506.00,26,9.20,239.20,1,9.20,6972933565557
603,30,276.00,66,607.20,37,9.20,340.40,1,9.20,6972933565540
604,0,0.00,92,644.00,102,7.00,714.00,10,70.00,6972933562051
605,0,0.00,16,128.00,20,8.00,160.00,4,32.00,6972933562884
606,0,0.00,11,154.00,14,14.00,196.00,3,42.00,6972933566226
607,0,0.00,-1,-8.00,0,8.00,0.00,1,8.00,6972933562891
608,0,0.00,32,480.00,37,15.00,555.00,5,75.00,6972933561467
609,36,338.40,46,432.40,14,9.40,131.60,4,37.60,6972933566035
610,0,0.00,1,14.00,3,14.00,42.00,2,28.00,6972933563706
611,24,348.00,24,348.00,6,14.50,87.00,6,87.00,4897038896271
612,0,0.00,9,97.20,9,10.80,97.20,0,0.00,4897038895861
613,0,0.00,13,140.40,13,10.80,140.40,0,0.00,4897038895847
614,0,0.00,12,129.60,12,10.80,129.60,0,0.00,4897038895854
615,24,348.00,27,391.50,5,14.50,72.50,2,29.00,4897038896288
616,24,348.00,38,551.00,17,14.50,246.50,3,43.50,4897038896264
617,0,0.00,16,112.00,19,7.00,133.00,3,21.00,4897038895816
618,30,210.00,28,196.00,3,7.00,21.00,5,35.00,4897038895809
628,0,0.00,76,456.00,82,6.00,492.00,6,36.00,6972535520893
629,0,0.00,67,402.00,74,6.00,444.00,7,42.00,6972535520886
630,24,240.00,55,550.00,31,10.00,310.00,0,0.00,6972698570100
631,0,0.00,9,72.00,13,8.00,104.00,4,32.00,6972698570216
632,0,0.00,-1,-7.00,-1,7.00,-7.00,0,0.00,6937439920057
633,0,0.00,2,14.00,2,7.00,14.00,0,0.00,6937439920019
634,0,0.00,24,240.00,24,10.00,240.00,0,0.00,6937439915084
635,0,0.00,47,470.00,58,10.00,580.00,11,110.00,6937439915251
636,0,0.00,12,120.00,12,10.00,120.00,0,0.00,6937439915145
637,0,0.00,29,290.00,33,10.00,330.00,4,40.00,6937439914988
638,0,0.00,14,147.00,15,10.50,157.50,1,10.50,6974176260541
639,0,0.00,4,44.00,4,11.00,44.00,0,0.00,6974176260060
640,0,0.00,17,238.00,22,14.00,308.00,5,70.00,6974176260367
641,0,0.00,16,168.00,17,10.50,178.50,1,10.50,6974176260176
642,0,0.00,14,151.20,17,10.80,183.60,3,32.40,6974176260183
643,0,0.00,-1,-64.50,-1,64.50,-64.50,0,0.00,8886001012295
644,0,0.00,1,93.00,1,93.00,93.00,0,0.00,8996001303832
645,24,216.00,38,342.00,17,9.00,153.00,3,27.00,6971791203618
646,0,0.00,5,32.50,5,6.50,32.50,0,0.00,6971791203557
647,0,0.00,19,123.50,21,6.50,136.50,2,13.00,6971791203571
648,0,0.00,7,45.50,8,6.50,52.00,1,6.50,6971791203595
649,0,0.00,5,32.50,7,6.50,45.50,2,13.00,6971791203588
650,0,0.00,31,713.00,34,23.00,782.00,3,69.00,6926507202591
651,0,0.00,8,496.00,11,62.00,682.00,3,186.00,6926507201884
652,0,0.00,6,45.00,6,7.50,45.00,0,0.00,6926507201327
653,0,0.00,1,186.00,1,186.00,186.00,0,0.00,6974432071393
654,0,0.00,14,322.00,15,23.00,345.00,1,23.00,6926507204182
655,0,0.00,5,165.00,5,33.00,165.00,0,0.00,6926507203116
656,0,0.00,292,1314.00,306,4.50,1377.00,14,63.00,6926507202836
657,0,0.00,8,300.00,9,37.50,337.50,1,37.50,6926507201594
667,0,0.00,-3,-55.71,-2,18.57,-37.14,1,18.57,6926507201143
668,30,360.00,28,336.00,0,12.00,0.00,2,24.00,6926507202430
669,20,440.00,19,418.00,0,22.00,0.00,1,22.00,6926507202379
670,0,0.00,83,3901.00,83,47.00,3901.00,0,0.00,6926507202423
671,0,0.00,20,940.00,21,47.00,987.00,1,47.00,6926507204991
672,0,0.00,4,219.64,4,54.91,219.64,0,0.00,6974432070952
673,20,350.00,31,542.50,11,17.50,192.50,0,0.00,6926507299881
674,0,0.00,15,1182.00,15,78.80,1182.00,0,0.00,6974432070853
675,0,0.00,14,322.00,15,23.00,345.00,1,23.00,6926507204342
676,0,0.00,7,128.31,7,18.33,128.31,0,0.00,6974432070938
677,0,0.00,11,308.00,15,28.00,420.00,4,112.00,6926507202300
678,0,0.00,19,171.00,19,9.00,171.00,0,0.00,4897045427802
679,0,0.00,6,54.00,6,9.00,54.00,0,0.00,4897045427772
680,0,0.00,4,88.00,8,22.00,176.00,4,88.00,4897031353603
681,0,0.00,21,588.00,21,28.00,588.00,0,0.00,4897031352385
682,0,0.00,17,374.00,18,22.00,396.00,1,22.00,4897031353597
683,0,0.00,26,754.00,27,29.00,783.00,1,29.00,4897031352422
684,0,0.00,16,448.00,16,28.00,448.00,0,0.00,4897031352446
685,0,0.00,5,110.00,5,22.00,110.00,0,0.00,4897031353610
686,0,0.00,10,290.00,10,29.00,290.00,0,0.00,4897031352477
687,0,0.00,67,770.50,67,11.50,770.50,0,0.00,8996001303481
688,0,0.00,15,285.00,16,19.00,304.00,1,19.00,9588552312266
689,0,0.00,8,90.48,9,11.31,101.79,1,11.31,9588552337474
690,12,237.60,10,198.00,5,19.80,99.00,7,138.60,9588552304506
691,0,0.00,10,145.00,10,14.50,145.00,0,0.00,9588552329103
692,0,0.00,1,14.50,1,14.50,14.50,0,0.00,9588552329110
693,0,0.00,17,258.57,18,15.21,273.78,1,15.21,9588552334954
694,0,0.00,17,258.57,17,15.21,258.57,0,0.00,9588552334961
695,0,0.00,10,152.10,11,15.21,167.31,1,15.21,9588552334978
696,0,0.00,2,28.08,2,14.04,28.08,0,0.00,9588552337535
706,0,0.00,4,56.16,4,14.04,56.16,0,0.00,9588552337542
707,0,0.00,7,102.41,7,14.63,102.41,0,0.00,9588552338389
708,0,0.00,31,697.50,32,22.50,720.00,1,22.50,9588552302854
709,0,0.00,16,149.76,16,9.36,149.76,0,0.00,9588552335555
710,24,336.96,53,744.12,31,14.04,435.24,2,28.08,9588552337528
711,0,0.00,24,336.96,32,14.04,449.28,8,112.32,9588552335135
712,0,0.00,34,477.36,37,14.04,519.48,3,42.12,9588552335128
713,0,0.00,20,450.00,20,22.50,450.00,0,0.00,9588552302861
714,40,1240.00,83,2573.00,46,31.00,1426.00,3,93.00,9588552337498
715,0,0.00,17,204.00,22,12.00,264.00,5,60.00,9588552322821
716,0,0.00,23,437.00,26,19.00,494.00,3,57.00,9588552305312
717,0,0.00,12,144.00,13,12.00,156.00,1,12.00,9588552314338
718,20,226.20,28,316.68,15,11.31,169.65,7,79.17,9588552337450
719,0,0.00,6,120.00,6,20.00,120.00,0,0.00,9588552338983
720,0,0.00,25,262.50,26,10.50,273.00,1,10.50,9588552333902
721,0,0.00,9,94.50,9,10.50,94.50,0,0.00,9588552333896
722,0,0.00,33,528.00,34,16.00,544.00,1,16.00,9588552305725
723,0,0.00,-1,-11.00,0,11.00,0.00,1,11.00,9588552334251
724,0,0.00,12,132.00,13,11.00,143.00,1,11.00,9588552334268
725,0,0.00,19,209.00,21,11.00,231.00,2,22.00,9588552334244
726,24,240.00,37,370.00,18,10.00,180.00,5,50.00,9588552322692
727,24,240.00,29,290.00,13,10.00,130.00,8,80.00,9588552322708
728,0,0.00,7,133.00,8,19.00,152.00,1,19.00,9588552312259
729,0,0.00,6,72.00,7,12.00,84.00,1,12.00,9588552314123
730,0,0.00,58,1276.00,58,22.00,1276.00,0,0.00,9588552320360
731,0,0.00,18,216.00,24,12.00,288.00,6,72.00,9588552332912
732,0,0.00,25,300.00,35,12.00,420.00,10,120.00,6952675390211
733,0,0.00,14,196.00,18,14.00,252.00,4,56.00,6952675340735
734,0,0.00,47,493.50,50,10.50,525.00,3,31.50,6952675337735
735,23,294.40,21,268.80,9,12.80,115.20,11,140.80,6952675329938
745,30,570.00,48,912.00,31,19.00,589.00,13,247.00,6952675329921
746,0,0.00,17,442.00,32,26.00,832.00,15,390.00,6952675321123
747,0,0.00,9,117.00,17,13.00,221.00,8,104.00,6952675319915
748,0,0.00,7,91.00,7,13.00,91.00,0,0.00,6952675311315
749,0,0.00,1,10.50,2,10.50,21.00,1,10.50,6971827490623
750,0,0.00,11,63.80,12,5.80,69.60,1,5.80,4897082059974
751,0,0.00,16,92.80,18,5.80,104.40,2,11.60,4897082059998
752,0,0.00,19,475.00,19,25.00,475.00,0,0.00,6953042701548
753,0,0.00,10,250.00,10,25.00,250.00,0,0.00,6953042701531
754,0,0.00,7,175.00,7,25.00,175.00,0,0.00,6953042701524
755,0,0.00,1,21.73,2,21.73,43.46,1,21.73,4014400400007
756,0,0.00,10,145.00,12,14.50,174.00,2,29.00,653314503486
757,0,0.00,7,101.50,12,14.50,174.00,5,72.50,653314503493
758,0,0.00,13,182.00,16,14.00,224.00,3,42.00,6970631040109
759,30,420.00,44,616.00,16,14.00,224.00,2,28.00,6970631040123
760,0,0.00,8,112.00,11,14.00,154.00,3,42.00,6970631040130
761,0,0.00,17,323.00,17,19.00,323.00,0,0.00,8000380140565
762,0,0.00,12,228.00,12,19.00,228.00,0,0.00,8000380005963
763,0,0.00,13,247.00,13,19.00,247.00,0,0.00,8000380005949
764,0,0.00,12,228.00,12,19.00,228.00,0,0.00,8000380005918
765,0,0.00,159,842.70,162,5.30,858.60,3,15.90,6922621132783
766,0,0.00,22,253.00,22,11.50,253.00,0,0.00,6972508380738
767,0,0.00,13,149.50,15,11.50,172.50,2,23.00,6972508380417
768,0,0.00,23,264.50,23,11.50,264.50,0,0.00,6972508380615
769,0,0.00,29,435.00,29,15.00,435.00,0,0.00,6975048660827
770,0,0.00,55,825.00,57,15.00,855.00,2,30.00,6975048660810
771,40,960.00,92,2208.00,60,24.00,1440.00,8,192.00,6975048660834
772,0,0.00,52,676.00,55,13.00,715.00,3,39.00,6973968810094
773,0,0.00,47,611.00,49,13.00,637.00,2,26.00,6973968810988
774,0,0.00,51,1351.50,54,26.50,1431.00,3,79.50,6973968810063
784,0,0.00,30,360.00,30,12.00,360.00,0,0.00,6941174499617
785,0,0.00,29,348.00,32,12.00,384.00,3,36.00,6941174499631
786,0,0.00,37,325.60,38,8.80,334.40,1,8.80,6941174497156
787,0,0.00,38,334.40,39,8.80,343.20,1,8.80,6941174497149
788,0,0.00,9,355.50,10,39.50,395.00,1,39.50,6941174497026
789,0,0.00,16,632.00,16,39.50,632.00,0,0.00,6941174497033
790,0,0.00,7,70.00,7,10.00,70.00,0,0.00,6947705607896
791,0,0.00,9,90.00,9,10.00,90.00,0,0.00,6947705607889
792,0,0.00,13,130.00,13,10.00,130.00,0,0.00,6947705607919
793,12,330.00,13,357.50,3,27.50,82.50,2,55.00,6947705608107
794,0,0.00,77,539.00,77,7.00,539.00,0,0.00,6975475660254
795,0,0.00,37,333.00,41,9.00,369.00,4,36.00,6941025701999
796,0,0.00,41,369.00,44,9.00,396.00,3,27.00,6941025701968
797,0,0.00,51,459.00,53,9.00,477.00,2,18.00,6941025701975
798,0,0.00,36,468.00,44,13.00,572.00,8,104.00,6975287200020
799,20,480.00,33,792.00,14,24.00,336.00,1,24.00,6901333980196
800,0,0.00,16,656.00,16,41.00,656.00,0,0.00,4014400924268
801,0,0.00,8,880.00,8,110.00,880.00,0,0.00,4014400470055
802,0,0.00,2,40.00,2,20.00,40.00,0,0.00,6975035340015
803,20,330.00,26,429.00,9,16.50,148.50,3,49.50,6935036401603
804,20,376.00,31,582.80,13,18.80,244.40,2,37.60,6935036401597
805,20,350.00,21,367.50,5,17.50,87.50,4,70.00,6935036401580
806,0,0.00,9,91.80,11,10.20,112.20,2,20.40,6935036401849
807,0,0.00,12,122.40,12,10.20,122.40,0,0.00,6935036401832
808,12,112.80,15,141.00,5,9.40,47.00,2,18.80,6935036401306
809,0,0.00,34,833.00,36,24.50,882.00,2,49.00,6974856040098
810,0,0.00,33,808.50,39,24.50,955.50,6,147.00,6974856040081
811,0,0.00,44,792.00,47,18.00,846.00,3,54.00,4897038890972
812,0,0.00,34,612.00,36,18.00,648.00,2,36.00,4897038890965
813,0,0.00,9,139.50,9,15.50,139.50,0,0.00,4897038894598
823,0,0.00,15,232.50,15,15.50,232.50,0,0.00,4897038894604
824,0,0.00,11,154.00,13,14.00,182.00,2,28.00,4897038892327
825,0,0.00,4,56.00,4,14.00,56.00,0,0.00,4897038892303
826,0,0.00,24,288.00,24,12.00,288.00,0,0.00,4897038892365
827,0,0.00,33,396.00,34,12.00,408.00,1,12.00,4897038892372
828,0,0.00,15,127.50,19,8.50,161.50,4,34.00,4897038893379
829,0,0.00,17,144.50,22,8.50,187.00,5,42.50,4897038893362
830,0,0.00,9,76.50,13,8.50,110.50,4,34.00,4897038892761
831,0,0.00,72,612.00,76,8.50,646.00,4,34.00,4897038892754
832,0,0.00,20,310.00,20,15.50,310.00,0,0.00,4897038894888
833,0,0.00,14,217.00,14,15.50,217.00,0,0.00,4897038894871
834,0,0.00,22,1012.00,26,46.00,1196.00,4,184.00,8809022200885
835,0,0.00,19,275.50,25,14.50,362.50,6,87.00,6971657870503
836,0,0.00,27,391.50,30,14.50,435.00,3,43.50,6971657870893
837,0,0.00,31,449.50,32,14.50,464.00,1,14.50,6971657870343
838,0,0.00,31,201.50,32,6.50,208.00,1,6.50,6971426300491
839,60,390.00,145,942.50,92,6.50,598.00,7,45.50,6971426300477
840,0,0.00,36,388.80,36,10.80,388.80,0,0.00,4897076061167
841,0,0.00,28,302.40,33,10.80,356.40,5,54.00,4897076061181
842,0,0.00,22,209.00,22,9.50,209.00,0,0.00,9555118659523
843,0,0.00,18,171.00,19,9.50,180.50,1,9.50,9555118659530
844,0,0.00,54,540.00,54,10.00,540.00,0,0.00,6971992140019
845,0,0.00,8,88.00,9,11.00,99.00,1,11.00,4897076062379
846,0,0.00,5,55.00,7,11.00,77.00,2,22.00,4897076062393
847,0,0.00,5,85.00,6,17.00,102.00,1,17.00,6904432813037
848,0,0.00,11,291.50,12,26.50,318.00,1,26.50,6905014000081
849,0,0.00,18,450.00,20,25.00,500.00,2,50.00,6905014000890
850,0,0.00,21,451.50,22,21.50,473.00,1,21.50,6973768111179
851,0,0.00,21,504.00,21,24.00,504.00,0,0.00,6956432610093
852,0,0.00,35,840.00,35,24.00,840.00,0,0.00,6956432610079
862,0,0.00,7,80.50,9,11.50,103.50,2,23.00,4897119860832
863,0,0.00,23,264.50,26,11.50,299.00,3,34.50,4897119860825
864,0,0.00,1,13.60,2,13.60,27.20,1,13.60,4710484398970
865,0,0.00,10,250.00,11,25.00,275.00,1,25.00,4979365122725
866,0,0.00,15,495.00,17,33.00,561.00,2,66.00,6971062129289
867,0,0.00,23,759.00,23,33.00,759.00,0,0.00,6971062129296
868,0,0.00,19,475.00,19,25.00,475.00,0,0.00,4979365122732
869,32,1472.00,46,2116.00,15,46.00,690.00,1,46.00,6971062128855
870,0,0.00,5,125.00,6,25.00,150.00,1,25.00,4979365122718
871,0,0.00,1,250.50,1,250.50,250.50,0,0.00,4979365122121
872,0,0.00,13,3256.50,13,250.50,3256.50,0,0.00,4979365122138
873,0,0.00,19,205.20,20,10.80,216.00,1,10.80,6975840950034
874,0,0.00,19,205.20,21,10.80,226.80,2,21.60,6975840950058
875,0,0.00,20,216.00,23,10.80,248.40,3,32.40,6975840950041
876,30,360.00,39,468.00,10,12.00,120.00,1,12.00,6975840950089
877,0,0.00,18,216.00,19,12.00,228.00,1,12.00,6975840950096
878,0,0.00,21,493.50,22,23.50,517.00,1,23.50,6975840950065
879,0,0.00,60,1374.00,60,22.90,1374.00,0,0.00,6975840950072
880,0,0.00,56,3584.00,61,64.00,3904.00,5,320.00,6970480320292
881,30,2010.00,60,4020.00,36,67.00,2412.00,6,402.00,6948042400034
882,0,0.00,30,2010.00,33,67.00,2211.00,3,201.00,6948042403929
883,60,3360.00,96,5376.00,46,56.00,2576.00,10,560.00,6948042400027
886,50,1550.00,41,1271.00,0,31.00,0.00,9,279.00,6921555521236
888,0,0.00,15,2610.00,21,174.00,3654.00,6,1044.00,8412253001437
889,0,0.00,11,1023.00,11,93.00,1023.00,0,0.00,6909931247116
890,0,0.00,20,1680.00,20,84.00,1680.00,0,0.00,6909931010055
891,0,0.00,17,1428.00,18,84.00,1512.00,1,84.00,6909931264151
901,0,0.00,6,420.00,7,70.00,490.00,1,70.00,6926650313151
902,0,0.00,10,640.00,11,64.00,704.00,1,64.00,6926650331483
903,0,0.00,8,1272.00,8,159.00,1272.00,0,0.00,6926650331469
906,0,0.00,85,391.00,88,4.60,404.80,3,13.80,6926410320214
907,60,276.00,52,239.20,0,4.60,0.00,8,36.80,6926410321501
908,60,276.00,71,326.60,15,4.60,69.00,4,18.40,6926410330954
909,12,192.00,14,224.00,6,16.00,96.00,4,64.00,6971885311816
910,12,192.00,12,192.00,0,16.00,0.00,0,0.00,6971885311830
911,0,0.00,9,144.00,11,16.00,176.00,2,32.00,6971885311892
912,0,0.00,39,390.00,46,10.00,460.00,7,70.00,6971284201244
913,60,600.00,90,900.00,42,10.00,420.00,12,120.00,6971284201206
914,24,168.00,44,308.00,25,7.00,175.00,5,35.00,6971284201220
915,36,205.20,65,370.50,30,5.70,171.00,1,5.70,6941541006349
916,0,0.00,27,121.50,28,4.50,126.00,1,4.50,6941541002068
917,0,0.00,70,315.00,70,4.50,315.00,0,0.00,6941541002099
918,24,136.80,39,222.30,16,5.70,91.20,1,5.70,6941541005236
919,0,0.00,45,202.50,46,4.50,207.00,1,4.50,6941541002129
920,0,0.00,46,207.00,46,4.50,207.00,0,0.00,6941541005175
921,24,136.80,42,239.40,18,5.70,102.60,0,0.00,6941541002655
922,50,425.00,106,901.00,58,8.50,493.00,2,17.00,6972779770023
923,50,425.00,79,671.50,39,8.50,331.50,10,85.00,6972779770016
924,0,0.00,47,728.50,52,15.50,806.00,5,77.50,6971807592699
925,0,0.00,44,682.00,52,15.50,806.00,8,124.00,6971807593382
926,48,744.00,62,961.00,18,15.50,279.00,4,62.00,6971807593764
927,0,0.00,8,92.00,8,11.50,92.00,0,0.00,6973559802309
928,0,0.00,161,2495.50,165,15.50,2557.50,4,62.00,6920509001251
929,0,0.00,65,1612.00,73,24.80,1810.40,8,198.40,6920509001404
940,120,684.00,265,1510.50,232,5.70,1322.40,87,495.90,8859015700168
941,0,0.00,252,1839.60,252,7.30,1839.60,0,0.00,6937003701341
942,120,252.00,240,504.00,121,2.10,254.10,1,2.10,6936571950052
943,0,0.00,30,54.00,56,1.80,100.80,26,46.80,6922255447833
944,0,0.00,114,376.20,114,3.30,376.20,0,0.00,6903004568658
945,120,264.00,60,132.00,97,2.20,213.40,157,345.40,6903004568511
946,0,0.00,1,4.40,5,4.40,22.00,4,17.60,6974906990595
947,0,0.00,9,39.60,12,4.40,52.80,3,13.20,6974906990588
948,0,0.00,66,231.00,68,3.50,238.00,2,7.00,6974800840286
949,40,140.00,66,231.00,27,3.50,94.50,1,3.50,6974800840330
950,0,0.00,34,170.00,35,5.00,175.00,1,5.00,6970399927247
951,0,0.00,12,60.00,45,5.00,225.00,33,165.00,6970399922365
952,0,0.00,23,115.00,57,5.00,285.00,34,170.00,6970399922518
953,0,0.00,67,268.00,97,4.00,388.00,30,120.00,6921168558025
954,0,0.00,33,132.00,50,4.00,200.00,17,68.00,6921168558018
955,0,0.00,69,276.00,103,4.00,412.00,34,136.00,6921168558049
956,0,0.00,28,117.60,29,4.20,121.80,1,4.20,6921168596348
957,0,0.00,22,88.00,39,4.00,156.00,17,68.00,6921168558032
958,45,216.00,78,374.40,50,4.80,240.00,17,81.60,6974878230101
959,24,110.40,27,124.20,3,4.60,13.80,0,0.00,6973497200199
960,0,0.00,9,41.40,9,4.60,41.40,0,0.00,6973497200212
961,24,110.40,32,147.20,12,4.60,55.20,4,18.40,6973497200205
962,12,162.00,26,351.00,19,13.50,256.50,5,67.50,6973497200045
963,12,162.00,24,324.00,19,13.50,256.50,7,94.50,6973497200052
964,45,207.00,113,519.80,88,4.60,404.80,20,92.00,6973497202360
965,45,207.00,100,460.00,64,4.60,294.40,9,41.40,6973497202940
966,30,150.00,67,335.00,37,5.00,185.00,0,0.00,6973497200311
967,30,150.00,52,260.00,42,5.00,210.00,20,100.00,6973497200304
968,0,0.00,18,90.00,18,5.00,90.00,0,0.00,6973497200298
969,45,207.00,131,602.60,89,4.60,409.40,3,13.80,6973497202346
979,48,388.80,46,372.60,0,8.10,0.00,2,16.20,6971836970444
980,0,0.00,37,299.70,37,8.10,299.70,0,0.00,6971836970215
981,0,0.00,63,315.00,64,5.00,320.00,1,5.00,6973782440347
982,0,0.00,48,240.00,48,5.00,240.00,0,0.00,6973782440149
983,0,0.00,20,100.00,20,5.00,100.00,0,0.00,6973782440125
984,0,0.00,67,375.20,67,5.60,375.20,0,0.00,6972537684784
985,0,0.00,70,392.00,70,5.60,392.00,0,0.00,6972537681233
986,0,0.00,18,230.40,21,12.80,268.80,3,38.40,6923555210462
987,0,0.00,11,140.80,13,12.80,166.40,2,25.60,6923555210479
988,0,0.00,20,256.00,23,12.80,294.40,3,38.40,6923555212749
989,0,0.00,192,748.80,192,3.90,748.80,0,0.00,6944839956852
990,0,0.00,36,140.40,37,3.90,144.30,1,3.90,6944839992065
991,0,0.00,8,46.40,10,5.80,58.00,2,11.60,6954767401836
992,0,0.00,-5,-29.00,-5,5.80,-29.00,0,0.00,6954767401850
993,0,0.00,28,162.40,28,5.80,162.40,0,0.00,6954767401874
994,30,144.00,16,76.80,7,4.80,33.60,21,100.80,6972863230105
995,0,0.00,23,108.10,23,4.70,108.10,0,0.00,6972863230259
996,0,0.00,23,161.00,23,7.00,161.00,0,0.00,8859546600098
997,24,168.00,24,168.00,1,7.00,7.00,1,7.00,8855044006684
998,24,168.00,37,259.00,15,7.00,105.00,2,14.00,8855044004628
999,30,129.00,40,172.00,11,4.30,47.30,1,4.30,6902538004045
1000,0,0.00,13,55.90,15,4.30,64.50,2,8.60,6902538005141
1001,30,129.00,38,163.40,9,4.30,38.70,1,4.30,6902538004052
1002,0,0.00,265,609.50,265,2.30,609.50,0,0.00,6938309713885
1003,0,0.00,27,62.10,33,2.30,75.90,6,13.80,6938309700526
1004,0,0.00,2,13.00,7,6.50,45.50,5,32.50,6971196385179
1005,0,0.00,12,78.00,30,6.50,195.00,18,117.00,6971196385070
1006,0,0.00,52,338.00,57,6.50,370.50,5,32.50,6971196385162
1007,180,1170.00,349,2268.50,219,6.50,1423.50,50,325.00,6973852490005
1008,0,0.00,0,0.00,11,6.60,72.60,11,72.60,6921168593804
1018,0,0.00,11,33.00,13,3.00,39.00,2,6.00,6921168594993
1019,0,0.00,36,82.80,36,2.30,82.80,0,0.00,6921168595143
1020,0,0.00,226,1536.80,226,6.80,1536.80,0,0.00,6921168597123
1021,0,0.00,11,33.00,13,3.00,39.00,2,6.00,6921168595006
1022,0,0.00,94,112.80,167,1.20,200.40,73,87.60,6921168511280
1023,0,0.00,45,337.50,58,7.50,435.00,13,97.50,6921168559176
1024,0,0.00,120,156.00,168,1.30,218.40,48,62.40,6921168509256
1025,0,0.00,41,328.00,45,8.00,360.00,4,32.00,6921168594726
1026,0,0.00,32,256.00,34,8.00,272.00,2,16.00,6921168594733
1027,0,0.00,32,256.00,32,8.00,256.00,0,0.00,6921168594740
1028,0,0.00,12,49.20,19,4.10,77.90,7,28.70,6921168500956
1029,0,0.00,70,511.00,89,7.30,649.70,19,138.70,6937003701327
1030,0,0.00,22,110.00,22,5.00,110.00,0,0.00,6917878036847
1031,0,0.00,-16,-80.00,-14,5.00,-70.00,2,10.00,6917878030623
1032,0,0.00,75,390.00,75,5.20,390.00,0,0.00,6917878075341
1033,0,0.00,21,109.20,21,5.20,109.20,0,0.00,6917878062952
1034,0,0.00,16,76.80,16,4.80,76.80,0,0.00,4904910060320
1035,0,0.00,13,149.50,14,11.50,161.00,1,11.50,6943851102674
1036,0,0.00,17,195.50,19,11.50,218.50,2,23.00,6943851102780
1037,45,171.00,87,330.60,61,3.80,231.80,19,72.20,6972549660134
1038,0,0.00,1024,6144.00,1042,6.00,6252.00,18,108.00,6972549660035
1039,45,189.00,81,340.20,39,4.20,163.80,3,12.60,6972549660929
1040,0,0.00,95,389.50,99,4.10,405.90,4,16.40,6972549661254
1041,45,189.00,34,142.80,20,4.20,84.00,31,130.20,6972549660677
1042,45,189.00,95,399.00,68,4.20,285.60,18,75.60,6972549660905
1043,0,0.00,43,163.40,59,3.80,224.20,16,60.80,6972549660097
1044,150,600.00,145,580.00,29,4.00,116.00,34,136.00,6935498308793
1045,0,0.00,72,576.00,72,8.00,576.00,0,0.00,6971836970055
1046,0,0.00,24,192.00,26,8.00,208.00,2,16.00,6971836970123
1047,0,0.00,5,40.00,5,8.00,40.00,0,0.00,6971836970086
1057,24,240.00,41,410.00,20,10.00,200.00,3,30.00,6901818460878
1058,24,192.00,36,288.00,17,8.00,136.00,5,40.00,4891028707899
1059,0,0.00,0,0.00,15,4.00,60.00,15,60.00,6954767422688
1060,0,0.00,16,104.00,17,6.50,110.50,1,6.50,6974348720002
1061,0,0.00,12,55.20,12,4.60,55.20,0,0.00,6974348720972
1062,0,0.00,20,130.00,37,6.50,240.50,17,110.50,6974348720392
1063,0,0.00,58,377.00,62,6.50,403.00,4,26.00,6974348720019
1064,0,0.00,9,41.40,9,4.60,41.40,0,0.00,6974348721023
1065,72,151.20,115,241.50,53,2.10,111.30,10,21.00,6954767430386
1066,24,295.20,52,639.60,38,12.30,467.40,10,123.00,6901347880390
1067,72,288.00,159,636.00,87,4.00,348.00,0,0.00,6957735788861
1068,0,0.00,1,3.50,1,3.50,3.50,0,0.00,6926892566087
1069,0,0.00,32,112.00,32,3.50,112.00,0,0.00,6926892565080
1070,0,0.00,17,59.50,18,3.50,63.00,1,3.50,6926892568081
1071,0,0.00,23,80.50,25,3.50,87.50,2,7.00,6926892501033
1072,0,0.00,28,616.00,46,22.00,1012.00,18,396.00,6975131550721
1073,0,0.00,11,50.60,28,4.60,128.80,17,78.20,6975176782460
1074,0,0.00,6,25.20,6,4.20,25.20,0,0.00,6970399920439
1075,0,0.00,50,210.00,65,4.20,273.00,15,63.00,6970399920415
1076,0,0.00,2,9.20,2,4.60,9.20,0,0.00,6975176782477
1077,0,0.00,54,248.40,54,4.60,248.40,0,0.00,6970399920118
1078,0,0.00,33,138.60,33,4.20,138.60,0,0.00,6970399923096
1079,0,0.00,-14,-72.80,-13,5.20,-67.60,1,5.20,6970399921092
1082,0,0.00,28,210.00,32,7.50,240.00,4,30.00,6911569140158
1083,0,0.00,24,288.00,25,12.00,300.00,1,12.00,6911569126411
1084,0,0.00,8,30.40,20,3.80,76.00,12,45.60,6924640202225
1085,0,0.00,18,192.60,22,10.70,235.40,4,42.80,6911569014145
1086,0,0.00,14,231.00,16,16.50,264.00,2,33.00,6911569506848
1096,0,0.00,35,665.00,41,19.00,779.00,6,114.00,6911569113497
1097,0,0.00,0,0.00,3,10.50,31.50,3,31.50,6911569132313
1098,0,0.00,5,100.00,7,20.00,140.00,2,40.00,6911569200289
1099,0,0.00,16,192.00,20,12.00,240.00,4,48.00,6911569126398
1100,0,0.00,12,198.00,29,16.50,478.50,17,280.50,6911569009943
1101,0,0.00,37,703.00,52,19.00,988.00,15,285.00,6911569114456
1102,0,0.00,19,342.00,28,18.00,504.00,9,162.00,6911569145061
1103,0,0.00,8,144.00,8,18.00,144.00,0,0.00,6911569202573
1104,0,0.00,8,88.00,8,11.00,88.00,0,0.00,6911569011229
1106,0,0.00,13,100.10,22,7.70,169.40,9,69.30,6923450662106
1107,0,0.00,20,270.00,21,13.50,283.50,1,13.50,4894375022547
1108,0,0.00,27,297.00,33,11.00,363.00,6,66.00,4894375011008
1109,0,0.00,13,130.00,14,10.00,140.00,1,10.00,4713507008337
1110,0,0.00,23,310.50,25,13.50,337.50,2,27.00,4894375022530
1111,0,0.00,5,50.00,6,10.00,60.00,1,10.00,4713507008344
1112,0,0.00,17,170.00,17,10.00,170.00,0,0.00,4713507023538
1113,0,0.00,15,142.50,16,9.50,152.00,1,9.50,029173092964
1114,0,0.00,8,76.00,8,9.50,76.00,0,0.00,029173094241
1115,0,0.00,17,161.50,18,9.50,171.00,1,9.50,029173092971
1116,0,0.00,17,161.50,17,9.50,161.50,0,0.00,029173092957
1117,0,0.00,8,76.00,8,9.50,76.00,0,0.00,029173093145
1118,0,0.00,23,230.00,23,10.00,230.00,0,0.00,8935024141854
1119,0,0.00,18,180.00,18,10.00,180.00,0,0.00,8935024141847
1120,0,0.00,15,150.00,24,10.00,240.00,9,90.00,8935024140147
1121,0,0.00,42,546.00,44,13.00,572.00,2,26.00,6914973601567
1122,0,0.00,5,195.00,5,39.00,195.00,0,0.00,8807920893475
1123,0,0.00,13,351.00,14,27.00,378.00,1,27.00,8809420330740
1124,0,0.00,25,212.50,27,8.50,229.50,2,17.00,3185610001139
1125,0,0.00,30,255.00,30,8.50,255.00,0,0.00,3185610001115
1135,0,0.00,66,627.00,69,9.50,655.50,3,28.50,6948939602404
1136,0,0.00,34,289.00,35,8.50,297.50,1,8.50,6948939602572
1137,0,0.00,115,1092.50,119,9.50,1130.50,4,38.00,6948939602381
1138,0,0.00,36,352.80,38,9.80,372.40,2,19.60,6948939608208
1139,0,0.00,8,51.20,8,6.40,51.20,0,0.00,6901845041248
1140,0,0.00,17,108.80,17,6.40,108.80,0,0.00,6901845040968
1141,0,0.00,8,51.20,9,6.40,57.60,1,6.40,6901845040692
1142,0,0.00,0,0.00,1,6.40,6.40,1,6.40,6901845040685
1143,0,0.00,6,38.40,8,6.40,51.20,2,12.80,6901845040951
1144,0,0.00,28,285.60,35,10.20,357.00,7,71.40,6923668390075
1145,0,0.00,36,367.20,42,10.20,428.40,6,61.20,6923668390181
1146,0,0.00,35,595.00,40,17.00,680.00,5,85.00,6918598028105
1147,0,0.00,23,230.00,23,10.00,230.00,0,0.00,6937451831256
1148,0,0.00,30,330.00,30,11.00,330.00,0,0.00,6937451883088
1149,0,0.00,2,23.00,3,11.50,34.50,1,11.50,6937451883118
1150,0,0.00,10,140.00,10,14.00,140.00,0,0.00,6937451883248
1151,0,0.00,18,252.00,19,14.00,266.00,1,14.00,6937451883231
1152,0,0.00,1,230.00,1,230.00,230.00,0,0.00,6903757061017
1153,0,0.00,44,572.00,48,13.00,624.00,4,52.00,6914973200685
1154,0,0.00,5,155.00,9,31.00,279.00,4,124.00,6914973604223
1155,0,0.00,4,122.00,7,30.50,213.50,3,91.50,6914973206106
1156,0,0.00,23,713.00,23,31.00,713.00,0,0.00,6914973604278
1157,0,0.00,32,992.00,34,31.00,1054.00,2,62.00,6914973604230
1158,0,0.00,3,126.00,7,42.00,294.00,4,168.00,6914973300828
1159,0,0.00,40,540.00,46,13.50,621.00,6,81.00,6931802400078
1160,0,0.00,32,432.00,47,13.50,634.50,15,202.50,6931802400047
1161,0,0.00,11,125.40,12,11.40,136.80,1,11.40,4897044644613
1162,0,0.00,19,503.50,19,26.50,503.50,0,0.00,6923607116667
1163,0,0.00,36,954.00,36,26.50,954.00,0,0.00,6923607116629
1164,0,0.00,3,19.50,3,6.50,19.50,0,0.00,6947929617169
1174,0,0.00,37,166.50,40,4.50,180.00,3,13.50,6954003201299
1175,0,0.00,214,1776.20,229,8.30,1900.70,15,124.50,80050278
1176,0,0.00,30,561.00,31,18.70,579.70,1,18.70,9556023986476
1177,0,0.00,9,168.30,12,18.70,224.40,3,56.10,9556023875985
1178,0,0.00,11,104.50,11,9.50,104.50,0,0.00,6940188801577
1179,0,0.00,13,123.50,15,9.50,142.50,2,19.00,6940188801560
1180,0,0.00,20,200.00,21,10.00,210.00,1,10.00,6940188801607
1181,0,0.00,23,230.00,34,10.00,340.00,11,110.00,6940188801638
1182,0,0.00,2,20.00,3,10.00,30.00,1,10.00,6940188801591
1183,0,0.00,16,352.00,16,22.00,352.00,0,0.00,4897025883499
1184,0,0.00,5,41.50,11,8.30,91.30,6,49.80,4713507019135
1185,0,0.00,13,107.90,13,8.30,107.90,0,0.00,4713507011535
1186,0,0.00,14,116.20,14,8.30,116.20,0,0.00,4713507019128
1187,0,0.00,8,66.40,11,8.30,91.30,3,24.90,4713507011528
1188,0,0.00,20,608.00,22,30.40,668.80,2,60.80,6971284200063
1189,0,0.00,11,334.40,14,30.40,425.60,3,91.20,6971284200049
1190,0,0.00,82,303.40,84,3.70,310.80,2,7.40,6920907808278
1191,0,0.00,67,247.90,69,3.70,255.30,2,7.40,6920907808179
1192,0,0.00,58,406.00,62,7.00,434.00,4,28.00,6920907809909
1193,0,0.00,49,343.00,55,7.00,385.00,6,42.00,6920907809886
1194,0,0.00,82,574.00,85,7.00,595.00,3,21.00,6920907809862
1195,0,0.00,15,247.50,16,16.50,264.00,1,16.50,6920907801347
1196,0,0.00,17,1156.00,17,68.00,1156.00,0,0.00,6920771613787
1197,0,0.00,5,300.00,5,60.00,300.00,0,0.00,6920771613848
1198,0,0.00,8,600.00,8,75.00,600.00,0,0.00,6920771613763
1199,0,0.00,1,58.00,1,58.00,58.00,0,0.00,6920771613817
1200,0,0.00,95,598.50,101,6.30,636.30,6,37.80,6925843404249
1201,0,0.00,30,330.00,35,11.00,385.00,5,55.00,4894375010995
1202,0,0.00,25,195.00,25,7.80,195.00,0,0.00,9556023788735
1203,0,0.00,8,62.40,9,7.80,70.20,1,7.80,9556023564599
1213,0,0.00,3,23.40,3,7.80,23.40,0,0.00,9556023453480
1214,0,0.00,46,736.00,46,16.00,736.00,0,0.00,6959629805524
1215,0,0.00,33,528.00,36,16.00,576.00,3,48.00,6959629805463
1216,0,0.00,40,232.00,40,5.80,232.00,0,0.00,6959629805395
1217,0,0.00,12,192.00,13,16.00,208.00,1,16.00,6959629805548
1218,0,0.00,26,416.00,28,16.00,448.00,2,32.00,6959629805487
1219,0,0.00,42,243.60,42,5.80,243.60,0,0.00,6959629805418
1220,0,0.00,2,32.00,3,16.00,48.00,1,16.00,6959629805531
1221,0,0.00,37,592.00,39,16.00,624.00,2,32.00,6959629805470
1222,0,0.00,24,139.20,24,5.80,139.20,0,0.00,6959629805401
1223,0,0.00,12,216.00,12,18.00,216.00,0,0.00,9588552322296
1224,0,0.00,10,180.00,12,18.00,216.00,2,36.00,9588552322302
1225,0,0.00,11,110.00,12,10.00,120.00,1,10.00,6971529861257
1226,0,0.00,55,550.00,60,10.00,600.00,5,50.00,6927682700018
1227,0,0.00,15,195.00,15,13.00,195.00,0,0.00,8008620080251
1228,0,0.00,26,338.00,26,13.00,338.00,0,0.00,8008620080244
1229,0,0.00,7,154.00,7,22.00,154.00,0,0.00,7622400006753
1230,0,0.00,18,468.00,19,26.00,494.00,1,26.00,5410081201848
1231,0,0.00,6,138.00,6,23.00,138.00,0,0.00,7622400013935
1232,0,0.00,7,77.00,7,11.00,77.00,0,0.00,8004583711461
1233,0,0.00,14,154.00,14,11.00,154.00,0,0.00,8004583711423
1234,0,0.00,15,165.00,15,11.00,165.00,0,0.00,8004583711416
1235,0,0.00,11,209.00,18,19.00,342.00,7,133.00,6952480000800
1236,0,0.00,3,29.40,6,9.80,58.80,3,29.40,6923976110136
1237,0,0.00,18,176.40,19,9.80,186.20,1,9.80,6923976112161
1238,0,0.00,9,88.20,13,9.80,127.40,4,39.20,6923976181266
1239,0,0.00,34,438.60,38,12.90,490.20,4,51.60,6970209860467
1240,0,0.00,38,490.20,42,12.90,541.80,4,51.60,6970209860221
1241,0,0.00,7,105.00,15,15.00,225.00,8,120.00,6934364814697
1242,0,0.00,23,253.00,24,11.00,264.00,1,11.00,8993175537391
1252,0,0.00,11,242.00,11,22.00,242.00,0,0.00,4897025880689
1253,0,0.00,33,594.00,37,18.00,666.00,4,72.00,6923228400404
1254,0,0.00,27,402.30,27,14.90,402.30,0,0.00,6923228400381
1255,0,0.00,29,522.00,29,18.00,522.00,0,0.00,6923228400817
1256,0,0.00,4,288.00,5,72.00,360.00,1,72.00,6924187892637
1257,0,0.00,7,224.00,9,32.00,288.00,2,64.00,6924187876576
1258,0,0.00,15,420.00,16,28.00,448.00,1,28.00,6924187875333
1259,0,0.00,74,503.20,82,6.80,557.60,8,54.40,6924187851160
1260,0,0.00,2,46.00,3,23.00,69.00,1,23.00,6924187889316
1261,0,0.00,3,69.00,4,23.00,92.00,1,23.00,6924187889309
1262,0,0.00,33,1089.00,35,33.00,1155.00,2,66.00,6924187858725
1263,0,0.00,2,9.20,2,4.60,9.20,0,0.00,6924187858084
1264,0,0.00,20,224.00,22,11.20,246.40,2,22.40,6924187821989
1265,0,0.00,10,123.00,10,12.30,123.00,0,0.00,8854761800537
1266,0,0.00,41,438.70,49,10.70,524.30,8,85.60,6924187821644
1267,0,0.00,24,324.00,30,13.50,405.00,6,81.00,6924187822337
1268,0,0.00,6,126.00,6,21.00,126.00,0,0.00,5410291012760
1269,0,0.00,8,168.00,8,21.00,168.00,0,0.00,5410291012753
1270,0,0.00,18,1080.00,18,60.00,1080.00,0,0.00,7610400068505
1271,0,0.00,2,120.00,2,60.00,120.00,0,0.00,7610400068529
1272,0,0.00,24,348.00,24,14.50,348.00,0,0.00,4000417022004
1273,0,0.00,88,2816.00,91,32.00,2912.00,3,96.00,6974900680560
1274,0,0.00,38,3040.00,42,80.00,3360.00,4,320.00,6974900680270
1275,0,0.00,61,2196.00,63,36.00,2268.00,2,72.00,6974900680737
1276,0,0.00,19,256.50,26,13.50,351.00,7,94.50,6925723002411
1277,0,0.00,15,510.00,16,34.00,544.00,1,34.00,8002650002177
1278,0,0.00,12,900.00,12,75.00,900.00,0,0.00,8002650000807
1279,0,0.00,7,686.00,7,98.00,686.00,0,0.00,8002650000784
1280,0,0.00,39,546.00,39,14.00,546.00,0,0.00,4715219771608
1281,0,0.00,34,476.00,36,14.00,504.00,2,28.00,4715219771615
1291,0,0.00,23,119.60,36,5.20,187.20,13,67.60,6901306180714
1292,0,0.00,24,124.80,25,5.20,130.00,1,5.20,6901306180738
1293,0,0.00,15,78.00,16,5.20,83.20,1,5.20,6901306180707
1294,0,0.00,14,60.20,14,4.30,60.20,0,0.00,8851994612012
1295,0,0.00,25,275.00,27,11.00,297.00,2,22.00,6926972995219
1296,0,0.00,6,66.00,7,11.00,77.00,1,11.00,6926972995226
1297,0,0.00,26,286.00,27,11.00,297.00,1,11.00,6926972995202
1298,0,0.00,34,476.00,36,14.00,504.00,2,28.00,6972636670244
1299,0,0.00,46,644.00,53,14.00,742.00,7,98.00,6972636670237
1300,0,0.00,72,1008.00,79,14.00,1106.00,7,98.00,6972636670213
1301,0,0.00,17,365.50,18,21.50,387.00,1,21.50,6909995101676
1302,0,0.00,18,387.00,19,21.50,408.50,1,21.50,6909995110326
1303,0,0.00,11,121.00,11,11.00,121.00,0,0.00,8032755323730
1304,0,0.00,7,77.00,7,11.00,77.00,0,0.00,8032755323723
1305,0,0.00,11,143.00,12,13.00,156.00,1,13.00,8032755323761
1306,0,0.00,19,570.00,21,30.00,630.00,2,60.00,6959479300422
1307,0,0.00,20,600.00,20,30.00,600.00,0,0.00,6959479300439
1308,0,0.00,15,180.00,15,12.00,180.00,0,0.00,6926419102323
1309,0,0.00,15,180.00,15,12.00,180.00,0,0.00,6926419102330
1310,0,0.00,36,504.00,38,14.00,532.00,2,28.00,4712883837876
1311,0,0.00,33,462.00,35,14.00,490.00,2,28.00,4712883837883
1312,0,0.00,14,112.00,14,8.00,112.00,0,0.00,4712883834264
1313,0,0.00,13,104.00,16,8.00,128.00,3,24.00,4712883834257
1314,0,0.00,2,56.00,4,28.00,112.00,2,56.00,4712764583595
1315,0,0.00,17,153.00,17,9.00,153.00,0,0.00,6924546000802
1316,0,0.00,2,18.00,2,9.00,18.00,0,0.00,6924546000826
1317,0,0.00,43,580.50,45,13.50,607.50,2,27.00,4897025889453
1318,0,0.00,30,960.00,32,32.00,1024.00,2,64.00,4897025882539
1319,0,0.00,28,378.00,33,13.50,445.50,5,67.50,4897025889460
1320,0,0.00,34,323.00,38,9.50,361.00,4,38.00,6920130971879
1330,0,0.00,40,380.00,42,9.50,399.00,2,19.00,6920130971886
1331,0,0.00,10,95.00,10,9.50,95.00,0,0.00,6920130971107
1332,0,0.00,51,382.50,51,7.50,382.50,0,0.00,9555176708478
1333,0,0.00,11,825.00,11,75.00,825.00,0,0.00,9555176704500
1334,0,0.00,19,494.00,19,26.00,494.00,0,0.00,9555176702926
1335,0,0.00,6,156.00,6,26.00,156.00,0,0.00,9555176702889
1336,0,0.00,1,35.00,1,35.00,35.00,0,0.00,9555176702506
1337,0,0.00,3,99.00,3,33.00,99.00,0,0.00,9555176702896
1338,0,0.00,6,234.00,6,39.00,234.00,0,0.00,9555176702353
1339,0,0.00,19,570.00,19,30.00,570.00,0,0.00,6948322700533
1340,0,0.00,22,660.00,22,30.00,660.00,0,0.00,6948322700519
1341,0,0.00,9,270.00,9,30.00,270.00,0,0.00,9555176702759
1342,0,0.00,26,130.00,26,5.00,130.00,0,0.00,6920907808537
1343,0,0.00,22,110.00,24,5.00,120.00,2,10.00,6920907808612
1344,0,0.00,37,185.00,39,5.00,195.00,2,10.00,6920907808575
1345,0,0.00,17,170.00,25,10.00,250.00,8,80.00,6923450656181
1346,0,0.00,15,150.00,20,10.00,200.00,5,50.00,6923450656150
1347,0,0.00,5,50.00,10,10.00,100.00,5,50.00,6923450657935
1348,0,0.00,3,30.00,5,10.00,50.00,2,20.00,6923450657638
1349,0,0.00,41,410.00,49,10.00,490.00,8,80.00,6923450656860
1350,0,0.00,1,22.00,1,22.00,22.00,0,0.00,6973965620450
1351,0,0.00,5,375.00,5,75.00,375.00,0,0.00,4712764583571
1352,0,0.00,8,64.00,8,8.00,64.00,0,0.00,4716076571738
1353,0,0.00,10,80.00,11,8.00,88.00,1,8.00,4716076571745
1354,0,0.00,12,96.00,13,8.00,104.00,1,8.00,4716076571769
1355,0,0.00,10,85.00,12,8.50,102.00,2,17.00,4716076571462
1356,0,0.00,12,102.00,12,8.50,102.00,0,0.00,4716076571455
1357,0,0.00,15,120.00,16,8.00,128.00,1,8.00,4716076571714
1358,0,0.00,0,0.00,1,8.00,8.00,1,8.00,4716076571691
1359,0,0.00,10,80.00,12,8.00,96.00,2,16.00,4716076571707
1369,0,0.00,11,93.50,12,8.50,102.00,1,8.50,4716076571479
1370,0,0.00,35,490.00,37,14.00,518.00,2,28.00,6920153606222
1371,0,0.00,23,322.00,24,14.00,336.00,1,14.00,6920153606215
1372,0,0.00,2,80.00,2,40.00,80.00,0,0.00,9556854006039
1373,0,0.00,6,240.00,8,40.00,320.00,2,80.00,9556854006008
1374,0,0.00,3,37.50,4,12.50,50.00,1,12.50,4897044643081
1375,0,0.00,82,738.00,98,9.00,882.00,16,144.00,6920609900362
1376,0,0.00,4,216.00,6,54.00,324.00,2,108.00,6925785605865
1377,0,0.00,9,279.00,10,31.00,310.00,1,31.00,6925785605797
1378,0,0.00,10,310.00,10,31.00,310.00,0,0.00,6925785605926
1379,0,0.00,4,124.00,5,31.00,155.00,1,31.00,6925785605902
1380,0,0.00,11,297.00,13,27.00,351.00,2,54.00,6925785603441
1381,0,0.00,9,189.00,9,21.00,189.00,0,0.00,6925785605773
1382,0,0.00,12,372.00,12,31.00,372.00,0,0.00,6925785605780
1383,0,0.00,10,270.00,11,27.00,297.00,1,27.00,6925785601898
1384,0,0.00,6,324.00,6,54.00,324.00,0,0.00,6925785605858
1385,0,0.00,45,450.00,45,10.00,450.00,0,0.00,8935024141342
1386,0,0.00,14,560.00,15,40.00,600.00,1,40.00,8935024149669
1387,0,0.00,86,430.00,96,5.00,480.00,10,50.00,6922895401226
1388,0,0.00,0,0.00,2,33.00,66.00,2,66.00,9556121027149
1389,0,0.00,5,44.00,6,8.80,52.80,1,8.80,9556121024025
1390,0,0.00,4,156.00,4,39.00,156.00,0,0.00,9556121027156
1391,0,0.00,4,156.00,5,39.00,195.00,1,39.00,9556121027163
1393,0,0.00,34,442.00,34,13.00,442.00,0,0.00,9415262003972
1394,0,0.00,46,552.00,48,12.00,576.00,2,24.00,4260290260027
1395,0,0.00,18,864.00,18,48.00,864.00,0,0.00,4260290262267
1396,0,0.00,20,240.00,36,12.00,432.00,16,192.00,4260290260010
1397,0,0.00,17,816.00,17,48.00,816.00,0,0.00,4260290260041
1398,0,0.00,11,605.00,11,55.00,605.00,0,0.00,4260290262274
1408,0,0.00,59,708.00,59,12.00,708.00,0,0.00,4260290260034
1409,0,0.00,17,816.00,18,48.00,864.00,1,48.00,4260290263042
1410,0,0.00,18,990.00,18,55.00,990.00,0,0.00,4260290264636
1411,0,0.00,9,508.50,9,56.50,508.50,0,0.00,4260290265190
1412,0,0.00,18,1017.00,18,56.50,1017.00,0,0.00,4260290265206
1413,0,0.00,4,42.00,17,10.50,178.50,13,136.50,9300639500041
1414,0,0.00,47,493.50,47,10.50,493.50,0,0.00,9300639400013
1415,0,0.00,29,348.00,30,12.00,360.00,1,12.00,4100290007089
1416,0,0.00,19,95.00,30,5.00,150.00,11,55.00,5711953044380
1417,0,0.00,21,105.00,28,5.00,140.00,7,35.00,5711953044366
1418,0,0.00,40,480.00,40,12.00,480.00,0,0.00,4100290007096
1419,0,0.00,33,396.00,35,12.00,420.00,2,24.00,4100290007072
1420,0,0.00,21,241.50,21,11.50,241.50,0,0.00,3428271210060
1421,0,0.00,17,1326.00,19,78.00,1482.00,2,156.00,6955801118659
1422,0,0.00,3,45.60,4,15.20,60.80,1,15.20,6904007610542
1423,0,0.00,3,45.00,3,15.00,45.00,0,0.00,6904007607870
1424,0,0.00,3,45.00,3,15.00,45.00,0,0.00,6904007607863
1425,0,0.00,2,30.00,3,15.00,45.00,1,15.00,6904007607856
1426,0,0.00,5,165.00,5,33.00,165.00,0,0.00,6904007606569
1427,0,0.00,7,245.00,7,35.00,245.00,0,0.00,6904007602035
1428,0,0.00,1,36.00,2,36.00,72.00,1,36.00,6904007602578
1429,0,0.00,0,0.00,1,36.00,36.00,1,36.00,6904007605920
1430,0,0.00,3,30.00,11,10.00,110.00,8,80.00,6904007607917
1431,0,0.00,-1,-8.90,-1,8.90,-8.90,0,0.00,6904007607900
1432,0,0.00,8,52.00,9,6.50,58.50,1,6.50,6904007608563
1433,0,0.00,9,58.50,14,6.50,91.00,5,32.50,6904007608570
1434,0,0.00,11,451.00,11,41.00,451.00,0,0.00,6904007610481
1435,0,0.00,1,10.00,1,10.00,10.00,0,0.00,6904007607924
1436,0,0.00,1,7.00,1,7.00,7.00,0,0.00,6904007605050
1437,0,0.00,6,228.00,13,38.00,494.00,7,266.00,6904007606606
1447,0,0.00,4,64.00,6,16.00,96.00,2,32.00,6904007608211
1449,0,0.00,48,312.00,72,6.50,468.00,24,156.00,3179730010591
1450,0,0.00,24,156.00,48,6.50,312.00,24,156.00,3179730010560
1451,0,0.00,116,754.00,116,6.50,754.00,0,0.00,3179730010041
1452,0,0.00,6,384.00,7,64.00,448.00,1,64.00,4891599331288
1453,0,0.00,7,633.50,7,90.50,633.50,0,0.00,6901808012483
1454,0,0.00,330,1221.00,372,3.70,1376.40,42,155.40,6901808188881
1455,0,0.00,34,81.60,35,2.40,84.00,1,2.40,6970783730132
1456,0,0.00,19,45.60,35,2.40,84.00,16,38.40,6970783730019
1457,0,0.00,43,150.50,44,3.50,154.00,1,3.50,6925303730574
1458,0,0.00,8,25.60,24,3.20,76.80,16,51.20,6956367338680
1459,0,0.00,129,670.80,133,5.20,691.60,4,20.80,3068320055008
1462,0,0.00,5,65.00,8,13.00,104.00,3,39.00,6971738655364
1463,0,0.00,0,0.00,3,18.00,54.00,3,54.00,6971738655333
1464,0,0.00,8,104.00,12,13.00,156.00,4,52.00,6971738655395
1465,0,0.00,2,26.00,8,13.00,104.00,6,78.00,6971738655371
1466,0,0.00,7,133.00,11,19.00,209.00,4,76.00,6971738656095
1467,12,432.00,13,468.00,3,36.00,108.00,2,72.00,6947773601949
1468,0,0.00,42,2100.00,55,50.00,2750.00,13,650.00,6947689112454
1469,0,0.00,18,324.00,25,18.00,450.00,7,126.00,6947689112102
1470,12,756.00,12,756.00,4,63.00,252.00,4,252.00,6976354450058
1471,10,170.00,10,170.00,2,17.00,34.00,2,34.00,6976354450034
1472,0,0.00,14,1050.00,15,75.00,1125.00,1,75.00,6957890900335
1473,0,0.00,23,2070.00,27,90.00,2430.00,4,360.00,6971881050238
1474,0,0.00,0,0.00,8,34.00,272.00,8,272.00,6958196800499
1475,0,0.00,2,104.00,24,52.00,1248.00,22,1144.00,6958196800338
1476,0,0.00,18,162.00,22,9.00,198.00,4,36.00,6921665714436
1486,0,0.00,16,160.00,18,10.00,180.00,2,20.00,6921665732577
1487,0,0.00,16,144.00,18,9.00,162.00,2,18.00,6921665714429
1488,0,0.00,46,3450.00,69,75.00,5175.00,23,1725.00,6971881050054
1489,0,0.00,11,297.00,11,27.00,297.00,0,0.00,4891913750351
1490,0,0.00,6,180.00,7,30.00,210.00,1,30.00,4891913367238
1491,0,0.00,26,390.00,42,15.00,630.00,16,240.00,6950327000884
1492,0,0.00,16,328.00,17,20.50,348.50,1,20.50,6950327001041
1493,0,0.00,15,292.50,20,19.50,390.00,5,97.50,6950327001058
1494,0,0.00,23,2369.00,31,103.00,3193.00,8,824.00,6957890900336
1495,0,0.00,22,3300.00,27,150.00,4050.00,5,750.00,6973820980132
1496,20,340.00,28,476.00,17,17.00,289.00,9,153.00,6945482421773
1497,0,0.00,13,624.00,13,48.00,624.00,0,0.00,6971081780034
1500,0,0.00,23,365.70,23,15.90,365.70,0,0.00,6975624410990
1501,0,0.00,16,254.40,16,15.90,254.40,0,0.00,6975624411003
1502,0,0.00,17,270.30,20,15.90,318.00,3,47.70,6975624411010
1503,0,0.00,19,193.80,20,10.20,204.00,1,10.20,6941297400217
1504,0,0.00,11,40.70,52,3.70,192.40,41,151.70,6947798800112
1505,0,0.00,43,232.20,44,5.40,237.60,1,5.40,6956405213610
1506,0,0.00,56,302.40,56,5.40,302.40,0,0.00,6956405213597
1507,0,0.00,34,183.60,42,5.40,226.80,8,43.20,6956405213627
1508,0,0.00,23,124.20,24,5.40,129.60,1,5.40,6956405213962
1509,0,0.00,26,140.40,34,5.40,183.60,8,43.20,6956405212927
1510,0,0.00,175,927.50,199,5.30,1054.70,24,127.20,6974197980008
1513,0,0.00,128,2048.00,204,16.00,3264.00,76,1216.00,6954113701504
1525,0,0.00,20,880.00,20,44.00,880.00,0,0.00,6972808387840
1526,0,0.00,15,1140.00,15,76.00,1140.00,0,0.00,6972808388960
1528,0,0.00,4,188.00,9,47.00,423.00,5,235.00,6939656100090
1529,12,234.00,11,214.50,0,19.50,0.00,1,19.50,6972808382180
1530,0,0.00,3,165.00,5,55.00,275.00,2,110.00,6972808380421
1531,12,264.00,12,264.00,0,22.00,0.00,0,0.00,6972808382401
1532,12,264.00,11,242.00,0,22.00,0.00,1,22.00,6972808382388
1533,0,0.00,15,705.00,17,47.00,799.00,2,94.00,6939656100663
1534,12,230.40,27,518.40,15,19.20,288.00,0,0.00,6973044387748
1535,24,460.80,24,460.80,1,19.20,19.20,1,19.20,6973044387731
1536,12,230.40,24,460.80,12,19.20,230.40,0,0.00,6973044387755
1538,0,0.00,4,148.80,5,37.20,186.00,1,37.20,6972808381145
1539,0,0.00,4,216.00,4,54.00,216.00,0,0.00,6972808381022
1541,20,1960.00,17,1666.00,0,98.00,0.00,3,294.00,6972808388922
1542,0,0.00,3,414.00,3,138.00,414.00,0,0.00,6972808380827
1543,0,0.00,23,2047.00,23,89.00,2047.00,0,0.00,6972808389516
1544,0,0.00,9,468.00,9,52.00,468.00,0,0.00,6972808381855
1545,0,0.00,6,936.00,6,156.00,936.00,0,0.00,6972808380865
1546,24,576.00,20,480.00,0,24.00,0.00,4,96.00,6972808381992
1549,0,0.00,155,9920.00,168,64.00,10752.00,13,832.00,6947475900913
1550,0,0.00,30,3420.00,31,114.00,3534.00,1,114.00,6947475903242
1551,0,0.00,53,3604.00,63,68.00,4284.00,10,680.00,6947475902405
1552,0,0.00,19,1900.00,20,100.00,2000.00,1,100.00,6970866090580
1553,0,0.00,10,650.00,11,65.00,715.00,1,65.00,6971947498264
1554,0,0.00,16,1360.00,16,85.00,1360.00,0,0.00,6971947498288
1564,0,0.00,23,1955.00,23,85.00,1955.00,0,0.00,6937191310844
1565,0,0.00,10,540.00,10,54.00,540.00,0,0.00,6970866090177
1566,0,0.00,10,1250.00,10,125.00,1250.00,0,0.00,6970866090597
1567,0,0.00,28,1904.00,29,68.00,1972.00,1,68.00,6944910358360
1568,0,0.00,15,1590.00,15,106.00,1590.00,0,0.00,8853969008035
1570,0,0.00,16,88.00,17,5.50,93.50,1,5.50,6922507804117
1571,0,0.00,59,206.50,70,3.50,245.00,11,38.50,6922507809754
1572,0,0.00,61,488.00,61,8.00,488.00,0,0.00,6922507821695
1573,0,0.00,34,272.00,38,8.00,304.00,4,32.00,6922507821688
1574,0,0.00,52,416.00,53,8.00,424.00,1,8.00,6922507821701
1575,0,0.00,42,462.00,43,11.00,473.00,1,11.00,6922507805022
1576,0,0.00,20,120.00,23,6.00,138.00,3,18.00,6922507823903
1577,0,0.00,72,720.00,75,10.00,750.00,3,30.00,6922507804087
1578,0,0.00,66,660.00,69,10.00,690.00,3,30.00,6922507800638
1579,0,0.00,96,960.00,99,10.00,990.00,3,30.00,6922507800621
1580,0,0.00,24,144.00,25,6.00,150.00,1,6.00,6922507823910
1581,0,0.00,18,1512.00,19,84.00,1596.00,1,84.00,6944910337563
1583,0,0.00,67,2479.00,80,37.00,2960.00,13,481.00,6944910355765
1584,0,0.00,16,208.00,20,13.00,260.00,4,52.00,6944910352412
1585,0,0.00,26,1014.00,28,39.00,1092.00,2,78.00,6974919372371
1586,0,0.00,5,275.00,5,55.00,275.00,0,0.00,6974919372364
1588,0,0.00,53,2915.00,61,55.00,3355.00,8,440.00,6970037311148
1589,0,0.00,8,576.00,9,72.00,648.00,1,72.00,6907992515533
1590,0,0.00,24,336.00,27,14.00,378.00,3,42.00,6922477411575
1591,0,0.00,22,308.00,24,14.00,336.00,2,28.00,6922477411551
1592,0,0.00,1,14.00,2,14.00,28.00,1,14.00,6922477411599
1593,0,0.00,30,420.00,37,14.00,518.00,7,98.00,6922477411544
1603,0,0.00,17,212.50,18,12.50,225.00,1,12.50,6922477400333
1604,0,0.00,22,275.00,24,12.50,300.00,2,25.00,6922477400524
1605,0,0.00,29,362.50,31,12.50,387.50,2,25.00,6922477400777
1606,0,0.00,12,186.00,22,15.50,341.00,10,155.00,6922477411087
1607,0,0.00,16,248.00,22,15.50,341.00,6,93.00,6922477411407
1608,0,0.00,9,75.60,11,8.40,92.40,2,16.80,6922477410547
1609,0,0.00,22,184.80,25,8.40,210.00,3,25.20,6922477410530
1610,0,0.00,27,226.80,27,8.40,226.80,0,0.00,6922477410523
1611,0,0.00,60,690.00,61,11.50,701.50,1,11.50,6922477400227
1612,0,0.00,42,798.00,48,19.00,912.00,6,114.00,6922477400685
1613,24,156.00,20,130.00,0,6.50,0.00,4,26.00,6971550820001
1614,12,120.00,9,90.00,0,10.00,0.00,3,30.00,6971550821107
1615,12,139.20,15,174.00,8,11.60,92.80,5,58.00,6971550820643
1616,12,139.20,11,127.60,3,11.60,34.80,4,46.40,6971550820650
1617,0,0.00,8,576.00,10,72.00,720.00,2,144.00,6907992518077
1618,0,0.00,5,390.00,6,78.00,468.00,1,78.00,6907992519241
1619,9,243.00,5,135.00,0,27.00,0.00,4,108.00,6924810822406
1620,15,180.00,12,144.00,0,12.00,0.00,3,36.00,6924810801838
1621,18,126.00,9,63.00,0,7.00,0.00,9,63.00,6924810824608
1622,12,372.00,6,186.00,-1,31.00,-31.00,5,155.00,6924810810014
1623,12,344.40,6,172.20,0,28.70,0.00,6,172.20,6924810822222
1624,9,240.30,6,160.20,0,26.70,0.00,3,80.10,6924810822376
1625,0,0.00,2,38.00,2,19.00,38.00,0,0.00,6924810812223
1626,8,152.00,4,76.00,-3,19.00,-57.00,1,19.00,6924810812216
1627,15,180.00,8,96.00,0,12.00,0.00,7,84.00,6924810801807
1628,0,0.00,25,1575.00,27,63.00,1701.00,2,126.00,6970037311421
1629,0,0.00,10,630.00,11,63.00,693.00,1,63.00,6970037311247
1630,0,0.00,64,2496.00,72,39.00,2808.00,8,312.00,6970037310158
1631,0,0.00,34,1904.00,44,56.00,2464.00,10,560.00,6970037314354
1632,30,2100.00,67,4690.00,53,70.00,3710.00,16,1120.00,6935739919337
1642,8,126.40,7,110.60,0,15.80,0.00,1,15.80,6928494805717
1643,12,117.60,9,88.20,2,9.80,19.60,5,49.00,6928494805250
1644,24,120.00,18,90.00,0,5.00,0.00,6,30.00,6971550820698
1645,8,121.60,3,45.60,0,15.20,0.00,5,76.00,6971550821114
1646,24,120.00,17,85.00,0,5.00,0.00,7,35.00,6971550821046
1647,8,121.60,3,45.60,0,15.20,0.00,5,76.00,6971550821121
1648,0,0.00,0,0.00,2,11.50,23.00,2,23.00,6928494806448
1649,12,117.60,10,98.00,0,9.80,0.00,2,19.60,6928494805267
1650,12,72.00,8,48.00,0,6.00,0.00,4,24.00,6941704425000
1651,12,174.00,6,87.00,0,14.50,0.00,6,87.00,6941704425017
1652,12,138.00,11,126.50,2,11.50,23.00,3,34.50,6971550820599
1653,0,0.00,22,1452.00,24,66.00,1584.00,2,132.00,6907992514178
1654,0,0.00,4,216.00,7,54.00,378.00,3,162.00,6907992518992
1655,0,0.00,18,1008.00,21,56.00,1176.00,3,168.00,6907992514406
1656,0,0.00,18,1026.00,22,57.00,1254.00,4,228.00,6907992513829
1657,0,0.00,16,880.00,17,55.00,935.00,1,55.00,6907992512761
1658,0,0.00,27,1431.00,33,53.00,1749.00,6,318.00,6907992513157
1659,0,0.00,18,1170.00,18,65.00,1170.00,0,0.00,6907992516691
1661,0,0.00,59,5841.00,61,99.00,6039.00,2,198.00,6941499119399
1662,0,0.00,13,1144.00,13,88.00,1144.00,0,0.00,6943844176132
1663,0,0.00,16,1056.00,16,66.00,1056.00,0,0.00,6939743610686
1664,0,0.00,7,784.00,7,112.00,784.00,0,0.00,6943844176118
1665,0,0.00,11,1298.00,11,118.00,1298.00,0,0.00,8411342000177
1666,0,0.00,3,447.00,3,149.00,447.00,0,0.00,6941499122382
1667,0,0.00,3,498.00,3,166.00,498.00,0,0.00,6941499115070
